id,type,created_at,structured_fields,free_text_reason,is_override,status
DEC000001,purchase_order,2025-04-01,"{""item_id"": ""SKU010"", ""supplier_id"": ""SUP006"", ""order_qty"": 365, ""unit_cost"": 445.29, ""system_suggestion_qty"": 365, ""deviation_qty"": 0}",,False,placed
DEC000002,purchase_order,2025-04-01,"{""item_id"": ""SKU018"", ""supplier_id"": ""SUP003"", ""order_qty"": 1071, ""unit_cost"": 1204.32, ""system_suggestion_qty"": 1071, ""deviation_qty"": 0}",,False,placed
DEC000003,purchase_order,2025-04-01,"{""item_id"": ""SKU029"", ""supplier_id"": ""SUP006"", ""order_qty"": 1040, ""unit_cost"": 1866.87, ""system_suggestion_qty"": 1040, ""deviation_qty"": 0}",,False,placed
DEC000004,purchase_order,2025-04-02,"{""item_id"": ""SKU004"", ""supplier_id"": ""SUP003"", ""order_qty"": 1148, ""unit_cost"": 1370.65, ""system_suggestion_qty"": 1148, ""deviation_qty"": 0}",,False,placed
DEC000005,purchase_order,2025-04-02,"{""item_id"": ""SKU007"", ""supplier_id"": ""SUP003"", ""order_qty"": 948, ""unit_cost"": 1528.58, ""system_suggestion_qty"": 948, ""deviation_qty"": 0}",,False,placed
DEC000006,purchase_order,2025-04-03,"{""item_id"": ""SKU003"", ""supplier_id"": ""SUP002"", ""order_qty"": 736, ""unit_cost"": 1604.8, ""system_suggestion_qty"": 1120, ""deviation_qty"": -384, ""true_assumptions"": {""lead_time_days"": {""op"": ""<="", ""value"": 18, ""observed_value"": 14, ""entity"": ""supplier:SUP002""}, ""stock_qty"": {""op"": ""<"", ""value"": 1543, ""observed_value"": 1479, ""entity"": ""item:SKU003""}}}","Stock tight hai, lead time stays under 18 days; stock below 1543. Saxena LLC se baat hui.",True,placed
DEC000007,purchase_order,2025-04-05,"{""item_id"": ""SKU028"", ""supplier_id"": ""SUP006"", ""order_qty"": 810, ""unit_cost"": 1003.36, ""system_suggestion_qty"": 810, ""deviation_qty"": 0}",,False,placed
DEC000008,purchase_order,2025-04-05,"{""item_id"": ""SKU049"", ""supplier_id"": ""SUP006"", ""order_qty"": 507, ""unit_cost"": 2340.14, ""system_suggestion_qty"": 507, ""deviation_qty"": 0}",,False,placed
DEC000009,purchase_order,2025-04-06,"{""item_id"": ""SKU014"", ""supplier_id"": ""SUP002"", ""order_qty"": 672, ""unit_cost"": 697.4, ""system_suggestion_qty"": 672, ""deviation_qty"": 0}",,False,placed
DEC000010,purchase_order,2025-04-06,"{""item_id"": ""SKU040"", ""supplier_id"": ""SUP008"", ""order_qty"": 1176, ""unit_cost"": 420.47, ""system_suggestion_qty"": 1176, ""deviation_qty"": 0}",,False,placed
DEC000011,purchase_order,2025-04-08,"{""item_id"": ""SKU026"", ""supplier_id"": ""SUP005"", ""order_qty"": 1848, ""unit_cost"": 1793.81, ""system_suggestion_qty"": 1540, ""deviation_qty"": 308, ""true_assumptions"": {""lead_time_days"": {""op"": ""<="", ""value"": 9, ""observed_value"": 6, ""entity"": ""supplier:SUP005""}, ""supplier_risk"": {""field"": ""strike_status"", ""op"": ""=="", ""value"": ""clear"", ""observed_value"": ""clear"", ""entity"": ""supplier:SUP005""}}}",OK to proceed for now. lead time stays under 9 days + strike status is clear,True,placed
DEC000012,purchase_order,2025-04-08,"{""item_id"": ""SKU035"", ""supplier_id"": ""SUP004"", ""order_qty"": 920, ""unit_cost"": 1819.58, ""system_suggestion_qty"": 598, ""deviation_qty"": 322, ""true_assumptions"": {""forecast_qty"": {""op"": "">="", ""value"": 186, ""observed_value"": 234, ""entity"": ""item:SKU035:week:2025-04-07""}, ""lead_time_days"": {""op"": ""<="", ""value"": 14, ""observed_value"": 10, ""entity"": ""supplier:SUP004""}}}",Please keep this PO open; forecast around 186+ units and lead time stays under 14 days. Shere Inc said they'll manage.,True,placed
DEC000013,purchase_order,2025-04-09,"{""item_id"": ""SKU031"", ""supplier_id"": ""SUP003"", ""order_qty"": 1224, ""unit_cost"": 1541.68, ""system_suggestion_qty"": 1224, ""deviation_qty"": 0}",,False,placed
DEC000014,purchase_order,2025-04-09,"{""item_id"": ""SKU043"", ""supplier_id"": ""SUP001"", ""order_qty"": 1045, ""unit_cost"": 964.56, ""system_suggestion_qty"": 855, ""deviation_qty"": 190, ""true_assumptions"": {""supplier_risk"": {""field"": ""strike_status"", ""op"": ""=="", ""value"": ""clear"", ""observed_value"": ""clear"", ""entity"": ""supplier:SUP001""}, ""stock_qty"": {""op"": ""<"", ""value"": 572, ""observed_value"": 499, ""entity"": ""item:SKU043""}}}","Stock tight hai, strike status is clear; stock below 572. Mammen, Balay and Kala se baat hui.",True,placed
DEC000015,purchase_order,2025-04-10,"{""item_id"": ""SKU017"", ""supplier_id"": ""SUP003"", ""order_qty"": 414, ""unit_cost"": 282.55, ""system_suggestion_qty"": 414, ""deviation_qty"": 0}",,False,placed
DEC000016,purchase_order,2025-04-10,"{""item_id"": ""SKU019"", ""supplier_id"": ""SUP009"", ""order_qty"": 352, ""unit_cost"": 1557.16, ""system_suggestion_qty"": 352, ""deviation_qty"": 0}",,False,placed
DEC000017,purchase_order,2025-04-10,"{""item_id"": ""SKU022"", ""supplier_id"": ""SUP008"", ""order_qty"": 294, ""unit_cost"": 1969.17, ""system_suggestion_qty"": 294, ""deviation_qty"": 0}",,False,placed
DEC000018,purchase_order,2025-04-11,"{""item_id"": ""SKU008"", ""supplier_id"": ""SUP004"", ""order_qty"": 1012, ""unit_cost"": 1476.92, ""system_suggestion_qty"": 1012, ""deviation_qty"": 0}",,False,placed
DEC000019,purchase_order,2025-04-11,"{""item_id"": ""SKU021"", ""supplier_id"": ""SUP007"", ""order_qty"": 510, ""unit_cost"": 2115.76, ""system_suggestion_qty"": 510, ""deviation_qty"": 0}",,False,placed
DEC000020,purchase_order,2025-04-11,"{""item_id"": ""SKU036"", ""supplier_id"": ""SUP009"", ""order_qty"": 1089, ""unit_cost"": 1566.21, ""system_suggestion_qty"": 1089, ""deviation_qty"": 0}",,False,placed
DEC000021,purchase_order,2025-04-11,"{""item_id"": ""SKU044"", ""supplier_id"": ""SUP003"", ""order_qty"": 273, ""unit_cost"": 81.21, ""system_suggestion_qty"": 312, ""deviation_qty"": -39, ""true_assumptions"": {""lead_time_days"": {""op"": ""<="", ""value"": 18, ""observed_value"": 13, ""entity"": ""supplier:SUP003""}, ""stock_qty"": {""op"": ""<"", ""value"": 400, ""observed_value"": 345, ""entity"": ""item:SKU044""}}}",OK to proceed for now. lead time stays under 18 days + stock below 400,True,placed
DEC000022,purchase_order,2025-04-12,"{""item_id"": ""SKU003"", ""supplier_id"": ""SUP002"", ""order_qty"": 1088, ""unit_cost"": 1604.8, ""system_suggestion_qty"": 1088, ""deviation_qty"": 0}",,False,placed
DEC000023,purchase_order,2025-04-12,"{""item_id"": ""SKU023"", ""supplier_id"": ""SUP010"", ""order_qty"": 768, ""unit_cost"": 226.74, ""system_suggestion_qty"": 768, ""deviation_qty"": 0}",,False,placed
DEC000024,purchase_order,2025-04-13,"{""item_id"": ""SKU042"", ""supplier_id"": ""SUP004"", ""order_qty"": 1118, ""unit_cost"": 403.93, ""system_suggestion_qty"": 1118, ""deviation_qty"": 0}",,False,placed
DEC000025,purchase_order,2025-04-14,"{""item_id"": ""SKU009"", ""supplier_id"": ""SUP003"", ""order_qty"": 356, ""unit_cost"": 828.18, ""system_suggestion_qty"": 356, ""deviation_qty"": 0}",,False,placed
DEC000026,purchase_order,2025-04-15,"{""item_id"": ""SKU029"", ""supplier_id"": ""SUP006"", ""order_qty"": 1144, ""unit_cost"": 1866.87, ""system_suggestion_qty"": 936, ""deviation_qty"": 208, ""true_assumptions"": {""lead_time_days"": {""op"": ""<="", ""value"": 19, ""observed_value"": 15, ""entity"": ""supplier:SUP006""}, ""supplier_risk"": {""field"": ""strike_status"", ""op"": ""=="", ""value"": ""clear"", ""observed_value"": ""clear"", ""entity"": ""supplier:SUP006""}}}","Stock tight hai, lead time stays under 19 days; strike status is clear. Bhardwaj and Sons se baat hui.",True,placed
DEC000027,purchase_order,2025-04-15,"{""item_id"": ""SKU034"", ""supplier_id"": ""SUP006"", ""order_qty"": 912, ""unit_cost"": 376.27, ""system_suggestion_qty"": 608, ""deviation_qty"": 304, ""true_assumptions"": {""stock_qty"": {""op"": ""<"", ""value"": 934, ""observed_value"": 864, ""entity"": ""item:SKU034""}, ""forecast_qty"": {""op"": "">="", ""value"": 270, ""observed_value"": 350, ""entity"": ""item:SKU034:week:2025-04-14""}}}",Please keep this PO open; stock below 934 and forecast around 270+ units. Bhardwaj and Sons said they'll manage.,True,placed
DEC000028,purchase_order,2025-04-16,"{""item_id"": ""SKU038"", ""supplier_id"": ""SUP001"", ""order_qty"": 1593, ""unit_cost"": 2114.9, ""system_suggestion_qty"": 1298, ""deviation_qty"": 295, ""true_assumptions"": {""supplier_risk"": {""field"": ""strike_status"", ""op"": ""=="", ""value"": ""clear"", ""observed_value"": ""clear"", ""entity"": ""supplier:SUP001""}, ""lead_time_days"": {""op"": ""<="", ""value"": 9, ""observed_value"": 8, ""entity"": ""supplier:SUP001""}}}",OK to proceed for now. strike status is clear + lead time stays under 9 days,True,placed
DEC000029,purchase_order,2025-04-17,"{""item_id"": ""SKU006"", ""supplier_id"": ""SUP010"", ""order_qty"": 424, ""unit_cost"": 256.2, ""system_suggestion_qty"": 530, ""deviation_qty"": -106, ""true_assumptions"": {""stock_qty"": {""op"": ""<"", ""value"": 330, ""observed_value"": 306, ""entity"": ""item:SKU006""}, ""forecast_qty"": {""op"": "">="", ""value"": 119, ""observed_value"": 144, ""entity"": ""item:SKU006:week:2025-04-14""}}}",Need this covered: stock below 330 / forecast around 119+ units. Pls check again next week.,True,placed
DEC000030,purchase_order,2025-04-17,"{""item_id"": ""SKU010"", ""supplier_id"": ""SUP006"", ""order_qty"": 292, ""unit_cost"": 445.29, ""system_suggestion_qty"": 292, ""deviation_qty"": 0, ""true_assumptions"": {""forecast_qty"": {""op"": "">="", ""value"": 79, ""observed_value"": 114, ""entity"": ""item:SKU010:week:2025-04-14""}, ""lead_time_days"": {""op"": ""<="", ""value"": 16, ""observed_value"": 15, ""entity"": ""supplier:SUP006""}}}",OK to proceed for now. forecast around 79+ units + lead time stays under 16 days,True,placed
DEC000031,purchase_order,2025-04-17,"{""item_id"": ""SKU012"", ""supplier_id"": ""SUP009"", ""order_qty"": 656, ""unit_cost"": 477.23, ""system_suggestion_qty"": 656, ""deviation_qty"": 0}",,False,placed
DEC000032,purchase_order,2025-04-17,"{""item_id"": ""SKU015"", ""supplier_id"": ""SUP009"", ""order_qty"": 1024, ""unit_cost"": 1092.68, ""system_suggestion_qty"": 672, ""deviation_qty"": 352, ""true_assumptions"": {""supplier_risk"": {""field"": ""strike_status"", ""op"": ""=="", ""value"": ""clear"", ""observed_value"": ""clear"", ""entity"": ""supplier:SUP009""}, ""forecast_qty"": {""op"": "">="", ""value"": 197, ""observed_value"": 239, ""entity"": ""item:SKU015:week:2025-04-14""}}}","Stock tight hai, strike status is clear; forecast around 197+ units. Joshi and Sons se baat hui.",True,placed
DEC000033,purchase_order,2025-04-17,"{""item_id"": ""SKU018"", ""supplier_id"": ""SUP003"", ""order_qty"": 1071, ""unit_cost"": 1204.32, ""system_suggestion_qty"": 1071, ""deviation_qty"": 0}",,False,placed
DEC000034,purchase_order,2025-04-17,"{""item_id"": ""SKU030"", ""supplier_id"": ""SUP001"", ""order_qty"": 440, ""unit_cost"": 221.91, ""system_suggestion_qty"": 440, ""deviation_qty"": 0}",,False,placed
DEC000035,purchase_order,2025-04-17,"{""item_id"": ""SKU048"", ""supplier_id"": ""SUP004"", ""order_qty"": 608, ""unit_cost"": 2323.67, ""system_suggestion_qty"": 836, ""deviation_qty"": -228, ""true_assumptions"": {""stock_qty"": {""op"": ""<"", ""value"": 759, ""observed_value"": 689, ""entity"": ""item:SKU048""}, ""forecast_qty"": {""op"": "">="", ""value"": 202, ""observed_value"": 228, ""entity"": ""item:SKU048:week:2025-04-14""}}}",Please keep this PO open; stock below 759 and forecast around 202+ units. Shere Inc said they'll manage.,True,placed
DEC000036,purchase_order,2025-04-18,"{""item_id"": ""SKU001"", ""supplier_id"": ""SUP002"", ""order_qty"": 225, ""unit_cost"": 1832.54, ""system_suggestion_qty"": 225, ""deviation_qty"": 0}",,False,placed
DEC000037,purchase_order,2025-04-18,"{""item_id"": ""SKU004"", ""supplier_id"": ""SUP003"", ""order_qty"": 1394, ""unit_cost"": 1370.65, ""system_suggestion_qty"": 1148, ""deviation_qty"": 246, ""true_assumptions"": {""supplier_risk"": {""field"": ""strike_status"", ""op"": ""=="", ""value"": ""clear"", ""observed_value"": ""clear"", ""entity"": ""supplier:SUP003""}, ""lead_time_days"": {""op"": ""<="", ""value"": 14, ""observed_value"": 13, ""entity"": ""supplier:SUP003""}}}","Stock tight hai, strike status is clear; lead time stays under 14 days. Hayre, Nayak and Vaidya se baat hui.",True,placed
DEC000038,purchase_order,2025-04-18,"{""item_id"": ""SKU005"", ""supplier_id"": ""SUP008"", ""order_qty"": 408, ""unit_cost"": 1012.33, ""system_suggestion_qty"": 510, ""deviation_qty"": -102, ""true_assumptions"": {""stock_qty"": {""op"": ""<"", ""value"": 337, ""observed_value"": 311, ""entity"": ""item:SKU005""}, ""forecast_qty"": {""op"": "">="", ""value"": 104, ""observed_value"": 163, ""entity"": ""item:SKU005:week:2025-04-14""}}}",OK to proceed for now. stock below 337 + forecast around 104+ units,True,placed
DEC000039,purchase_order,2025-04-18,"{""item_id"": ""SKU020"", ""supplier_id"": ""SUP006"", ""order_qty"": 816, ""unit_cost"": 695.45, ""system_suggestion_qty"": 816, ""deviation_qty"": 0}",,False,placed
DEC000040,purchase_order,2025-04-19,"{""item_id"": ""SKU002"", ""supplier_id"": ""SUP005"", ""order_qty"": 960, ""unit_cost"": 1334.03, ""system_suggestion_qty"": 960, ""deviation_qty"": 0}",,False,placed
DEC000041,purchase_order,2025-04-19,"{""item_id"": ""SKU007"", ""supplier_id"": ""SUP003"", ""order_qty"": 711, ""unit_cost"": 1528.58, ""system_suggestion_qty"": 1027, ""deviation_qty"": -316, ""true_assumptions"": {""stock_qty"": {""op"": ""<"", ""value"": 1288, ""observed_value"": 1172, ""entity"": ""item:SKU007""}, ""supplier_risk"": {""field"": ""strike_status"", ""op"": ""=="", ""value"": ""clear"", ""observed_value"": ""clear"", ""entity"": ""supplier:SUP003""}}}","Stock tight hai, stock below 1288; strike status is clear. Hayre, Nayak and Vaidya se baat hui.",True,placed
DEC000042,purchase_order,2025-04-19,"{""item_id"": ""SKU028"", ""supplier_id"": ""SUP006"", ""order_qty"": 864, ""unit_cost"": 1003.36, ""system_suggestion_qty"": 864, ""deviation_qty"": 0}",,False,placed
DEC000043,purchase_order,2025-04-19,"{""item_id"": ""SKU049"", ""supplier_id"": ""SUP006"", ""order_qty"": 780, ""unit_cost"": 2340.14, ""system_suggestion_qty"": 507, ""deviation_qty"": 273, ""true_assumptions"": {""lead_time_days"": {""op"": ""<="", ""value"": 16, ""observed_value"": 15, ""entity"": ""supplier:SUP006""}, ""forecast_qty"": {""op"": "">="", ""value"": 209, ""observed_value"": 295, ""entity"": ""item:SKU049:week:2025-04-14""}}}","Urgent, don't hold it up. lead time stays under 16 days.",True,placed
DEC000044,purchase_order,2025-04-20,"{""item_id"": ""SKU027"", ""supplier_id"": ""SUP006"", ""order_qty"": 969, ""unit_cost"": 1224.01, ""system_suggestion_qty"": 646, ""deviation_qty"": 323, ""true_assumptions"": {""supplier_risk"": {""field"": ""strike_status"", ""op"": ""=="", ""value"": ""clear"", ""observed_value"": ""clear"", ""entity"": ""supplier:SUP006""}, ""stock_qty"": {""op"": ""<"", ""value"": 1130, ""observed_value"": 1011, ""entity"": ""item:SKU027""}}}",Need this covered: strike status is clear / stock below 1130. Pls check again next week.,True,placed
DEC000045,purchase_order,2025-04-20,"{""item_id"": ""SKU037"", ""supplier_id"": ""SUP002"", ""order_qty"": 294, ""unit_cost"": 1626.28, ""system_suggestion_qty"": 336, ""deviation_qty"": -42, ""true_assumptions"": {""supplier_risk"": {""field"": ""strike_status"", ""op"": ""=="", ""value"": ""clear"", ""observed_value"": ""clear"", ""entity"": ""supplier:SUP002""}, ""stock_qty"": {""op"": ""<"", ""value"": 454, ""observed_value"": 439, ""entity"": ""item:SKU037""}}}",OK to proceed for now. strike status is clear + stock below 454,True,placed
DEC000046,purchase_order,2025-04-20,"{""item_id"": ""SKU050"", ""supplier_id"": ""SUP004"", ""order_qty"": 836, ""unit_cost"": 589.37, ""system_suggestion_qty"": 684, ""deviation_qty"": 152, ""true_assumptions"": {""supplier_risk"": {""field"": ""strike_status"", ""op"": ""=="", ""value"": ""clear"", ""observed_value"": ""clear"", ""entity"": ""supplier:SUP004""}, ""stock_qty"": {""op"": ""<"", ""value"": 715, ""observed_value"": 600, ""entity"": ""item:SKU050""}}}","Stock tight hai, strike status is clear; stock below 715. Shere Inc se baat hui.",True,placed
DEC000047,purchase_order,2025-04-21,"{""item_id"": ""SKU011"", ""supplier_id"": ""SUP001"", ""order_qty"": 1340, ""unit_cost"": 2343.47, ""system_suggestion_qty"": 1340, ""deviation_qty"": 0}",,False,placed
DEC000048,purchase_order,2025-04-21,"{""item_id"": ""SKU013"", ""supplier_id"": ""SUP007"", ""order_qty"": 696, ""unit_cost"": 459.71, ""system_suggestion_qty"": 580, ""deviation_qty"": 116, ""true_assumptions"": {""supplier_risk"": {""field"": ""strike_status"", ""op"": ""=="", ""value"": ""clear"", ""observed_value"": ""clear"", ""entity"": ""supplier:SUP007""}, ""forecast_qty"": {""op"": "">="", ""value"": 219, ""observed_value"": 354, ""entity"": ""item:SKU013:week:2025-04-21""}}}",OK to proceed for now. strike status is clear + forecast around 219+ units,True,placed
DEC000049,purchase_order,2025-04-21,"{""item_id"": ""SKU014"", ""supplier_id"": ""SUP002"", ""order_qty"": 630, ""unit_cost"": 697.4, ""system_suggestion_qty"": 630, ""deviation_qty"": 0}",,False,placed
DEC000050,purchase_order,2025-04-22,"{""item_id"": ""SKU032"", ""supplier_id"": ""SUP008"", ""order_qty"": 1496, ""unit_cost"": 60.16, ""system_suggestion_qty"": 1496, ""deviation_qty"": 0}",,False,placed
DEC000051,purchase_order,2025-04-22,"{""item_id"": ""SKU039"", ""supplier_id"": ""SUP008"", ""order_qty"": 638, ""unit_cost"": 302.78, ""system_suggestion_qty"": 638, ""deviation_qty"": 0}",,False,placed
DEC000052,purchase_order,2025-04-22,"{""item_id"": ""SKU047"", ""supplier_id"": ""SUP010"", ""order_qty"": 1008, ""unit_cost"": 1256.36, ""system_suggestion_qty"": 1008, ""deviation_qty"": 0}",,False,placed
DEC000053,purchase_order,2025-04-23,"{""item_id"": ""SKU021"", ""supplier_id"": ""SUP007"", ""order_qty"": 510, ""unit_cost"": 2115.76, ""system_suggestion_qty"": 510, ""deviation_qty"": 0}",,False,placed
DEC000054,purchase_order,2025-04-23,"{""item_id"": ""SKU025"", ""supplier_id"": ""SUP008"", ""order_qty"": 1209, ""unit_cost"": 98.49, ""system_suggestion_qty"": 1209, ""deviation_qty"": 0}",,False,placed
DEC000055,purchase_order,2025-04-23,"{""item_id"": ""SKU031"", ""supplier_id"": ""SUP003"", ""order_qty"": 1188, ""unit_cost"": 1541.68, ""system_suggestion_qty"": 1188, ""deviation_qty"": 0}",,False,placed
DEC000056,purchase_order,2025-04-23,"{""item_id"": ""SKU041"", ""supplier_id"": ""SUP005"", ""order_qty"": 1102, ""unit_cost"": 1913.43, ""system_suggestion_qty"": 1102, ""deviation_qty"": 0}",,False,placed
DEC000057,purchase_order,2025-04-24,"{""item_id"": ""SKU024"", ""supplier_id"": ""SUP009"", ""order_qty"": 744, ""unit_cost"": 2022.9, ""system_suggestion_qty"": 744, ""deviation_qty"": 0}",,False,placed
DEC000058,purchase_order,2025-04-24,"{""item_id"": ""SKU045"", ""supplier_id"": ""SUP004"", ""order_qty"": 1156, ""unit_cost"": 259.74, ""system_suggestion_qty"": 1428, ""deviation_qty"": -272, ""true_assumptions"": {""supplier_risk"": {""field"": ""strike_status"", ""op"": ""=="", ""value"": ""clear"", ""observed_value"": ""clear"", ""entity"": ""supplier:SUP004""}, ""forecast_qty"": {""op"": "">="", ""value"": 338, ""observed_value"": 434, ""entity"": ""item:SKU045:week:2025-04-21""}}}","Stock tight hai, strike status is clear; forecast around 338+ units. Shere Inc se baat hui.",True,placed
DEC000059,purchase_order,2025-04-24,"{""item_id"": ""SKU046"", ""supplier_id"": ""SUP004"", ""order_qty"": 700, ""unit_cost"": 1554.94, ""system_suggestion_qty"": 455, ""deviation_qty"": 245, ""true_assumptions"": {""forecast_qty"": {""op"": "">="", ""value"": 158, ""observed_value"": 229, ""entity"": ""item:SKU046:week:2025-04-21""}, ""stock_qty"": {""op"": ""<"", ""value"": 429, ""observed_value"": 401, ""entity"": ""item:SKU046""}}}","Urgent, don't hold it up. forecast around 158+ units.",True,placed
DEC000060,purchase_order,2025-04-27,"{""item_id"": ""SKU003"", ""supplier_id"": ""SUP002"", ""order_qty"": 1088, ""unit_cost"": 1604.8, ""system_suggestion_qty"": 1088, ""deviation_qty"": 0}",,False,placed
DEC000061,purchase_order,2025-04-27,"{""item_id"": ""SKU017"", ""supplier_id"": ""SUP003"", ""order_qty"": 414, ""unit_cost"": 282.55, ""system_suggestion_qty"": 414, ""deviation_qty"": 0}",,False,placed
DEC000062,purchase_order,2025-04-27,"{""item_id"": ""SKU040"", ""supplier_id"": ""SUP008"", ""order_qty"": 1176, ""unit_cost"": 420.47, ""system_suggestion_qty"": 1176, ""deviation_qty"": 0}",,False,placed
DEC000063,purchase_order,2025-04-27,"{""item_id"": ""SKU044"", ""supplier_id"": ""SUP003"", ""order_qty"": 195, ""unit_cost"": 81.21, ""system_suggestion_qty"": 273, ""deviation_qty"": -78, ""true_assumptions"": {""stock_qty"": {""op"": ""<"", ""value"": 426, ""observed_value"": 357, ""entity"": ""item:SKU044""}, ""supplier_risk"": {""field"": ""strike_status"", ""op"": ""=="", ""value"": ""clear"", ""observed_value"": ""clear"", ""entity"": ""supplier:SUP003""}}}","Urgent, don't hold it up. stock below 426.",True,placed
DEC000064,purchase_order,2025-04-28,"{""item_id"": ""SKU016"", ""supplier_id"": ""SUP005"", ""order_qty"": 444, ""unit_cost"": 207.68, ""system_suggestion_qty"": 296, ""deviation_qty"": 148, ""true_assumptions"": {""forecast_qty"": {""op"": "">="", ""value"": 81, ""observed_value"": 102, ""entity"": ""item:SKU016:week:2025-04-28""}, ""stock_qty"": {""op"": ""<"", ""value"": 181, ""observed_value"": 167, ""entity"": ""item:SKU016""}}}",Please keep this PO open; forecast around 81+ units and stock below 181. Ratti-Wable said they'll manage.,True,placed
DEC000065,purchase_order,2025-04-28,"{""item_id"": ""SKU019"", ""supplier_id"": ""SUP009"", ""order_qty"": 352, ""unit_cost"": 1557.16, ""system_suggestion_qty"": 352, ""deviation_qty"": 0}",,False,placed
DEC000066,purchase_order,2025-04-28,"{""item_id"": ""SKU033"", ""supplier_id"": ""SUP008"", ""order_qty"": 1180, ""unit_cost"": 1129.45, ""system_suggestion_qty"": 1180, ""deviation_qty"": 0}",,False,placed
DEC000067,purchase_order,2025-04-30,"{""item_id"": ""SKU007"", ""supplier_id"": ""SUP003"", ""order_qty"": 948, ""unit_cost"": 1528.58, ""system_suggestion_qty"": 948, ""deviation_qty"": 0}",,False,placed
DEC000068,purchase_order,2025-04-30,"{""item_id"": ""SKU008"", ""supplier_id"": ""SUP004"", ""order_qty"": 736, ""unit_cost"": 1476.92, ""system_suggestion_qty"": 920, ""deviation_qty"": -184, ""true_assumptions"": {""supplier_risk"": {""field"": ""strike_status"", ""op"": ""=="", ""value"": ""clear"", ""observed_value"": ""clear"", ""entity"": ""supplier:SUP004""}, ""lead_time_days"": {""op"": ""<="", ""value"": 14, ""observed_value"": 10, ""entity"": ""supplier:SUP004""}}}",OK to proceed for now. strike status is clear + lead time stays under 14 days,True,placed
DEC000069,purchase_order,2025-04-30,"{""item_id"": ""SKU036"", ""supplier_id"": ""SUP009"", ""order_qty"": 990, ""unit_cost"": 1566.21, ""system_suggestion_qty"": 990, ""deviation_qty"": 0}",,False,placed
DEC000070,purchase_order,2025-04-30,"{""item_id"": ""SKU048"", ""supplier_id"": ""SUP004"", ""order_qty"": 608, ""unit_cost"": 2323.67, ""system_suggestion_qty"": 836, ""deviation_qty"": -228, ""true_assumptions"": {""supplier_risk"": {""field"": ""strike_status"", ""op"": ""=="", ""value"": ""clear"", ""observed_value"": ""clear"", ""entity"": ""supplier:SUP004""}, ""forecast_qty"": {""op"": "">="", ""value"": 259, ""observed_value"": 406, ""entity"": ""item:SKU048:week:2025-04-28""}}}","Stock tight hai, strike status is clear; forecast around 259+ units. Shere Inc se baat hui.",True,placed
DEC000071,purchase_order,2025-05-01,"{""item_id"": ""SKU010"", ""supplier_id"": ""SUP006"", ""order_qty"": 292, ""unit_cost"": 445.29, ""system_suggestion_qty"": 365, ""deviation_qty"": -73, ""true_assumptions"": {""lead_time_days"": {""op"": ""<="", ""value"": 19, ""observed_value"": 15, ""entity"": ""supplier:SUP006""}, ""forecast_qty"": {""op"": "">="", ""value"": 151, ""observed_value"": 225, ""entity"": ""item:SKU010:week:2025-04-28""}}}","Urgent, don't hold it up. lead time stays under 19 days.",True,placed
DEC000072,purchase_order,2025-05-01,"{""item_id"": ""SKU022"", ""supplier_id"": ""SUP008"", ""order_qty"": 294, ""unit_cost"": 1969.17, ""system_suggestion_qty"": 294, ""deviation_qty"": 0, ""true_assumptions"": {""stock_qty"": {""op"": ""<"", ""value"": 211, ""observed_value"": 178, ""entity"": ""item:SKU022""}, ""supplier_risk"": {""field"": ""strike_status"", ""op"": ""=="", ""value"": ""clear"", ""observed_value"": ""clear"", ""entity"": ""supplier:SUP008""}}}","Urgent, don't hold it up. stock below 211.",True,placed
DEC000073,purchase_order,2025-05-01,"{""item_id"": ""SKU029"", ""supplier_id"": ""SUP006"", ""order_qty"": 858, ""unit_cost"": 1866.87, ""system_suggestion_qty"": 858, ""deviation_qty"": 0}",,False,placed
DEC000074,purchase_order,2025-05-02,"{""item_id"": ""SKU009"", ""supplier_id"": ""SUP003"", ""order_qty"": 445, ""unit_cost"": 828.18, ""system_suggestion_qty"": 356, ""deviation_qty"": 89, ""true_assumptions"": {""lead_time_days"": {""op"": ""<="", ""value"": 18, ""observed_value"": 13, ""entity"": ""supplier:SUP003""}, ""forecast_qty"": {""op"": "">="", ""value"": 165, ""observed_value"": 184, ""entity"": ""item:SKU009:week:2025-04-28""}}}","Please keep this PO open; lead time stays under 18 days and forecast around 165+ units. Hayre, Nayak and Vaidya said they'll manage.",True,placed
DEC000075,purchase_order,2025-05-02,"{""item_id"": ""SKU018"", ""supplier_id"": ""SUP003"", ""order_qty"": 765, ""unit_cost"": 1204.32, ""system_suggestion_qty"": 1122, ""deviation_qty"": -357, ""true_assumptions"": {""supplier_risk"": {""field"": ""strike_status"", ""op"": ""=="", ""value"": ""clear"", ""observed_value"": ""clear"", ""entity"": ""supplier:SUP003""}, ""lead_time_days"": {""op"": ""<="", ""value"": 18, ""observed_value"": 13, ""entity"": ""supplier:SUP003""}}}","Please keep this PO open; strike status is clear and lead time stays under 18 days. Hayre, Nayak and Vaidya said they'll manage.",True,placed
DEC000076,purchase_order,2025-05-02,"{""item_id"": ""SKU020"", ""supplier_id"": ""SUP006"", ""order_qty"": 884, ""unit_cost"": 695.45, ""system_suggestion_qty"": 884, ""deviation_qty"": 0}",,False,placed
DEC000077,purchase_order,2025-05-02,"{""item_id"": ""SKU028"", ""supplier_id"": ""SUP006"", ""order_qty"": 864, ""unit_cost"": 1003.36, ""system_suggestion_qty"": 864, ""deviation_qty"": 0}",,False,placed
DEC000078,purchase_order,2025-05-02,"{""item_id"": ""SKU042"", ""supplier_id"": ""SUP004"", ""order_qty"": 774, ""unit_cost"": 403.93, ""system_suggestion_qty"": 1161, ""deviation_qty"": -387, ""true_assumptions"": {""lead_time_days"": {""op"": ""<="", ""value"": 12, ""observed_value"": 10, ""entity"": ""supplier:SUP004""}, ""stock_qty"": {""op"": ""<"", ""value"": 1021, ""observed_value"": 959, ""entity"": ""item:SKU042""}}}",Please keep this PO open; lead time stays under 12 days and stock below 1021. Shere Inc said they'll manage.,True,placed
DEC000079,purchase_order,2025-05-03,"{""item_id"": ""SKU001"", ""supplier_id"": ""SUP002"", ""order_qty"": 225, ""unit_cost"": 1832.54, ""system_suggestion_qty"": 225, ""deviation_qty"": 0}",,False,placed
DEC000080,purchase_order,2025-05-03,"{""item_id"": ""SKU006"", ""supplier_id"": ""SUP010"", ""order_qty"": 424, ""unit_cost"": 256.2, ""system_suggestion_qty"": 530, ""deviation_qty"": -106, ""true_assumptions"": {""forecast_qty"": {""op"": "">="", ""value"": 158, ""observed_value"": 193, ""entity"": ""item:SKU006:week:2025-04-28""}, ""lead_time_days"": {""op"": ""<="", ""value"": 12, ""observed_value"": 7, ""entity"": ""supplier:SUP010""}}}","Stock tight hai, forecast around 158+ units; lead time stays under 12 days. Chaudhuri and Sons se baat hui.",True,placed
DEC000081,purchase_order,2025-05-03,"{""item_id"": ""SKU012"", ""supplier_id"": ""SUP009"", ""order_qty"": 656, ""unit_cost"": 477.23, ""system_suggestion_qty"": 656, ""deviation_qty"": 0}",,False,placed
DEC000082,purchase_order,2025-05-03,"{""item_id"": ""SKU023"", ""supplier_id"": ""SUP010"", ""order_qty"": 768, ""unit_cost"": 226.74, ""system_suggestion_qty"": 768, ""deviation_qty"": 0}",,False,placed
DEC000083,purchase_order,2025-05-03,"{""item_id"": ""SKU037"", ""supplier_id"": ""SUP002"", ""order_qty"": 336, ""unit_cost"": 1626.28, ""system_suggestion_qty"": 336, ""deviation_qty"": 0}",,False,placed
DEC000084,purchase_order,2025-05-04,"{""item_id"": ""SKU005"", ""supplier_id"": ""SUP008"", ""order_qty"": 408, ""unit_cost"": 1012.33, ""system_suggestion_qty"": 510, ""deviation_qty"": -102, ""true_assumptions"": {""forecast_qty"": {""op"": "">="", ""value"": 156, ""observed_value"": 216, ""entity"": ""item:SKU005:week:2025-04-28""}, ""stock_qty"": {""op"": ""<"", ""value"": 330, ""observed_value"": 314, ""entity"": ""item:SKU005""}}}",Need this covered: forecast around 156+ units / stock below 330. Pls check again next week.,True,placed
DEC000085,purchase_order,2025-05-04,"{""item_id"": ""SKU014"", ""supplier_id"": ""SUP002"", ""order_qty"": 672, ""unit_cost"": 697.4, ""system_suggestion_qty"": 672, ""deviation_qty"": 0}",,False,placed
DEC000086,purchase_order,2025-05-04,"{""item_id"": ""SKU026"", ""supplier_id"": ""SUP005"", ""order_qty"": 1232, ""unit_cost"": 1793.81, ""system_suggestion_qty"": 1540, ""deviation_qty"": -308, ""true_assumptions"": {""stock_qty"": {""op"": ""<"", ""value"": 893, ""observed_value"": 833, ""entity"": ""item:SKU026""}, ""supplier_risk"": {""field"": ""strike_status"", ""op"": ""=="", ""value"": ""clear"", ""observed_value"": ""clear"", ""entity"": ""supplier:SUP005""}}}",Please keep this PO open; stock below 893 and strike status is clear. Ratti-Wable said they'll manage.,True,placed
DEC000087,purchase_order,2025-05-05,"{""item_id"": ""SKU021"", ""supplier_id"": ""SUP007"", ""order_qty"": 495, ""unit_cost"": 2115.76, ""system_suggestion_qty"": 495, ""deviation_qty"": 0}",,False,placed
DEC000088,purchase_order,2025-05-05,"{""item_id"": ""SKU034"", ""supplier_id"": ""SUP006"", ""order_qty"": 608, ""unit_cost"": 376.27, ""system_suggestion_qty"": 608, ""deviation_qty"": 0}",,False,placed
DEC000089,purchase_order,2025-05-05,"{""item_id"": ""SKU035"", ""supplier_id"": ""SUP004"", ""order_qty"": 460, ""unit_cost"": 1819.58, ""system_suggestion_qty"": 552, ""deviation_qty"": -92, ""true_assumptions"": {""lead_time_days"": {""op"": ""<="", ""value"": 11, ""observed_value"": 10, ""entity"": ""supplier:SUP004""}, ""forecast_qty"": {""op"": "">="", ""value"": 186, ""observed_value"": 237, ""entity"": ""item:SKU035:week:2025-05-05""}}}",Need this covered: lead time stays under 11 days / forecast around 186+ units. Pls check again next week.,True,placed
DEC000090,purchase_order,2025-05-05,"{""item_id"": ""SKU043"", ""supplier_id"": ""SUP001"", ""order_qty"": 760, ""unit_cost"": 964.56, ""system_suggestion_qty"": 760, ""deviation_qty"": 0}",,False,placed
DEC000091,purchase_order,2025-05-06,"{""item_id"": ""SKU044"", ""supplier_id"": ""SUP003"", ""order_qty"": 234, ""unit_cost"": 81.21, ""system_suggestion_qty"": 312, ""deviation_qty"": -78, ""true_assumptions"": {""stock_qty"": {""op"": ""<"", ""value"": 170, ""observed_value"": 150, ""entity"": ""item:SKU044""}, ""supplier_risk"": {""field"": ""strike_status"", ""op"": ""=="", ""value"": ""clear"", ""observed_value"": ""clear"", ""entity"": ""supplier:SUP003""}}}","Stock tight hai, stock below 170; strike status is clear. Hayre, Nayak and Vaidya se baat hui.",True,placed
DEC000092,purchase_order,2025-05-07,"{""item_id"": ""SKU004"", ""supplier_id"": ""SUP003"", ""order_qty"": 1148, ""unit_cost"": 1370.65, ""system_suggestion_qty"": 1148, ""deviation_qty"": 0}",,False,placed
DEC000093,purchase_order,2025-05-07,"{""item_id"": ""SKU013"", ""supplier_id"": ""SUP007"", ""order_qty"": 580, ""unit_cost"": 459.71, ""system_suggestion_qty"": 580, ""deviation_qty"": 0}",,False,placed
DEC000094,purchase_order,2025-05-07,"{""item_id"": ""SKU030"", ""supplier_id"": ""SUP001"", ""order_qty"": 440, ""unit_cost"": 221.91, ""system_suggestion_qty"": 440, ""deviation_qty"": 0}",,False,placed
DEC000095,purchase_order,2025-05-07,"{""item_id"": ""SKU031"", ""supplier_id"": ""SUP003"", ""order_qty"": 1188, ""unit_cost"": 1541.68, ""system_suggestion_qty"": 1188, ""deviation_qty"": 0}",,False,placed
DEC000096,purchase_order,2025-05-07,"{""item_id"": ""SKU045"", ""supplier_id"": ""SUP004"", ""order_qty"": 1428, ""unit_cost"": 259.74, ""system_suggestion_qty"": 1428, ""deviation_qty"": 0}",,False,placed
DEC000097,purchase_order,2025-05-08,"{""item_id"": ""SKU011"", ""supplier_id"": ""SUP001"", ""order_qty"": 1340, ""unit_cost"": 2343.47, ""system_suggestion_qty"": 1340, ""deviation_qty"": 0}",,False,placed
DEC000098,purchase_order,2025-05-08,"{""item_id"": ""SKU027"", ""supplier_id"": ""SUP006"", ""order_qty"": 627, ""unit_cost"": 1224.01, ""system_suggestion_qty"": 627, ""deviation_qty"": 0}",,False,placed
DEC000099,purchase_order,2025-05-09,"{""item_id"": ""SKU003"", ""supplier_id"": ""SUP002"", ""order_qty"": 704, ""unit_cost"": 1604.8, ""system_suggestion_qty"": 1056, ""deviation_qty"": -352, ""true_assumptions"": {""lead_time_days"": {""op"": ""<="", ""value"": 18, ""observed_value"": 14, ""entity"": ""supplier:SUP002""}, ""supplier_risk"": {""field"": ""strike_status"", ""op"": ""=="", ""value"": ""clear"", ""observed_value"": ""clear"", ""entity"": ""supplier:SUP002""}}}",Please keep this PO open; lead time stays under 18 days and strike status is clear. Saxena LLC said they'll manage.,True,placed
DEC000100,purchase_order,2025-05-09,"{""item_id"": ""SKU049"", ""supplier_id"": ""SUP006"", ""order_qty"": 507, ""unit_cost"": 2340.14, ""system_suggestion_qty"": 507, ""deviation_qty"": 0}",,False,placed
DEC000101,purchase_order,2025-05-11,"{""item_id"": ""SKU032"", ""supplier_id"": ""SUP008"", ""order_qty"": 1496, ""unit_cost"": 60.16, ""system_suggestion_qty"": 1496, ""deviation_qty"": 0}",,False,placed
DEC000102,purchase_order,2025-05-11,"{""item_id"": ""SKU038"", ""supplier_id"": ""SUP001"", ""order_qty"": 1947, ""unit_cost"": 2114.9, ""system_suggestion_qty"": 1298, ""deviation_qty"": 649, ""true_assumptions"": {""forecast_qty"": {""op"": "">="", ""value"": 364, ""observed_value"": 488, ""entity"": ""item:SKU038:week:2025-05-05""}, ""supplier_risk"": {""field"": ""strike_status"", ""op"": ""=="", ""value"": ""clear"", ""observed_value"": ""clear"", ""entity"": ""supplier:SUP001""}}}",Need this covered: forecast around 364+ units / strike status is clear. Pls check again next week.,True,placed
DEC000103,purchase_order,2025-05-11,"{""item_id"": ""SKU039"", ""supplier_id"": ""SUP008"", ""order_qty"": 638, ""unit_cost"": 302.78, ""system_suggestion_qty"": 638, ""deviation_qty"": 0}",,False,placed
DEC000104,purchase_order,2025-05-12,"{""item_id"": ""SKU002"", ""supplier_id"": ""SUP005"", ""order_qty"": 960, ""unit_cost"": 1334.03, ""system_suggestion_qty"": 960, ""deviation_qty"": 0}",,False,placed
DEC000105,purchase_order,2025-05-12,"{""item_id"": ""SKU017"", ""supplier_id"": ""SUP003"", ""order_qty"": 414, ""unit_cost"": 282.55, ""system_suggestion_qty"": 414, ""deviation_qty"": 0}",,False,placed
DEC000106,purchase_order,2025-05-12,"{""item_id"": ""SKU018"", ""supplier_id"": ""SUP003"", ""order_qty"": 1122, ""unit_cost"": 1204.32, ""system_suggestion_qty"": 1122, ""deviation_qty"": 0}",,False,placed
DEC000107,purchase_order,2025-05-12,"{""item_id"": ""SKU047"", ""supplier_id"": ""SUP010"", ""order_qty"": 658, ""unit_cost"": 1256.36, ""system_suggestion_qty"": 994, ""deviation_qty"": -336, ""true_assumptions"": {""lead_time_days"": {""op"": ""<="", ""value"": 8, ""observed_value"": 7, ""entity"": ""supplier:SUP010""}, ""supplier_risk"": {""field"": ""strike_status"", ""op"": ""=="", ""value"": ""clear"", ""observed_value"": ""clear"", ""entity"": ""supplier:SUP010""}}}",Please keep this PO open; lead time stays under 8 days and strike status is clear. Chaudhuri and Sons said they'll manage.,True,placed
DEC000108,purchase_order,2025-05-12,"{""item_id"": ""SKU050"", ""supplier_id"": ""SUP004"", ""order_qty"": 456, ""unit_cost"": 589.37, ""system_suggestion_qty"": 684, ""deviation_qty"": -228, ""true_assumptions"": {""stock_qty"": {""op"": ""<"", ""value"": 696, ""observed_value"": 608, ""entity"": ""item:SKU050""}, ""lead_time_days"": {""op"": ""<="", ""value"": 11, ""observed_value"": 10, ""entity"": ""supplier:SUP004""}}}",Need this covered: stock below 696 / lead time stays under 11 days. Pls check again next week.,True,placed
DEC000109,purchase_order,2025-05-13,"{""item_id"": ""SKU010"", ""supplier_id"": ""SUP006"", ""order_qty"": 292, ""unit_cost"": 445.29, ""system_suggestion_qty"": 292, ""deviation_qty"": 0}",,False,placed
DEC000110,purchase_order,2025-05-13,"{""item_id"": ""SKU024"", ""supplier_id"": ""SUP009"", ""order_qty"": 1116, ""unit_cost"": 2022.9, ""system_suggestion_qty"": 744, ""deviation_qty"": 372, ""true_assumptions"": {""forecast_qty"": {""op"": "">="", ""value"": 215, ""observed_value"": 301, ""entity"": ""item:SKU024:week:2025-05-12""}, ""supplier_risk"": {""field"": ""strike_status"", ""op"": ""=="", ""value"": ""clear"", ""observed_value"": ""clear"", ""entity"": ""supplier:SUP009""}}}",OK to proceed for now. forecast around 215+ units + strike status is clear,True,placed
DEC000111,purchase_order,2025-05-13,"{""item_id"": ""SKU025"", ""supplier_id"": ""SUP008"", ""order_qty"": 1240, ""unit_cost"": 98.49, ""system_suggestion_qty"": 1240, ""deviation_qty"": 0}",,False,placed
DEC000112,purchase_order,2025-05-13,"{""item_id"": ""SKU041"", ""supplier_id"": ""SUP005"", ""order_qty"": 1064, ""unit_cost"": 1913.43, ""system_suggestion_qty"": 1064, ""deviation_qty"": 0}",,False,placed
DEC000113,purchase_order,2025-05-14,"{""item_id"": ""SKU015"", ""supplier_id"": ""SUP009"", ""order_qty"": 640, ""unit_cost"": 1092.68, ""system_suggestion_qty"": 640, ""deviation_qty"": 0}",,False,placed
DEC000114,purchase_order,2025-05-14,"{""item_id"": ""SKU020"", ""supplier_id"": ""SUP006"", ""order_qty"": 816, ""unit_cost"": 695.45, ""system_suggestion_qty"": 816, ""deviation_qty"": 0}",,False,placed
DEC000115,purchase_order,2025-05-14,"{""item_id"": ""SKU029"", ""supplier_id"": ""SUP006"", ""order_qty"": 910, ""unit_cost"": 1866.87, ""system_suggestion_qty"": 910, ""deviation_qty"": 0}",,False,placed
DEC000116,purchase_order,2025-05-14,"{""item_id"": ""SKU042"", ""supplier_id"": ""SUP004"", ""order_qty"": 1118, ""unit_cost"": 403.93, ""system_suggestion_qty"": 1118, ""deviation_qty"": 0}",,False,placed
DEC000117,purchase_order,2025-05-14,"{""item_id"": ""SKU048"", ""supplier_id"": ""SUP004"", ""order_qty"": 836, ""unit_cost"": 2323.67, ""system_suggestion_qty"": 836, ""deviation_qty"": 0}",,False,placed
DEC000118,purchase_order,2025-05-15,"{""item_id"": ""SKU007"", ""supplier_id"": ""SUP003"", ""order_qty"": 1264, ""unit_cost"": 1528.58, ""system_suggestion_qty"": 1027, ""deviation_qty"": 237, ""true_assumptions"": {""supplier_risk"": {""field"": ""strike_status"", ""op"": ""=="", ""value"": ""clear"", ""observed_value"": ""clear"", ""entity"": ""supplier:SUP003""}, ""stock_qty"": {""op"": ""<"", ""value"": 1294, ""observed_value"": 1167, ""entity"": ""item:SKU007""}}}",OK to proceed for now. strike status is clear + stock below 1294,True,placed
DEC000119,purchase_order,2025-05-15,"{""item_id"": ""SKU008"", ""supplier_id"": ""SUP004"", ""order_qty"": 1104, ""unit_cost"": 1476.92, ""system_suggestion_qty"": 920, ""deviation_qty"": 184, ""true_assumptions"": {""forecast_qty"": {""op"": "">="", ""value"": 183, ""observed_value"": 286, ""entity"": ""item:SKU008:week:2025-05-12""}, ""stock_qty"": {""op"": ""<"", ""value"": 884, ""observed_value"": 795, ""entity"": ""item:SKU008""}}}",Need this covered: forecast around 183+ units / stock below 884. Pls check again next week.,True,placed
DEC000120,purchase_order,2025-05-15,"{""item_id"": ""SKU019"", ""supplier_id"": ""SUP009"", ""order_qty"": 396, ""unit_cost"": 1557.16, ""system_suggestion_qty"": 396, ""deviation_qty"": 0}",,False,placed
DEC000121,purchase_order,2025-05-15,"{""item_id"": ""SKU028"", ""supplier_id"": ""SUP006"", ""order_qty"": 756, ""unit_cost"": 1003.36, ""system_suggestion_qty"": 918, ""deviation_qty"": -162, ""true_assumptions"": {""lead_time_days"": {""op"": ""<="", ""value"": 17, ""observed_value"": 15, ""entity"": ""supplier:SUP006""}, ""forecast_qty"": {""op"": "">="", ""value"": 315, ""observed_value"": 485, ""entity"": ""item:SKU028:week:2025-05-12""}}}",Please keep this PO open; lead time stays under 17 days and forecast around 315+ units. Bhardwaj and Sons said they'll manage.,True,placed
DEC000122,purchase_order,2025-05-15,"{""item_id"": ""SKU036"", ""supplier_id"": ""SUP009"", ""order_qty"": 1089, ""unit_cost"": 1566.21, ""system_suggestion_qty"": 1089, ""deviation_qty"": 0}",,False,placed
DEC000123,purchase_order,2025-05-16,"{""item_id"": ""SKU037"", ""supplier_id"": ""SUP002"", ""order_qty"": 294, ""unit_cost"": 1626.28, ""system_suggestion_qty"": 336, ""deviation_qty"": -42, ""true_assumptions"": {""lead_time_days"": {""op"": ""<="", ""value"": 16, ""observed_value"": 14, ""entity"": ""supplier:SUP002""}, ""forecast_qty"": {""op"": "">="", ""value"": 107, ""observed_value"": 147, ""entity"": ""item:SKU037:week:2025-05-12""}}}",Please keep this PO open; lead time stays under 16 days and forecast around 107+ units. Saxena LLC said they'll manage.,True,placed
DEC000124,purchase_order,2025-05-17,"{""item_id"": ""SKU021"", ""supplier_id"": ""SUP007"", ""order_qty"": 750, ""unit_cost"": 2115.76, ""system_suggestion_qty"": 495, ""deviation_qty"": 255, ""true_assumptions"": {""stock_qty"": {""op"": ""<"", ""value"": 333, ""observed_value"": 318, ""entity"": ""item:SKU021""}, ""supplier_risk"": {""field"": ""strike_status"", ""op"": ""=="", ""value"": ""clear"", ""observed_value"": ""clear"", ""entity"": ""supplier:SUP007""}}}",Need this covered: stock below 333 / strike status is clear. Pls check again next week.,True,placed
DEC000125,purchase_order,2025-05-17,"{""item_id"": ""SKU044"", ""supplier_id"": ""SUP003"", ""order_qty"": 312, ""unit_cost"": 81.21, ""system_suggestion_qty"": 312, ""deviation_qty"": 0}",,False,placed
DEC000126,purchase_order,2025-05-18,"{""item_id"": ""SKU003"", ""supplier_id"": ""SUP002"", ""order_qty"": 1088, ""unit_cost"": 1604.8, ""system_suggestion_qty"": 1088, ""deviation_qty"": 0}",,False,placed
DEC000127,purchase_order,2025-05-18,"{""item_id"": ""SKU014"", ""supplier_id"": ""SUP002"", ""order_qty"": 630, ""unit_cost"": 697.4, ""system_suggestion_qty"": 630, ""deviation_qty"": 0}",,False,placed
DEC000128,purchase_order,2025-05-18,"{""item_id"": ""SKU034"", ""supplier_id"": ""SUP006"", ""order_qty"": 608, ""unit_cost"": 376.27, ""system_suggestion_qty"": 608, ""deviation_qty"": 0}",,False,placed
DEC000129,purchase_order,2025-05-19,"{""item_id"": ""SKU001"", ""supplier_id"": ""SUP002"", ""order_qty"": 270, ""unit_cost"": 1832.54, ""system_suggestion_qty"": 225, ""deviation_qty"": 45, ""true_assumptions"": {""supplier_risk"": {""field"": ""strike_status"", ""op"": ""=="", ""value"": ""clear"", ""observed_value"": ""clear"", ""entity"": ""supplier:SUP002""}, ""lead_time_days"": {""op"": ""<="", ""value"": 16, ""observed_value"": 14, ""entity"": ""supplier:SUP002""}}}","Urgent, don't hold it up. strike status is clear.",True,placed
DEC000130,purchase_order,2025-05-19,"{""item_id"": ""SKU013"", ""supplier_id"": ""SUP007"", ""order_qty"": 696, ""unit_cost"": 459.71, ""system_suggestion_qty"": 580, ""deviation_qty"": 116, ""true_assumptions"": {""forecast_qty"": {""op"": "">="", ""value"": 188, ""observed_value"": 286, ""entity"": ""item:SKU013:week:2025-05-19""}, ""stock_qty"": {""op"": ""<"", ""value"": 338, ""observed_value"": 311, ""entity"": ""item:SKU013""}}}",OK to proceed for now. forecast around 188+ units + stock below 338,True,placed
DEC000131,purchase_order,2025-05-19,"{""item_id"": ""SKU033"", ""supplier_id"": ""SUP008"", ""order_qty"": 1180, ""unit_cost"": 1129.45, ""system_suggestion_qty"": 1180, ""deviation_qty"": 0}",,False,placed
DEC000132,purchase_order,2025-05-20,"{""item_id"": ""SKU022"", ""supplier_id"": ""SUP008"", ""order_qty"": 294, ""unit_cost"": 1969.17, ""system_suggestion_qty"": 294, ""deviation_qty"": 0}",,False,placed
DEC000133,purchase_order,2025-05-20,"{""item_id"": ""SKU031"", ""supplier_id"": ""SUP003"", ""order_qty"": 972, ""unit_cost"": 1541.68, ""system_suggestion_qty"": 1188, ""deviation_qty"": -216, ""true_assumptions"": {""supplier_risk"": {""field"": ""strike_status"", ""op"": ""=="", ""value"": ""clear"", ""observed_value"": ""clear"", ""entity"": ""supplier:SUP003""}, ""lead_time_days"": {""op"": ""<="", ""value"": 18, ""observed_value"": 13, ""entity"": ""supplier:SUP003""}}}","Please keep this PO open; strike status is clear and lead time stays under 18 days. Hayre, Nayak and Vaidya said they'll manage.",True,placed
DEC000134,purchase_order,2025-05-20,"{""item_id"": ""SKU035"", ""supplier_id"": ""SUP004"", ""order_qty"": 828, ""unit_cost"": 1819.58, ""system_suggestion_qty"": 552, ""deviation_qty"": 276, ""true_assumptions"": {""supplier_risk"": {""field"": ""strike_status"", ""op"": ""=="", ""value"": ""clear"", ""observed_value"": ""clear"", ""entity"": ""supplier:SUP004""}, ""lead_time_days"": {""op"": ""<="", ""value"": 15, ""observed_value"": 10, ""entity"": ""supplier:SUP004""}}}",Please keep this PO open; strike status is clear and lead time stays under 15 days. Shere Inc said they'll manage.,True,placed
DEC000135,purchase_order,2025-05-20,"{""item_id"": ""SKU040"", ""supplier_id"": ""SUP008"", ""order_qty"": 1176, ""unit_cost"": 420.47, ""system_suggestion_qty"": 1176, ""deviation_qty"": 0}",,False,placed
DEC000136,purchase_order,2025-05-21,"{""item_id"": ""SKU004"", ""supplier_id"": ""SUP003"", ""order_qty"": 1066, ""unit_cost"": 1370.65, ""system_suggestion_qty"": 1066, ""deviation_qty"": 0}",,False,placed
DEC000137,purchase_order,2025-05-21,"{""item_id"": ""SKU006"", ""supplier_id"": ""SUP010"", ""order_qty"": 636, ""unit_cost"": 256.2, ""system_suggestion_qty"": 530, ""deviation_qty"": 106, ""true_assumptions"": {""stock_qty"": {""op"": ""<"", ""value"": 345, ""observed_value"": 320, ""entity"": ""item:SKU006""}, ""supplier_risk"": {""field"": ""strike_status"", ""op"": ""=="", ""value"": ""clear"", ""observed_value"": ""clear"", ""entity"": ""supplier:SUP010""}}}",OK to proceed for now. stock below 345 + strike status is clear,True,placed
DEC000138,purchase_order,2025-05-21,"{""item_id"": ""SKU009"", ""supplier_id"": ""SUP003"", ""order_qty"": 267, ""unit_cost"": 828.18, ""system_suggestion_qty"": 356, ""deviation_qty"": -89, ""true_assumptions"": {""lead_time_days"": {""op"": ""<="", ""value"": 17, ""observed_value"": 13, ""entity"": ""supplier:SUP003""}, ""supplier_risk"": {""field"": ""strike_status"", ""op"": ""=="", ""value"": ""clear"", ""observed_value"": ""clear"", ""entity"": ""supplier:SUP003""}}}",Need this covered: lead time stays under 17 days / strike status is clear. Pls check again next week.,True,placed
DEC000139,purchase_order,2025-05-21,"{""item_id"": ""SKU046"", ""supplier_id"": ""SUP004"", ""order_qty"": 490, ""unit_cost"": 1554.94, ""system_suggestion_qty"": 490, ""deviation_qty"": 0}",,False,placed
DEC000140,purchase_order,2025-05-22,"{""item_id"": ""SKU005"", ""supplier_id"": ""SUP008"", ""order_qty"": 510, ""unit_cost"": 1012.33, ""system_suggestion_qty"": 510, ""deviation_qty"": 0}",,False,placed
DEC000141,purchase_order,2025-05-22,"{""item_id"": ""SKU012"", ""supplier_id"": ""SUP009"", ""order_qty"": 656, ""unit_cost"": 477.23, ""system_suggestion_qty"": 656, ""deviation_qty"": 0}",,False,placed
DEC000142,purchase_order,2025-05-22,"{""item_id"": ""SKU026"", ""supplier_id"": ""SUP005"", ""order_qty"": 1540, ""unit_cost"": 1793.81, ""system_suggestion_qty"": 1540, ""deviation_qty"": 0}",,False,placed
DEC000143,purchase_order,2025-05-22,"{""item_id"": ""SKU027"", ""supplier_id"": ""SUP006"", ""order_qty"": 627, ""unit_cost"": 1224.01, ""system_suggestion_qty"": 627, ""deviation_qty"": 0}",,False,placed
DEC000144,purchase_order,2025-05-22,"{""item_id"": ""SKU049"", ""supplier_id"": ""SUP006"", ""order_qty"": 468, ""unit_cost"": 2340.14, ""system_suggestion_qty"": 468, ""deviation_qty"": 0}",,False,placed
DEC000145,purchase_order,2025-05-23,"{""item_id"": ""SKU050"", ""supplier_id"": ""SUP004"", ""order_qty"": 570, ""unit_cost"": 589.37, ""system_suggestion_qty"": 684, ""deviation_qty"": -114, ""true_assumptions"": {""stock_qty"": {""op"": ""<"", ""value"": 654, ""observed_value"": 583, ""entity"": ""item:SKU050""}, ""supplier_risk"": {""field"": ""strike_status"", ""op"": ""=="", ""value"": ""clear"", ""observed_value"": ""clear"", ""entity"": ""supplier:SUP004""}}}","Urgent, don't hold it up. stock below 654.",True,placed
DEC000146,purchase_order,2025-05-24,"{""item_id"": ""SKU023"", ""supplier_id"": ""SUP010"", ""order_qty"": 816, ""unit_cost"": 226.74, ""system_suggestion_qty"": 816, ""deviation_qty"": 0}",,False,placed
DEC000147,purchase_order,2025-05-24,"{""item_id"": ""SKU043"", ""supplier_id"": ""SUP001"", ""order_qty"": 950, ""unit_cost"": 964.56, ""system_suggestion_qty"": 760, ""deviation_qty"": 190, ""true_assumptions"": {""supplier_risk"": {""field"": ""strike_status"", ""op"": ""=="", ""value"": ""clear"", ""observed_value"": ""clear"", ""entity"": ""supplier:SUP001""}, ""stock_qty"": {""op"": ""<"", ""value"": 530, ""observed_value"": 519, ""entity"": ""item:SKU043""}}}","Urgent, don't hold it up. strike status is clear.",True,placed
DEC000148,purchase_order,2025-05-24,"{""item_id"": ""SKU045"", ""supplier_id"": ""SUP004"", ""order_qty"": 1496, ""unit_cost"": 259.74, ""system_suggestion_qty"": 1496, ""deviation_qty"": 0}",,False,placed
DEC000149,purchase_order,2025-05-26,"{""item_id"": ""SKU010"", ""supplier_id"": ""SUP006"", ""order_qty"": 292, ""unit_cost"": 445.29, ""system_suggestion_qty"": 292, ""deviation_qty"": 0}",,False,placed
DEC000150,purchase_order,2025-05-26,"{""item_id"": ""SKU020"", ""supplier_id"": ""SUP006"", ""order_qty"": 986, ""unit_cost"": 695.45, ""system_suggestion_qty"": 816, ""deviation_qty"": 170, ""true_assumptions"": {""forecast_qty"": {""op"": "">="", ""value"": 407, ""observed_value"": 561, ""entity"": ""item:SKU020:week:2025-05-26""}, ""stock_qty"": {""op"": ""<"", ""value"": 553, ""observed_value"": 517, ""entity"": ""item:SKU020""}}}",Need this covered: forecast around 407+ units / stock below 553. Pls check again next week.,True,placed
DEC000151,purchase_order,2025-05-26,"{""item_id"": ""SKU030"", ""supplier_id"": ""SUP001"", ""order_qty"": 440, ""unit_cost"": 221.91, ""system_suggestion_qty"": 440, ""deviation_qty"": 0}",,False,placed
DEC000152,purchase_order,2025-05-27,"{""item_id"": ""SKU018"", ""supplier_id"": ""SUP003"", ""order_qty"": 1122, ""unit_cost"": 1204.32, ""system_suggestion_qty"": 1122, ""deviation_qty"": 0}",,False,placed
DEC000153,purchase_order,2025-05-27,"{""item_id"": ""SKU028"", ""supplier_id"": ""SUP006"", ""order_qty"": 756, ""unit_cost"": 1003.36, ""system_suggestion_qty"": 918, ""deviation_qty"": -162, ""true_assumptions"": {""forecast_qty"": {""op"": "">="", ""value"": 529, ""observed_value"": 604, ""entity"": ""item:SKU028:week:2025-05-26""}, ""supplier_risk"": {""field"": ""strike_status"", ""op"": ""=="", ""value"": ""clear"", ""observed_value"": ""clear"", ""entity"": ""supplier:SUP006""}}}",OK to proceed for now. forecast around 529+ units + strike status is clear,True,placed
DEC000154,purchase_order,2025-05-27,"{""item_id"": ""SKU029"", ""supplier_id"": ""SUP006"", ""order_qty"": 884, ""unit_cost"": 1866.87, ""system_suggestion_qty"": 884, ""deviation_qty"": 0}",,False,placed
DEC000155,purchase_order,2025-05-27,"{""item_id"": ""SKU047"", ""supplier_id"": ""SUP010"", ""order_qty"": 980, ""unit_cost"": 1256.36, ""system_suggestion_qty"": 980, ""deviation_qty"": 0}",,False,placed
DEC000156,purchase_order,2025-05-28,"{""item_id"": ""SKU011"", ""supplier_id"": ""SUP001"", ""order_qty"": 1340, ""unit_cost"": 2343.47, ""system_suggestion_qty"": 1340, ""deviation_qty"": 0}",,False,placed
DEC000157,purchase_order,2025-05-28,"{""item_id"": ""SKU016"", ""supplier_id"": ""SUP005"", ""order_qty"": 296, ""unit_cost"": 207.68, ""system_suggestion_qty"": 296, ""deviation_qty"": 0}",,False,placed
DEC000158,purchase_order,2025-05-28,"{""item_id"": ""SKU017"", ""supplier_id"": ""SUP003"", ""order_qty"": 414, ""unit_cost"": 282.55, ""system_suggestion_qty"": 414, ""deviation_qty"": 0}",,False,placed
DEC000159,purchase_order,2025-05-28,"{""item_id"": ""SKU037"", ""supplier_id"": ""SUP002"", ""order_qty"": 336, ""unit_cost"": 1626.28, ""system_suggestion_qty"": 336, ""deviation_qty"": 0}",,False,placed
DEC000160,purchase_order,2025-05-30,"{""item_id"": ""SKU042"", ""supplier_id"": ""SUP004"", ""order_qty"": 1204, ""unit_cost"": 403.93, ""system_suggestion_qty"": 1204, ""deviation_qty"": 0}",,False,placed
DEC000161,purchase_order,2025-05-31,"{""item_id"": ""SKU015"", ""supplier_id"": ""SUP009"", ""order_qty"": 672, ""unit_cost"": 1092.68, ""system_suggestion_qty"": 672, ""deviation_qty"": 0}",,False,placed
DEC000162,purchase_order,2025-05-31,"{""item_id"": ""SKU039"", ""supplier_id"": ""SUP008"", ""order_qty"": 522, ""unit_cost"": 302.78, ""system_suggestion_qty"": 638, ""deviation_qty"": -116, ""true_assumptions"": {""supplier_risk"": {""field"": ""strike_status"", ""op"": ""=="", ""value"": ""clear"", ""observed_value"": ""clear"", ""entity"": ""supplier:SUP008""}, ""stock_qty"": {""op"": ""<"", ""value"": 413, ""observed_value"": 388, ""entity"": ""item:SKU039""}}}","Stock tight hai, strike status is clear; stock below 413. Mani-Nayak se baat hui.",True,placed
DEC000163,purchase_order,2025-06-01,"{""item_id"": ""SKU009"", ""supplier_id"": ""SUP003"", ""order_qty"": 534, ""unit_cost"": 828.18, ""system_suggestion_qty"": 356, ""deviation_qty"": 178, ""true_assumptions"": {""lead_time_days"": {""op"": ""<="", ""value"": 15, ""observed_value"": 13, ""entity"": ""supplier:SUP003""}, ""forecast_qty"": {""op"": "">="", ""value"": 90, ""observed_value"": 114, ""entity"": ""item:SKU009:week:2025-05-26""}}}","Please keep this PO open; lead time stays under 15 days and forecast around 90+ units. Hayre, Nayak and Vaidya said they'll manage.",True,placed
DEC000164,purchase_order,2025-06-01,"{""item_id"": ""SKU014"", ""supplier_id"": ""SUP002"", ""order_qty"": 630, ""unit_cost"": 697.4, ""system_suggestion_qty"": 630, ""deviation_qty"": 0}",,False,placed
DEC000165,purchase_order,2025-06-01,"{""item_id"": ""SKU032"", ""supplier_id"": ""SUP008"", ""order_qty"": 1584, ""unit_cost"": 60.16, ""system_suggestion_qty"": 1584, ""deviation_qty"": 0}",,False,placed
DEC000166,purchase_order,2025-06-01,"{""item_id"": ""SKU034"", ""supplier_id"": ""SUP006"", ""order_qty"": 532, ""unit_cost"": 376.27, ""system_suggestion_qty"": 608, ""deviation_qty"": -76, ""true_assumptions"": {""stock_qty"": {""op"": ""<"", ""value"": 303, ""observed_value"": 284, ""entity"": ""item:SKU034""}, ""forecast_qty"": {""op"": "">="", ""value"": 231, ""observed_value"": 328, ""entity"": ""item:SKU034:week:2025-05-26""}}}","Stock tight hai, stock below 303; forecast around 231+ units. Bhardwaj and Sons se baat hui.",True,placed
DEC000167,purchase_order,2025-06-02,"{""item_id"": ""SKU003"", ""supplier_id"": ""SUP002"", ""order_qty"": 736, ""unit_cost"": 1604.8, ""system_suggestion_qty"": 1120, ""deviation_qty"": -384, ""true_assumptions"": {""stock_qty"": {""op"": ""<"", ""value"": 1751, ""observed_value"": 1490, ""entity"": ""item:SKU003""}, ""supplier_risk"": {""field"": ""strike_status"", ""op"": ""=="", ""value"": ""clear"", ""observed_value"": ""clear"", ""entity"": ""supplier:SUP002""}}}","Stock tight hai, stock below 1751; strike status is clear. Saxena LLC se baat hui.",True,placed
DEC000168,purchase_order,2025-06-02,"{""item_id"": ""SKU019"", ""supplier_id"": ""SUP009"", ""order_qty"": 396, ""unit_cost"": 1557.16, ""system_suggestion_qty"": 396, ""deviation_qty"": 0}",,False,placed
DEC000169,purchase_order,2025-06-02,"{""item_id"": ""SKU025"", ""supplier_id"": ""SUP008"", ""order_qty"": 1240, ""unit_cost"": 98.49, ""system_suggestion_qty"": 1240, ""deviation_qty"": 0}",,False,placed
DEC000170,purchase_order,2025-06-02,"{""item_id"": ""SKU031"", ""supplier_id"": ""SUP003"", ""order_qty"": 1440, ""unit_cost"": 1541.68, ""system_suggestion_qty"": 1188, ""deviation_qty"": 252, ""true_assumptions"": {""supplier_risk"": {""field"": ""strike_status"", ""op"": ""=="", ""value"": ""clear"", ""observed_value"": ""clear"", ""entity"": ""supplier:SUP003""}, ""stock_qty"": {""op"": ""<"", ""value"": 462, ""observed_value"": 436, ""entity"": ""item:SKU031""}}}","Urgent, don't hold it up. strike status is clear.",True,placed
DEC000171,purchase_order,2025-06-02,"{""item_id"": ""SKU036"", ""supplier_id"": ""SUP009"", ""order_qty"": 792, ""unit_cost"": 1566.21, ""system_suggestion_qty"": 990, ""deviation_qty"": -198, ""true_assumptions"": {""forecast_qty"": {""op"": "">="", ""value"": 358, ""observed_value"": 421, ""entity"": ""item:SKU036:week:2025-06-02""}, ""stock_qty"": {""op"": ""<"", ""value"": 968, ""observed_value"": 910, ""entity"": ""item:SKU036""}}}",OK to proceed for now. forecast around 358+ units + stock below 968,True,placed
DEC000172,purchase_order,2025-06-03,"{""item_id"": ""SKU002"", ""supplier_id"": ""SUP005"", ""order_qty"": 768, ""unit_cost"": 1334.03, ""system_suggestion_qty"": 960, ""deviation_qty"": -192, ""true_assumptions"": {""supplier_risk"": {""field"": ""strike_status"", ""op"": ""=="", ""value"": ""clear"", ""observed_value"": ""clear"", ""entity"": ""supplier:SUP005""}, ""forecast_qty"": {""op"": "">="", ""value"": 132, ""observed_value"": 198, ""entity"": ""item:SKU002:week:2025-06-02""}}}",Need this covered: strike status is clear / forecast around 132+ units. Pls check again next week.,True,placed
DEC000173,purchase_order,2025-06-03,"{""item_id"": ""SKU007"", ""supplier_id"": ""SUP003"", ""order_qty"": 948, ""unit_cost"": 1528.58, ""system_suggestion_qty"": 948, ""deviation_qty"": 0}",,False,placed
DEC000174,purchase_order,2025-06-03,"{""item_id"": ""SKU027"", ""supplier_id"": ""SUP006"", ""order_qty"": 627, ""unit_cost"": 1224.01, ""system_suggestion_qty"": 627, ""deviation_qty"": 0}",,False,placed
DEC000175,purchase_order,2025-06-03,"{""item_id"": ""SKU041"", ""supplier_id"": ""SUP005"", ""order_qty"": 1064, ""unit_cost"": 1913.43, ""system_suggestion_qty"": 1064, ""deviation_qty"": 0}",,False,placed
DEC000176,purchase_order,2025-06-03,"{""item_id"": ""SKU044"", ""supplier_id"": ""SUP003"", ""order_qty"": 273, ""unit_cost"": 81.21, ""system_suggestion_qty"": 312, ""deviation_qty"": -39, ""true_assumptions"": {""lead_time_days"": {""op"": ""<="", ""value"": 14, ""observed_value"": 13, ""entity"": ""supplier:SUP003""}, ""supplier_risk"": {""field"": ""strike_status"", ""op"": ""=="", ""value"": ""clear"", ""observed_value"": ""clear"", ""entity"": ""supplier:SUP003""}}}","Stock tight hai, lead time stays under 14 days; strike status is clear. Hayre, Nayak and Vaidya se baat hui.",True,placed
DEC000177,purchase_order,2025-06-03,"{""item_id"": ""SKU048"", ""supplier_id"": ""SUP004"", ""order_qty"": 836, ""unit_cost"": 2323.67, ""system_suggestion_qty"": 836, ""deviation_qty"": 0}",,False,placed
DEC000178,purchase_order,2025-06-04,"{""item_id"": ""SKU001"", ""supplier_id"": ""SUP002"", ""order_qty"": 345, ""unit_cost"": 1832.54, ""system_suggestion_qty"": 225, ""deviation_qty"": 120, ""true_assumptions"": {""forecast_qty"": {""op"": "">="", ""value"": 121, ""observed_value"": 139, ""entity"": ""item:SKU001:week:2025-06-02""}, ""supplier_risk"": {""field"": ""strike_status"", ""op"": ""=="", ""value"": ""clear"", ""observed_value"": ""clear"", ""entity"": ""supplier:SUP002""}}}",Please keep this PO open; forecast around 121+ units and strike status is clear. Saxena LLC said they'll manage.,True,placed
DEC000179,purchase_order,2025-06-04,"{""item_id"": ""SKU004"", ""supplier_id"": ""SUP003"", ""order_qty"": 1148, ""unit_cost"": 1370.65, ""system_suggestion_qty"": 1148, ""deviation_qty"": 0}",,False,placed
DEC000180,purchase_order,2025-06-04,"{""item_id"": ""SKU008"", ""supplier_id"": ""SUP004"", ""order_qty"": 920, ""unit_cost"": 1476.92, ""system_suggestion_qty"": 920, ""deviation_qty"": 0}",,False,placed
DEC000181,purchase_order,2025-06-04,"{""item_id"": ""SKU013"", ""supplier_id"": ""SUP007"", ""order_qty"": 580, ""unit_cost"": 459.71, ""system_suggestion_qty"": 580, ""deviation_qty"": 0}",,False,placed
DEC000182,purchase_order,2025-06-04,"{""item_id"": ""SKU021"", ""supplier_id"": ""SUP007"", ""order_qty"": 510, ""unit_cost"": 2115.76, ""system_suggestion_qty"": 510, ""deviation_qty"": 0}",,False,placed
DEC000183,purchase_order,2025-06-05,"{""item_id"": ""SKU049"", ""supplier_id"": ""SUP006"", ""order_qty"": 507, ""unit_cost"": 2340.14, ""system_suggestion_qty"": 507, ""deviation_qty"": 0}",,False,placed
DEC000184,purchase_order,2025-06-07,"{""item_id"": ""SKU010"", ""supplier_id"": ""SUP006"", ""order_qty"": 292, ""unit_cost"": 445.29, ""system_suggestion_qty"": 292, ""deviation_qty"": 0}",,False,placed
DEC000185,purchase_order,2025-06-07,"{""item_id"": ""SKU028"", ""supplier_id"": ""SUP006"", ""order_qty"": 918, ""unit_cost"": 1003.36, ""system_suggestion_qty"": 918, ""deviation_qty"": 0}",,False,placed
DEC000186,purchase_order,2025-06-07,"{""item_id"": ""SKU029"", ""supplier_id"": ""SUP006"", ""order_qty"": 702, ""unit_cost"": 1866.87, ""system_suggestion_qty"": 858, ""deviation_qty"": -156, ""true_assumptions"": {""supplier_risk"": {""field"": ""strike_status"", ""op"": ""=="", ""value"": ""clear"", ""observed_value"": ""clear"", ""entity"": ""supplier:SUP006""}, ""forecast_qty"": {""op"": "">="", ""value"": 385, ""observed_value"": 462, ""entity"": ""item:SKU029:week:2025-06-02""}}}","Urgent, don't hold it up. strike status is clear.",True,placed
DEC000187,purchase_order,2025-06-07,"{""item_id"": ""SKU050"", ""supplier_id"": ""SUP004"", ""order_qty"": 456, ""unit_cost"": 589.37, ""system_suggestion_qty"": 684, ""deviation_qty"": -228, ""true_assumptions"": {""forecast_qty"": {""op"": "">="", ""value"": 178, ""observed_value"": 258, ""entity"": ""item:SKU050:week:2025-06-02""}, ""supplier_risk"": {""field"": ""strike_status"", ""op"": ""=="", ""value"": ""clear"", ""observed_value"": ""clear"", ""entity"": ""supplier:SUP004""}}}",Please keep this PO open; forecast around 178+ units and strike status is clear. Shere Inc said they'll manage.,True,placed
DEC000188,purchase_order,2025-06-08,"{""item_id"": ""SKU046"", ""supplier_id"": ""SUP004"", ""order_qty"": 455, ""unit_cost"": 1554.94, ""system_suggestion_qty"": 455, ""deviation_qty"": 0}",,False,placed
DEC000189,purchase_order,2025-06-09,"{""item_id"": ""SKU024"", ""supplier_id"": ""SUP009"", ""order_qty"": 496, ""unit_cost"": 2022.9, ""system_suggestion_qty"": 744, ""deviation_qty"": -248, ""true_assumptions"": {""lead_time_days"": {""op"": ""<="", ""value"": 12, ""observed_value"": 10, ""entity"": ""supplier:SUP009""}, ""forecast_qty"": {""op"": "">="", ""value"": 215, ""observed_value"": 344, ""entity"": ""item:SKU024:week:2025-06-09""}}}",Please keep this PO open; lead time stays under 12 days and forecast around 215+ units. Joshi and Sons said they'll manage.,True,placed
DEC000190,purchase_order,2025-06-09,"{""item_id"": ""SKU038"", ""supplier_id"": ""SUP001"", ""order_qty"": 1298, ""unit_cost"": 2114.9, ""system_suggestion_qty"": 1298, ""deviation_qty"": 0}",,False,placed
DEC000191,purchase_order,2025-06-09,"{""item_id"": ""SKU040"", ""supplier_id"": ""SUP008"", ""order_qty"": 980, ""unit_cost"": 420.47, ""system_suggestion_qty"": 1176, ""deviation_qty"": -196, ""true_assumptions"": {""supplier_risk"": {""field"": ""strike_status"", ""op"": ""=="", ""value"": ""clear"", ""observed_value"": ""clear"", ""entity"": ""supplier:SUP008""}, ""lead_time_days"": {""op"": ""<="", ""value"": 9, ""observed_value"": 7, ""entity"": ""supplier:SUP008""}}}",Need this covered: strike status is clear / lead time stays under 9 days. Pls check again next week.,True,placed
DEC000192,purchase_order,2025-06-10,"{""item_id"": ""SKU012"", ""supplier_id"": ""SUP009"", ""order_qty"": 656, ""unit_cost"": 477.23, ""system_suggestion_qty"": 656, ""deviation_qty"": 0}",,False,placed
DEC000193,purchase_order,2025-06-10,"{""item_id"": ""SKU020"", ""supplier_id"": ""SUP006"", ""order_qty"": 1275, ""unit_cost"": 695.45, ""system_suggestion_qty"": 850, ""deviation_qty"": 425, ""true_assumptions"": {""forecast_qty"": {""op"": "">="", ""value"": 305, ""observed_value"": 453, ""entity"": ""item:SKU020:week:2025-06-09""}, ""lead_time_days"": {""op"": ""<="", ""value"": 20, ""observed_value"": 15, ""entity"": ""supplier:SUP006""}}}",Please keep this PO open; forecast around 305+ units and lead time stays under 20 days. Bhardwaj and Sons said they'll manage.,True,placed
DEC000194,purchase_order,2025-06-10,"{""item_id"": ""SKU022"", ""supplier_id"": ""SUP008"", ""order_qty"": 196, ""unit_cost"": 1969.17, ""system_suggestion_qty"": 294, ""deviation_qty"": -98, ""true_assumptions"": {""stock_qty"": {""op"": ""<"", ""value"": 196, ""observed_value"": 171, ""entity"": ""item:SKU022""}, ""supplier_risk"": {""field"": ""strike_status"", ""op"": ""=="", ""value"": ""clear"", ""observed_value"": ""clear"", ""entity"": ""supplier:SUP008""}}}","Urgent, don't hold it up. stock below 196.",True,placed
DEC000195,purchase_order,2025-06-10,"{""item_id"": ""SKU033"", ""supplier_id"": ""SUP008"", ""order_qty"": 1416, ""unit_cost"": 1129.45, ""system_suggestion_qty"": 1180, ""deviation_qty"": 236, ""true_assumptions"": {""lead_time_days"": {""op"": ""<="", ""value"": 8, ""observed_value"": 7, ""entity"": ""supplier:SUP008""}, ""forecast_qty"": {""op"": "">="", ""value"": 425, ""observed_value"": 546, ""entity"": ""item:SKU033:week:2025-06-09""}}}",Please keep this PO open; lead time stays under 8 days and forecast around 425+ units. Mani-Nayak said they'll manage.,True,placed
DEC000196,purchase_order,2025-06-11,"{""item_id"": ""SKU003"", ""supplier_id"": ""SUP002"", ""order_qty"": 1088, ""unit_cost"": 1604.8, ""system_suggestion_qty"": 1088, ""deviation_qty"": 0}",,False,placed
DEC000197,purchase_order,2025-06-11,"{""item_id"": ""SKU045"", ""supplier_id"": ""SUP004"", ""order_qty"": 1360, ""unit_cost"": 259.74, ""system_suggestion_qty"": 1360, ""deviation_qty"": 0}",,False,placed
DEC000198,purchase_order,2025-06-12,"{""item_id"": ""SKU018"", ""supplier_id"": ""SUP003"", ""order_qty"": 1173, ""unit_cost"": 1204.32, ""system_suggestion_qty"": 1173, ""deviation_qty"": 0}",,False,placed
DEC000199,purchase_order,2025-06-12,"{""item_id"": ""SKU026"", ""supplier_id"": ""SUP005"", ""order_qty"": 1540, ""unit_cost"": 1793.81, ""system_suggestion_qty"": 1540, ""deviation_qty"": 0}",,False,placed
DEC000200,purchase_order,2025-06-13,"{""item_id"": ""SKU005"", ""supplier_id"": ""SUP008"", ""order_qty"": 340, ""unit_cost"": 1012.33, ""system_suggestion_qty"": 510, ""deviation_qty"": -170, ""true_assumptions"": {""supplier_risk"": {""field"": ""strike_status"", ""op"": ""=="", ""value"": ""clear"", ""observed_value"": ""clear"", ""entity"": ""supplier:SUP008""}, ""stock_qty"": {""op"": ""<"", ""value"": 301, ""observed_value"": 298, ""entity"": ""item:SKU005""}}}",Please keep this PO open; strike status is clear and stock below 301. Mani-Nayak said they'll manage.,True,placed
DEC000201,purchase_order,2025-06-13,"{""item_id"": ""SKU017"", ""supplier_id"": ""SUP003"", ""order_qty"": 621, ""unit_cost"": 282.55, ""system_suggestion_qty"": 414, ""deviation_qty"": 207, ""true_assumptions"": {""lead_time_days"": {""op"": ""<="", ""value"": 18, ""observed_value"": 13, ""entity"": ""supplier:SUP003""}, ""stock_qty"": {""op"": ""<"", ""value"": 545, ""observed_value"": 470, ""entity"": ""item:SKU017""}}}","Stock tight hai, lead time stays under 18 days; stock below 545. Hayre, Nayak and Vaidya se baat hui.",True,placed
DEC000202,purchase_order,2025-06-13,"{""item_id"": ""SKU034"", ""supplier_id"": ""SUP006"", ""order_qty"": 912, ""unit_cost"": 376.27, ""system_suggestion_qty"": 608, ""deviation_qty"": 304, ""true_assumptions"": {""forecast_qty"": {""op"": "">="", ""value"": 136, ""observed_value"": 174, ""entity"": ""item:SKU034:week:2025-06-09""}, ""stock_qty"": {""op"": ""<"", ""value"": 400, ""observed_value"": 368, ""entity"": ""item:SKU034""}}}",Please keep this PO open; forecast around 136+ units and stock below 400. Bhardwaj and Sons said they'll manage.,True,placed
DEC000203,purchase_order,2025-06-13,"{""item_id"": ""SKU037"", ""supplier_id"": ""SUP002"", ""order_qty"": 504, ""unit_cost"": 1626.28, ""system_suggestion_qty"": 336, ""deviation_qty"": 168, ""true_assumptions"": {""supplier_risk"": {""field"": ""strike_status"", ""op"": ""=="", ""value"": ""clear"", ""observed_value"": ""clear"", ""entity"": ""supplier:SUP002""}, ""stock_qty"": {""op"": ""<"", ""value"": 482, ""observed_value"": 437, ""entity"": ""item:SKU037""}}}","Stock tight hai, strike status is clear; stock below 482. Saxena LLC se baat hui.",True,placed
DEC000204,purchase_order,2025-06-14,"{""item_id"": ""SKU023"", ""supplier_id"": ""SUP010"", ""order_qty"": 960, ""unit_cost"": 226.74, ""system_suggestion_qty"": 768, ""deviation_qty"": 192, ""true_assumptions"": {""lead_time_days"": {""op"": ""<="", ""value"": 10, ""observed_value"": 7, ""entity"": ""supplier:SUP010""}, ""supplier_risk"": {""field"": ""strike_status"", ""op"": ""=="", ""value"": ""clear"", ""observed_value"": ""clear"", ""entity"": ""supplier:SUP010""}}}",Need this covered: lead time stays under 10 days / strike status is clear. Pls check again next week.,True,placed
DEC000205,purchase_order,2025-06-14,"{""item_id"": ""SKU030"", ""supplier_id"": ""SUP001"", ""order_qty"": 330, ""unit_cost"": 221.91, ""system_suggestion_qty"": 440, ""deviation_qty"": -110, ""true_assumptions"": {""lead_time_days"": {""op"": ""<="", ""value"": 10, ""observed_value"": 8, ""entity"": ""supplier:SUP001""}, ""forecast_qty"": {""op"": "">="", ""value"": 138, ""observed_value"": 166, ""entity"": ""item:SKU030:week:2025-06-09""}}}",Need this covered: lead time stays under 10 days / forecast around 138+ units. Pls check again next week.,True,placed
DEC000206,purchase_order,2025-06-15,"{""item_id"": ""SKU006"", ""supplier_id"": ""SUP010"", ""order_qty"": 530, ""unit_cost"": 256.2, ""system_suggestion_qty"": 530, ""deviation_qty"": 0}",,False,placed
DEC000207,purchase_order,2025-06-15,"{""item_id"": ""SKU014"", ""supplier_id"": ""SUP002"", ""order_qty"": 630, ""unit_cost"": 697.4, ""system_suggestion_qty"": 630, ""deviation_qty"": 0}",,False,placed
DEC000208,purchase_order,2025-06-15,"{""item_id"": ""SKU027"", ""supplier_id"": ""SUP006"", ""order_qty"": 627, ""unit_cost"": 1224.01, ""system_suggestion_qty"": 627, ""deviation_qty"": 0}",,False,placed
DEC000209,purchase_order,2025-06-15,"{""item_id"": ""SKU035"", ""supplier_id"": ""SUP004"", ""order_qty"": 598, ""unit_cost"": 1819.58, ""system_suggestion_qty"": 598, ""deviation_qty"": 0}",,False,placed
DEC000210,purchase_order,2025-06-16,"{""item_id"": ""SKU036"", ""supplier_id"": ""SUP009"", ""order_qty"": 990, ""unit_cost"": 1566.21, ""system_suggestion_qty"": 990, ""deviation_qty"": 0}",,False,placed
DEC000211,purchase_order,2025-06-16,"{""item_id"": ""SKU047"", ""supplier_id"": ""SUP010"", ""order_qty"": 980, ""unit_cost"": 1256.36, ""system_suggestion_qty"": 980, ""deviation_qty"": 0}",,False,placed
DEC000212,purchase_order,2025-06-17,"{""item_id"": ""SKU013"", ""supplier_id"": ""SUP007"", ""order_qty"": 580, ""unit_cost"": 459.71, ""system_suggestion_qty"": 580, ""deviation_qty"": 0}",,False,placed
DEC000213,purchase_order,2025-06-17,"{""item_id"": ""SKU021"", ""supplier_id"": ""SUP007"", ""order_qty"": 345, ""unit_cost"": 2115.76, ""system_suggestion_qty"": 510, ""deviation_qty"": -165, ""true_assumptions"": {""forecast_qty"": {""op"": "">="", ""value"": 300, ""observed_value"": 358, ""entity"": ""item:SKU021:week:2025-06-16""}, ""supplier_risk"": {""field"": ""strike_status"", ""op"": ""=="", ""value"": ""clear"", ""observed_value"": ""clear"", ""entity"": ""supplier:SUP007""}}}",Need this covered: forecast around 300+ units / strike status is clear. Pls check again next week.,True,placed
DEC000214,purchase_order,2025-06-17,"{""item_id"": ""SKU039"", ""supplier_id"": ""SUP008"", ""order_qty"": 667, ""unit_cost"": 302.78, ""system_suggestion_qty"": 667, ""deviation_qty"": 0}",,False,placed
DEC000215,purchase_order,2025-06-17,"{""item_id"": ""SKU042"", ""supplier_id"": ""SUP004"", ""order_qty"": 774, ""unit_cost"": 403.93, ""system_suggestion_qty"": 1161, ""deviation_qty"": -387, ""true_assumptions"": {""supplier_risk"": {""field"": ""strike_status"", ""op"": ""=="", ""value"": ""clear"", ""observed_value"": ""clear"", ""entity"": ""supplier:SUP004""}, ""lead_time_days"": {""op"": ""<="", ""value"": 14, ""observed_value"": 10, ""entity"": ""supplier:SUP004""}}}",OK to proceed for now. strike status is clear + lead time stays under 14 days,True,placed
DEC000216,purchase_order,2025-06-18,"{""item_id"": ""SKU004"", ""supplier_id"": ""SUP003"", ""order_qty"": 820, ""unit_cost"": 1370.65, ""system_suggestion_qty"": 1148, ""deviation_qty"": -328, ""true_assumptions"": {""lead_time_days"": {""op"": ""<="", ""value"": 14, ""observed_value"": 13, ""entity"": ""supplier:SUP003""}, ""stock_qty"": {""op"": ""<"", ""value"": 1601, ""observed_value"": 1338, ""entity"": ""item:SKU004""}}}","Please keep this PO open; lead time stays under 14 days and stock below 1601. Hayre, Nayak and Vaidya said they'll manage.",True,placed
DEC000217,purchase_order,2025-06-18,"{""item_id"": ""SKU007"", ""supplier_id"": ""SUP003"", ""order_qty"": 1027, ""unit_cost"": 1528.58, ""system_suggestion_qty"": 1027, ""deviation_qty"": 0}",,False,placed
DEC000218,purchase_order,2025-06-18,"{""item_id"": ""SKU011"", ""supplier_id"": ""SUP001"", ""order_qty"": 1360, ""unit_cost"": 2343.47, ""system_suggestion_qty"": 1360, ""deviation_qty"": 0}",,False,placed
DEC000219,purchase_order,2025-06-18,"{""item_id"": ""SKU015"", ""supplier_id"": ""SUP009"", ""order_qty"": 672, ""unit_cost"": 1092.68, ""system_suggestion_qty"": 672, ""deviation_qty"": 0}",,False,placed
DEC000220,purchase_order,2025-06-18,"{""item_id"": ""SKU016"", ""supplier_id"": ""SUP005"", ""order_qty"": 296, ""unit_cost"": 207.68, ""system_suggestion_qty"": 296, ""deviation_qty"": 0}",,False,placed
DEC000221,purchase_order,2025-06-18,"{""item_id"": ""SKU029"", ""supplier_id"": ""SUP006"", ""order_qty"": 858, ""unit_cost"": 1866.87, ""system_suggestion_qty"": 858, ""deviation_qty"": 0}",,False,placed
DEC000222,purchase_order,2025-06-18,"{""item_id"": ""SKU043"", ""supplier_id"": ""SUP001"", ""order_qty"": 760, ""unit_cost"": 964.56, ""system_suggestion_qty"": 760, ""deviation_qty"": 0}",,False,placed
DEC000223,purchase_order,2025-06-18,"{""item_id"": ""SKU044"", ""supplier_id"": ""SUP003"", ""order_qty"": 312, ""unit_cost"": 81.21, ""system_suggestion_qty"": 312, ""deviation_qty"": 0}",,False,placed
DEC000224,purchase_order,2025-06-18,"{""item_id"": ""SKU049"", ""supplier_id"": ""SUP006"", ""order_qty"": 351, ""unit_cost"": 2340.14, ""system_suggestion_qty"": 507, ""deviation_qty"": -156, ""true_assumptions"": {""lead_time_days"": {""op"": ""<="", ""value"": 16, ""observed_value"": 15, ""entity"": ""supplier:SUP006""}, ""stock_qty"": {""op"": ""<"", ""value"": 768, ""observed_value"": 734, ""entity"": ""item:SKU049""}}}",Please keep this PO open; lead time stays under 16 days and stock below 768. Bhardwaj and Sons said they'll manage.,True,placed
DEC000225,purchase_order,2025-06-19,"{""item_id"": ""SKU010"", ""supplier_id"": ""SUP006"", ""order_qty"": 292, ""unit_cost"": 445.29, ""system_suggestion_qty"": 292, ""deviation_qty"": 0}",,False,placed
DEC000226,purchase_order,2025-06-19,"{""item_id"": ""SKU050"", ""supplier_id"": ""SUP004"", ""order_qty"": 570, ""unit_cost"": 589.37, ""system_suggestion_qty"": 684, ""deviation_qty"": -114, ""true_assumptions"": {""forecast_qty"": {""op"": "">="", ""value"": 254, ""observed_value"": 333, ""entity"": ""item:SKU050:week:2025-06-16""}, ""supplier_risk"": {""field"": ""strike_status"", ""op"": ""=="", ""value"": ""clear"", ""observed_value"": ""clear"", ""entity"": ""supplier:SUP004""}}}","Urgent, don't hold it up. forecast around 254+ units.",True,placed
DEC000227,purchase_order,2025-06-20,"{""item_id"": ""SKU002"", ""supplier_id"": ""SUP005"", ""order_qty"": 960, ""unit_cost"": 1334.03, ""system_suggestion_qty"": 960, ""deviation_qty"": 0}",,False,placed
DEC000228,purchase_order,2025-06-20,"{""item_id"": ""SKU031"", ""supplier_id"": ""SUP003"", ""order_qty"": 1188, ""unit_cost"": 1541.68, ""system_suggestion_qty"": 1188, ""deviation_qty"": 0}",,False,placed
DEC000229,purchase_order,2025-06-20,"{""item_id"": ""SKU048"", ""supplier_id"": ""SUP004"", ""order_qty"": 836, ""unit_cost"": 2323.67, ""system_suggestion_qty"": 836, ""deviation_qty"": 0}",,False,placed
DEC000230,purchase_order,2025-06-21,"{""item_id"": ""SKU008"", ""supplier_id"": ""SUP004"", ""order_qty"": 1104, ""unit_cost"": 1476.92, ""system_suggestion_qty"": 920, ""deviation_qty"": 184, ""true_assumptions"": {""supplier_risk"": {""field"": ""strike_status"", ""op"": ""=="", ""value"": ""clear"", ""observed_value"": ""clear"", ""entity"": ""supplier:SUP004""}, ""forecast_qty"": {""op"": "">="", ""value"": 325, ""observed_value"": 373, ""entity"": ""item:SKU008:week:2025-06-16""}}}","Urgent, don't hold it up. strike status is clear.",True,placed
DEC000231,purchase_order,2025-06-21,"{""item_id"": ""SKU019"", ""supplier_id"": ""SUP009"", ""order_qty"": 352, ""unit_cost"": 1557.16, ""system_suggestion_qty"": 352, ""deviation_qty"": 0}",,False,placed
DEC000232,purchase_order,2025-06-21,"{""item_id"": ""SKU024"", ""supplier_id"": ""SUP009"", ""order_qty"": 775, ""unit_cost"": 2022.9, ""system_suggestion_qty"": 775, ""deviation_qty"": 0}",,False,placed
DEC000233,purchase_order,2025-06-21,"{""item_id"": ""SKU028"", ""supplier_id"": ""SUP006"", ""order_qty"": 1134, ""unit_cost"": 1003.36, ""system_suggestion_qty"": 918, ""deviation_qty"": 216, ""true_assumptions"": {""lead_time_days"": {""op"": ""<="", ""value"": 17, ""observed_value"": 15, ""entity"": ""supplier:SUP006""}, ""supplier_risk"": {""field"": ""strike_status"", ""op"": ""=="", ""value"": ""clear"", ""observed_value"": ""clear"", ""entity"": ""supplier:SUP006""}}}","Stock tight hai, lead time stays under 17 days; strike status is clear. Bhardwaj and Sons se baat hui.",True,placed
DEC000234,purchase_order,2025-06-22,"{""item_id"": ""SKU025"", ""supplier_id"": ""SUP008"", ""order_qty"": 1209, ""unit_cost"": 98.49, ""system_suggestion_qty"": 1209, ""deviation_qty"": 0}",,False,placed
DEC000235,purchase_order,2025-06-22,"{""item_id"": ""SKU032"", ""supplier_id"": ""SUP008"", ""order_qty"": 1496, ""unit_cost"": 60.16, ""system_suggestion_qty"": 1496, ""deviation_qty"": 0}",,False,placed
DEC000236,purchase_order,2025-06-24,"{""item_id"": ""SKU001"", ""supplier_id"": ""SUP002"", ""order_qty"": 225, ""unit_cost"": 1832.54, ""system_suggestion_qty"": 225, ""deviation_qty"": 0}",,False,placed
DEC000237,purchase_order,2025-06-24,"{""item_id"": ""SKU003"", ""supplier_id"": ""SUP002"", ""order_qty"": 1056, ""unit_cost"": 1604.8, ""system_suggestion_qty"": 1056, ""deviation_qty"": 0}",,False,placed
DEC000238,purchase_order,2025-06-24,"{""item_id"": ""SKU022"", ""supplier_id"": ""SUP008"", ""order_qty"": 196, ""unit_cost"": 1969.17, ""system_suggestion_qty"": 294, ""deviation_qty"": -98, ""true_assumptions"": {""stock_qty"": {""op"": ""<"", ""value"": 170, ""observed_value"": 165, ""entity"": ""item:SKU022""}, ""supplier_risk"": {""field"": ""strike_status"", ""op"": ""=="", ""value"": ""clear"", ""observed_value"": ""clear"", ""entity"": ""supplier:SUP008""}}}",Please keep this PO open; stock below 170 and strike status is clear. Mani-Nayak said they'll manage.,True,placed
DEC000239,purchase_order,2025-06-24,"{""item_id"": ""SKU041"", ""supplier_id"": ""SUP005"", ""order_qty"": 1064, ""unit_cost"": 1913.43, ""system_suggestion_qty"": 1064, ""deviation_qty"": 0}",,False,placed
DEC000240,purchase_order,2025-06-25,"{""item_id"": ""SKU021"", ""supplier_id"": ""SUP007"", ""order_qty"": 750, ""unit_cost"": 2115.76, ""system_suggestion_qty"": 495, ""deviation_qty"": 255, ""true_assumptions"": {""supplier_risk"": {""field"": ""strike_status"", ""op"": ""=="", ""value"": ""clear"", ""observed_value"": ""clear"", ""entity"": ""supplier:SUP007""}, ""stock_qty"": {""op"": ""<"", ""value"": 467, ""observed_value"": 466, ""entity"": ""item:SKU021""}}}","Stock tight hai, strike status is clear; stock below 467. Bakshi-Khanna se baat hui.",True,placed
DEC000241,purchase_order,2025-06-25,"{""item_id"": ""SKU046"", ""supplier_id"": ""SUP004"", ""order_qty"": 455, ""unit_cost"": 1554.94, ""system_suggestion_qty"": 455, ""deviation_qty"": 0}",,False,placed
DEC000242,purchase_order,2025-06-26,"{""item_id"": ""SKU009"", ""supplier_id"": ""SUP003"", ""order_qty"": 445, ""unit_cost"": 828.18, ""system_suggestion_qty"": 356, ""deviation_qty"": 89, ""true_assumptions"": {""stock_qty"": {""op"": ""<"", ""value"": 395, ""observed_value"": 388, ""entity"": ""item:SKU009""}, ""lead_time_days"": {""op"": ""<="", ""value"": 14, ""observed_value"": 13, ""entity"": ""supplier:SUP003""}}}","Stock tight hai, stock below 395; lead time stays under 14 days. Hayre, Nayak and Vaidya se baat hui.",True,placed
DEC000243,purchase_order,2025-06-26,"{""item_id"": ""SKU018"", ""supplier_id"": ""SUP003"", ""order_qty"": 1377, ""unit_cost"": 1204.32, ""system_suggestion_qty"": 1122, ""deviation_qty"": 255, ""true_assumptions"": {""forecast_qty"": {""op"": "">="", ""value"": 515, ""observed_value"": 728, ""entity"": ""item:SKU018:week:2025-06-23""}, ""stock_qty"": {""op"": ""<"", ""value"": 1404, ""observed_value"": 1328, ""entity"": ""item:SKU018""}}}","Urgent, don't hold it up. forecast around 515+ units.",True,placed
DEC000244,purchase_order,2025-06-26,"{""item_id"": ""SKU040"", ""supplier_id"": ""SUP008"", ""order_qty"": 1764, ""unit_cost"": 420.47, ""system_suggestion_qty"": 1176, ""deviation_qty"": 588, ""true_assumptions"": {""lead_time_days"": {""op"": ""<="", ""value"": 11, ""observed_value"": 7, ""entity"": ""supplier:SUP008""}, ""stock_qty"": {""op"": ""<"", ""value"": 866, ""observed_value"": 728, ""entity"": ""item:SKU040""}}}",OK to proceed for now. lead time stays under 11 days + stock below 866,True,placed
DEC000245,purchase_order,2025-06-27,"{""item_id"": ""SKU005"", ""supplier_id"": ""SUP008"", ""order_qty"": 408, ""unit_cost"": 1012.33, ""system_suggestion_qty"": 510, ""deviation_qty"": -102, ""true_assumptions"": {""stock_qty"": {""op"": ""<"", ""value"": 357, ""observed_value"": 312, ""entity"": ""item:SKU005""}, ""supplier_risk"": {""field"": ""strike_status"", ""op"": ""=="", ""value"": ""clear"", ""observed_value"": ""clear"", ""entity"": ""supplier:SUP008""}}}","Stock tight hai, stock below 357; strike status is clear. Mani-Nayak se baat hui.",True,placed
DEC000246,purchase_order,2025-06-27,"{""item_id"": ""SKU027"", ""supplier_id"": ""SUP006"", ""order_qty"": 950, ""unit_cost"": 1224.01, ""system_suggestion_qty"": 627, ""deviation_qty"": 323, ""true_assumptions"": {""stock_qty"": {""op"": ""<"", ""value"": 457, ""observed_value"": 402, ""entity"": ""item:SKU027""}, ""lead_time_days"": {""op"": ""<="", ""value"": 18, ""observed_value"": 15, ""entity"": ""supplier:SUP006""}}}",Please keep this PO open; stock below 457 and lead time stays under 18 days. Bhardwaj and Sons said they'll manage.,True,placed
DEC000247,purchase_order,2025-06-27,"{""item_id"": ""SKU045"", ""supplier_id"": ""SUP004"", ""order_qty"": 1428, ""unit_cost"": 259.74, ""system_suggestion_qty"": 1428, ""deviation_qty"": 0}",,False,placed
DEC000248,purchase_order,2025-06-27,"{""item_id"": ""SKU049"", ""supplier_id"": ""SUP006"", ""order_qty"": 468, ""unit_cost"": 2340.14, ""system_suggestion_qty"": 468, ""deviation_qty"": 0}",,False,placed
DEC000249,purchase_order,2025-06-28,"{""item_id"": ""SKU004"", ""supplier_id"": ""SUP003"", ""order_qty"": 1066, ""unit_cost"": 1370.65, ""system_suggestion_qty"": 1066, ""deviation_qty"": 0}",,False,placed
DEC000250,purchase_order,2025-06-28,"{""item_id"": ""SKU014"", ""supplier_id"": ""SUP002"", ""order_qty"": 630, ""unit_cost"": 697.4, ""system_suggestion_qty"": 630, ""deviation_qty"": 0}",,False,placed
DEC000251,purchase_order,2025-06-28,"{""item_id"": ""SKU020"", ""supplier_id"": ""SUP006"", ""order_qty"": 833, ""unit_cost"": 695.45, ""system_suggestion_qty"": 833, ""deviation_qty"": 0}",,False,placed
DEC000252,purchase_order,2025-06-28,"{""item_id"": ""SKU030"", ""supplier_id"": ""SUP001"", ""order_qty"": 440, ""unit_cost"": 221.91, ""system_suggestion_qty"": 440, ""deviation_qty"": 0}",,False,placed
DEC000253,purchase_order,2025-06-28,"{""item_id"": ""SKU038"", ""supplier_id"": ""SUP001"", ""order_qty"": 1298, ""unit_cost"": 2114.9, ""system_suggestion_qty"": 1298, ""deviation_qty"": 0}",,False,placed
DEC000254,purchase_order,2025-06-29,"{""item_id"": ""SKU042"", ""supplier_id"": ""SUP004"", ""order_qty"": 903, ""unit_cost"": 403.93, ""system_suggestion_qty"": 1118, ""deviation_qty"": -215, ""true_assumptions"": {""supplier_risk"": {""field"": ""strike_status"", ""op"": ""=="", ""value"": ""clear"", ""observed_value"": ""clear"", ""entity"": ""supplier:SUP004""}, ""forecast_qty"": {""op"": "">="", ""value"": 311, ""observed_value"": 351, ""entity"": ""item:SKU042:week:2025-06-23""}}}","Urgent, don't hold it up. strike status is clear.",True,placed
DEC000255,purchase_order,2025-06-30,"{""item_id"": ""SKU012"", ""supplier_id"": ""SUP009"", ""order_qty"": 984, ""unit_cost"": 477.23, ""system_suggestion_qty"": 656, ""deviation_qty"": 328, ""true_assumptions"": {""forecast_qty"": {""op"": "">="", ""value"": 178, ""observed_value"": 230, ""entity"": ""item:SKU012:week:2025-06-30""}, ""lead_time_days"": {""op"": ""<="", ""value"": 11, ""observed_value"": 10, ""entity"": ""supplier:SUP009""}}}","Stock tight hai, forecast around 178+ units; lead time stays under 11 days. Joshi and Sons se baat hui.",True,placed
DEC000256,purchase_order,2025-06-30,"{""item_id"": ""SKU029"", ""supplier_id"": ""SUP006"", ""order_qty"": 858, ""unit_cost"": 1866.87, ""system_suggestion_qty"": 858, ""deviation_qty"": 0}",,False,placed
DEC000257,purchase_order,2025-07-01,"{""item_id"": ""SKU013"", ""supplier_id"": ""SUP007"", ""order_qty"": 580, ""unit_cost"": 459.71, ""system_suggestion_qty"": 580, ""deviation_qty"": 0}",,False,placed
DEC000258,purchase_order,2025-07-02,"{""item_id"": ""SKU007"", ""supplier_id"": ""SUP003"", ""order_qty"": 948, ""unit_cost"": 1528.58, ""system_suggestion_qty"": 948, ""deviation_qty"": 0}",,False,placed
DEC000259,purchase_order,2025-07-03,"{""item_id"": ""SKU010"", ""supplier_id"": ""SUP006"", ""order_qty"": 365, ""unit_cost"": 445.29, ""system_suggestion_qty"": 365, ""deviation_qty"": 0}",,False,placed
DEC000260,purchase_order,2025-07-03,"{""item_id"": ""SKU033"", ""supplier_id"": ""SUP008"", ""order_qty"": 1180, ""unit_cost"": 1129.45, ""system_suggestion_qty"": 1180, ""deviation_qty"": 0}",,False,placed
DEC000261,purchase_order,2025-07-03,"{""item_id"": ""SKU035"", ""supplier_id"": ""SUP004"", ""order_qty"": 598, ""unit_cost"": 1819.58, ""system_suggestion_qty"": 598, ""deviation_qty"": 0}",,False,placed
DEC000262,purchase_order,2025-07-03,"{""item_id"": ""SKU036"", ""supplier_id"": ""SUP009"", ""order_qty"": 990, ""unit_cost"": 1566.21, ""system_suggestion_qty"": 990, ""deviation_qty"": 0}",,False,placed
DEC000263,purchase_order,2025-07-04,"{""item_id"": ""SKU034"", ""supplier_id"": ""SUP006"", ""order_qty"": 912, ""unit_cost"": 376.27, ""system_suggestion_qty"": 608, ""deviation_qty"": 304, ""true_assumptions"": {""supplier_risk"": {""field"": ""strike_status"", ""op"": ""=="", ""value"": ""clear"", ""observed_value"": ""clear"", ""entity"": ""supplier:SUP006""}, ""lead_time_days"": {""op"": ""<="", ""value"": 17, ""observed_value"": 15, ""entity"": ""supplier:SUP006""}}}","Urgent, don't hold it up. strike status is clear.",True,placed
DEC000264,purchase_order,2025-07-04,"{""item_id"": ""SKU044"", ""supplier_id"": ""SUP003"", ""order_qty"": 312, ""unit_cost"": 81.21, ""system_suggestion_qty"": 312, ""deviation_qty"": 0}",,False,placed
DEC000265,purchase_order,2025-07-04,"{""item_id"": ""SKU050"", ""supplier_id"": ""SUP004"", ""order_qty"": 836, ""unit_cost"": 589.37, ""system_suggestion_qty"": 684, ""deviation_qty"": 152, ""true_assumptions"": {""forecast_qty"": {""op"": "">="", ""value"": 190, ""observed_value"": 246, ""entity"": ""item:SKU050:week:2025-06-30""}, ""supplier_risk"": {""field"": ""strike_status"", ""op"": ""=="", ""value"": ""clear"", ""observed_value"": ""clear"", ""entity"": ""supplier:SUP004""}}}",Need this covered: forecast around 190+ units / strike status is clear. Pls check again next week.,True,placed
DEC000266,purchase_order,2025-07-05,"{""item_id"": ""SKU006"", ""supplier_id"": ""SUP010"", ""order_qty"": 636, ""unit_cost"": 256.2, ""system_suggestion_qty"": 530, ""deviation_qty"": 106, ""true_assumptions"": {""supplier_risk"": {""field"": ""strike_status"", ""op"": ""=="", ""value"": ""clear"", ""observed_value"": ""clear"", ""entity"": ""supplier:SUP010""}, ""stock_qty"": {""op"": ""<"", ""value"": 355, ""observed_value"": 317, ""entity"": ""item:SKU006""}}}","Urgent, don't hold it up. strike status is clear.",True,placed
DEC000267,purchase_order,2025-07-05,"{""item_id"": ""SKU015"", ""supplier_id"": ""SUP009"", ""order_qty"": 416, ""unit_cost"": 1092.68, ""system_suggestion_qty"": 640, ""deviation_qty"": -224, ""true_assumptions"": {""supplier_risk"": {""field"": ""strike_status"", ""op"": ""=="", ""value"": ""clear"", ""observed_value"": ""clear"", ""entity"": ""supplier:SUP009""}, ""stock_qty"": {""op"": ""<"", ""value"": 685, ""observed_value"": 589, ""entity"": ""item:SKU015""}}}",Need this covered: strike status is clear / stock below 685. Pls check again next week.,True,placed
DEC000268,purchase_order,2025-07-05,"{""item_id"": ""SKU026"", ""supplier_id"": ""SUP005"", ""order_qty"": 1540, ""unit_cost"": 1793.81, ""system_suggestion_qty"": 1540, ""deviation_qty"": 0}",,False,placed
DEC000269,purchase_order,2025-07-05,"{""item_id"": ""SKU031"", ""supplier_id"": ""SUP003"", ""order_qty"": 1440, ""unit_cost"": 1541.68, ""system_suggestion_qty"": 1188, ""deviation_qty"": 252, ""true_assumptions"": {""forecast_qty"": {""op"": "">="", ""value"": 608, ""observed_value"": 811, ""entity"": ""item:SKU031:week:2025-06-30""}, ""lead_time_days"": {""op"": ""<="", ""value"": 18, ""observed_value"": 13, ""entity"": ""supplier:SUP003""}}}","Urgent, don't hold it up. forecast around 608+ units.",True,placed
DEC000270,purchase_order,2025-07-05,"{""item_id"": ""SKU037"", ""supplier_id"": ""SUP002"", ""order_qty"": 336, ""unit_cost"": 1626.28, ""system_suggestion_qty"": 336, ""deviation_qty"": 0}",,False,placed
DEC000271,purchase_order,2025-07-06,"{""item_id"": ""SKU047"", ""supplier_id"": ""SUP010"", ""order_qty"": 994, ""unit_cost"": 1256.36, ""system_suggestion_qty"": 994, ""deviation_qty"": 0}",,False,placed
DEC000272,purchase_order,2025-07-07,"{""item_id"": ""SKU003"", ""supplier_id"": ""SUP002"", ""order_qty"": 1088, ""unit_cost"": 1604.8, ""system_suggestion_qty"": 1088, ""deviation_qty"": 0}",,False,placed
DEC000273,purchase_order,2025-07-07,"{""item_id"": ""SKU011"", ""supplier_id"": ""SUP001"", ""order_qty"": 1360, ""unit_cost"": 2343.47, ""system_suggestion_qty"": 1360, ""deviation_qty"": 0}",,False,placed
DEC000274,purchase_order,2025-07-07,"{""item_id"": ""SKU043"", ""supplier_id"": ""SUP001"", ""order_qty"": 760, ""unit_cost"": 964.56, ""system_suggestion_qty"": 760, ""deviation_qty"": 0}",,False,placed
DEC000275,purchase_order,2025-07-08,"{""item_id"": ""SKU001"", ""supplier_id"": ""SUP002"", ""order_qty"": 225, ""unit_cost"": 1832.54, ""system_suggestion_qty"": 225, ""deviation_qty"": 0}",,False,placed
DEC000276,purchase_order,2025-07-08,"{""item_id"": ""SKU017"", ""supplier_id"": ""SUP003"", ""order_qty"": 552, ""unit_cost"": 282.55, ""system_suggestion_qty"": 414, ""deviation_qty"": 138, ""true_assumptions"": {""supplier_risk"": {""field"": ""strike_status"", ""op"": ""=="", ""value"": ""clear"", ""observed_value"": ""clear"", ""entity"": ""supplier:SUP003""}, ""stock_qty"": {""op"": ""<"", ""value"": 462, ""observed_value"": 461, ""entity"": ""item:SKU017""}}}","Please keep this PO open; strike status is clear and stock below 462. Hayre, Nayak and Vaidya said they'll manage.",True,placed
DEC000277,purchase_order,2025-07-08,"{""item_id"": ""SKU022"", ""supplier_id"": ""SUP008"", ""order_qty"": 294, ""unit_cost"": 1969.17, ""system_suggestion_qty"": 294, ""deviation_qty"": 0}",,False,placed
DEC000278,purchase_order,2025-07-08,"{""item_id"": ""SKU028"", ""supplier_id"": ""SUP006"", ""order_qty"": 1080, ""unit_cost"": 1003.36, ""system_suggestion_qty"": 864, ""deviation_qty"": 216, ""true_assumptions"": {""forecast_qty"": {""op"": "">="", ""value"": 331, ""observed_value"": 393, ""entity"": ""item:SKU028:week:2025-07-07""}, ""supplier_risk"": {""field"": ""strike_status"", ""op"": ""=="", ""value"": ""clear"", ""observed_value"": ""clear"", ""entity"": ""supplier:SUP006""}}}","Stock tight hai, forecast around 331+ units; strike status is clear. Bhardwaj and Sons se baat hui.",True,placed
DEC000279,purchase_order,2025-07-08,"{""item_id"": ""SKU048"", ""supplier_id"": ""SUP004"", ""order_qty"": 836, ""unit_cost"": 2323.67, ""system_suggestion_qty"": 836, ""deviation_qty"": 0}",,False,placed
DEC000280,purchase_order,2025-07-09,"{""item_id"": ""SKU016"", ""supplier_id"": ""SUP005"", ""order_qty"": 333, ""unit_cost"": 207.68, ""system_suggestion_qty"": 333, ""deviation_qty"": 0}",,False,placed
DEC000281,purchase_order,2025-07-09,"{""item_id"": ""SKU019"", ""supplier_id"": ""SUP009"", ""order_qty"": 396, ""unit_cost"": 1557.16, ""system_suggestion_qty"": 396, ""deviation_qty"": 0}",,False,placed
DEC000282,purchase_order,2025-07-09,"{""item_id"": ""SKU023"", ""supplier_id"": ""SUP010"", ""order_qty"": 960, ""unit_cost"": 226.74, ""system_suggestion_qty"": 768, ""deviation_qty"": 192, ""true_assumptions"": {""lead_time_days"": {""op"": ""<="", ""value"": 9, ""observed_value"": 7, ""entity"": ""supplier:SUP010""}, ""stock_qty"": {""op"": ""<"", ""value"": 480, ""observed_value"": 459, ""entity"": ""item:SKU023""}}}",Need this covered: lead time stays under 9 days / stock below 480. Pls check again next week.,True,placed
DEC000283,purchase_order,2025-07-09,"{""item_id"": ""SKU024"", ""supplier_id"": ""SUP009"", ""order_qty"": 744, ""unit_cost"": 2022.9, ""system_suggestion_qty"": 744, ""deviation_qty"": 0}",,False,placed
DEC000284,purchase_order,2025-07-09,"{""item_id"": ""SKU039"", ""supplier_id"": ""SUP008"", ""order_qty"": 522, ""unit_cost"": 302.78, ""system_suggestion_qty"": 638, ""deviation_qty"": -116, ""true_assumptions"": {""supplier_risk"": {""field"": ""strike_status"", ""op"": ""=="", ""value"": ""clear"", ""observed_value"": ""clear"", ""entity"": ""supplier:SUP008""}, ""forecast_qty"": {""op"": "">="", ""value"": 179, ""observed_value"": 200, ""entity"": ""item:SKU039:week:2025-07-07""}}}","Urgent, don't hold it up. strike status is clear.",True,placed
DEC000285,purchase_order,2025-07-09,"{""item_id"": ""SKU049"", ""supplier_id"": ""SUP006"", ""order_qty"": 468, ""unit_cost"": 2340.14, ""system_suggestion_qty"": 468, ""deviation_qty"": 0}",,False,placed
DEC000286,purchase_order,2025-07-10,"{""item_id"": ""SKU002"", ""supplier_id"": ""SUP005"", ""order_qty"": 960, ""unit_cost"": 1334.03, ""system_suggestion_qty"": 960, ""deviation_qty"": 0}",,False,placed
DEC000287,purchase_order,2025-07-12,"{""item_id"": ""SKU005"", ""supplier_id"": ""SUP008"", ""order_qty"": 510, ""unit_cost"": 1012.33, ""system_suggestion_qty"": 510, ""deviation_qty"": 0}",,False,placed
DEC000288,purchase_order,2025-07-12,"{""item_id"": ""SKU008"", ""supplier_id"": ""SUP004"", ""order_qty"": 1288, ""unit_cost"": 1476.92, ""system_suggestion_qty"": 1012, ""deviation_qty"": 276, ""true_assumptions"": {""lead_time_days"": {""op"": ""<="", ""value"": 11, ""observed_value"": 10, ""entity"": ""supplier:SUP004""}, ""stock_qty"": {""op"": ""<"", ""value"": 773, ""observed_value"": 761, ""entity"": ""item:SKU008""}}}",Please keep this PO open; lead time stays under 11 days and stock below 773. Shere Inc said they'll manage.,True,placed
DEC000289,purchase_order,2025-07-12,"{""item_id"": ""SKU020"", ""supplier_id"": ""SUP006"", ""order_qty"": 680, ""unit_cost"": 695.45, ""system_suggestion_qty"": 850, ""deviation_qty"": -170, ""true_assumptions"": {""stock_qty"": {""op"": ""<"", ""value"": 1392, ""observed_value"": 1287, ""entity"": ""item:SKU020""}, ""lead_time_days"": {""op"": ""<="", ""value"": 19, ""observed_value"": 15, ""entity"": ""supplier:SUP006""}}}","Stock tight hai, stock below 1392; lead time stays under 19 days. Bhardwaj and Sons se baat hui.",True,placed
DEC000290,purchase_order,2025-07-13,"{""item_id"": ""SKU014"", ""supplier_id"": ""SUP002"", ""order_qty"": 756, ""unit_cost"": 697.4, ""system_suggestion_qty"": 630, ""deviation_qty"": 126, ""true_assumptions"": {""supplier_risk"": {""field"": ""strike_status"", ""op"": ""=="", ""value"": ""clear"", ""observed_value"": ""clear"", ""entity"": ""supplier:SUP002""}, ""stock_qty"": {""op"": ""<"", ""value"": 933, ""observed_value"": 896, ""entity"": ""item:SKU014""}}}","Urgent, don't hold it up. strike status is clear.",True,placed
DEC000291,purchase_order,2025-07-13,"{""item_id"": ""SKU018"", ""supplier_id"": ""SUP003"", ""order_qty"": 1122, ""unit_cost"": 1204.32, ""system_suggestion_qty"": 1122, ""deviation_qty"": 0}",,False,placed
DEC000292,purchase_order,2025-07-13,"{""item_id"": ""SKU021"", ""supplier_id"": ""SUP007"", ""order_qty"": 495, ""unit_cost"": 2115.76, ""system_suggestion_qty"": 495, ""deviation_qty"": 0}",,False,placed
DEC000293,purchase_order,2025-07-13,"{""item_id"": ""SKU025"", ""supplier_id"": ""SUP008"", ""order_qty"": 1209, ""unit_cost"": 98.49, ""system_suggestion_qty"": 1209, ""deviation_qty"": 0}",,False,placed
DEC000294,purchase_order,2025-07-13,"{""item_id"": ""SKU032"", ""supplier_id"": ""SUP008"", ""order_qty"": 2288, ""unit_cost"": 60.16, ""system_suggestion_qty"": 1496, ""deviation_qty"": 792, ""true_assumptions"": {""lead_time_days"": {""op"": ""<="", ""value"": 11, ""observed_value"": 7, ""entity"": ""supplier:SUP008""}, ""stock_qty"": {""op"": ""<"", ""value"": 1131, ""observed_value"": 944, ""entity"": ""item:SKU032""}}}",Need this covered: lead time stays under 11 days / stock below 1131. Pls check again next week.,True,placed
DEC000295,purchase_order,2025-07-13,"{""item_id"": ""SKU042"", ""supplier_id"": ""SUP004"", ""order_qty"": 1118, ""unit_cost"": 403.93, ""system_suggestion_qty"": 1118, ""deviation_qty"": 0}",,False,placed
DEC000296,purchase_order,2025-07-14,"{""item_id"": ""SKU004"", ""supplier_id"": ""SUP003"", ""order_qty"": 1148, ""unit_cost"": 1370.65, ""system_suggestion_qty"": 1148, ""deviation_qty"": 0}",,False,placed
DEC000297,purchase_order,2025-07-14,"{""item_id"": ""SKU013"", ""supplier_id"": ""SUP007"", ""order_qty"": 580, ""unit_cost"": 459.71, ""system_suggestion_qty"": 580, ""deviation_qty"": 0}",,False,placed
DEC000298,purchase_order,2025-07-14,"{""item_id"": ""SKU029"", ""supplier_id"": ""SUP006"", ""order_qty"": 728, ""unit_cost"": 1866.87, ""system_suggestion_qty"": 884, ""deviation_qty"": -156, ""true_assumptions"": {""supplier_risk"": {""field"": ""strike_status"", ""op"": ""=="", ""value"": ""clear"", ""observed_value"": ""clear"", ""entity"": ""supplier:SUP006""}, ""stock_qty"": {""op"": ""<"", ""value"": 1587, ""observed_value"": 1367, ""entity"": ""item:SKU029""}}}",OK to proceed for now. strike status is clear + stock below 1587,True,placed
DEC000299,purchase_order,2025-07-14,"{""item_id"": ""SKU041"", ""supplier_id"": ""SUP005"", ""order_qty"": 1102, ""unit_cost"": 1913.43, ""system_suggestion_qty"": 1102, ""deviation_qty"": 0}",,False,placed
DEC000300,purchase_order,2025-07-14,"{""item_id"": ""SKU046"", ""supplier_id"": ""SUP004"", ""order_qty"": 455, ""unit_cost"": 1554.94, ""system_suggestion_qty"": 455, ""deviation_qty"": 0}",,False,placed
DEC000301,purchase_order,2025-07-15,"{""item_id"": ""SKU045"", ""supplier_id"": ""SUP004"", ""order_qty"": 1428, ""unit_cost"": 259.74, ""system_suggestion_qty"": 1428, ""deviation_qty"": 0}",,False,placed
DEC000302,purchase_order,2025-07-16,"{""item_id"": ""SKU007"", ""supplier_id"": ""SUP003"", ""order_qty"": 1027, ""unit_cost"": 1528.58, ""system_suggestion_qty"": 1027, ""deviation_qty"": 0}",,False,placed
DEC000303,purchase_order,2025-07-16,"{""item_id"": ""SKU009"", ""supplier_id"": ""SUP003"", ""order_qty"": 356, ""unit_cost"": 828.18, ""system_suggestion_qty"": 356, ""deviation_qty"": 0}",,False,placed
DEC000304,purchase_order,2025-07-16,"{""item_id"": ""SKU015"", ""supplier_id"": ""SUP009"", ""order_qty"": 672, ""unit_cost"": 1092.68, ""system_suggestion_qty"": 672, ""deviation_qty"": 0}",,False,placed
DEC000305,purchase_order,2025-07-16,"{""item_id"": ""SKU027"", ""supplier_id"": ""SUP006"", ""order_qty"": 665, ""unit_cost"": 1224.01, ""system_suggestion_qty"": 665, ""deviation_qty"": 0}",,False,placed
DEC000306,purchase_order,2025-07-17,"{""item_id"": ""SKU038"", ""supplier_id"": ""SUP001"", ""order_qty"": 1357, ""unit_cost"": 2114.9, ""system_suggestion_qty"": 1357, ""deviation_qty"": 0}",,False,placed
DEC000307,purchase_order,2025-07-18,"{""item_id"": ""SKU010"", ""supplier_id"": ""SUP006"", ""order_qty"": 584, ""unit_cost"": 445.29, ""system_suggestion_qty"": 365, ""deviation_qty"": 219, ""true_assumptions"": {""lead_time_days"": {""op"": ""<="", ""value"": 19, ""observed_value"": 15, ""entity"": ""supplier:SUP006""}, ""stock_qty"": {""op"": ""<"", ""value"": 444, ""observed_value"": 440, ""entity"": ""item:SKU010""}}}","Urgent, don't hold it up. lead time stays under 19 days.",True,placed
DEC000308,purchase_order,2025-07-18,"{""item_id"": ""SKU030"", ""supplier_id"": ""SUP001"", ""order_qty"": 330, ""unit_cost"": 221.91, ""system_suggestion_qty"": 440, ""deviation_qty"": -110, ""true_assumptions"": {""lead_time_days"": {""op"": ""<="", ""value"": 13, ""observed_value"": 8, ""entity"": ""supplier:SUP001""}, ""supplier_risk"": {""field"": ""strike_status"", ""op"": ""=="", ""value"": ""clear"", ""observed_value"": ""clear"", ""entity"": ""supplier:SUP001""}}}",OK to proceed for now. lead time stays under 13 days + strike status is clear,True,placed
DEC000309,purchase_order,2025-07-19,"{""item_id"": ""SKU037"", ""supplier_id"": ""SUP002"", ""order_qty"": 336, ""unit_cost"": 1626.28, ""system_suggestion_qty"": 336, ""deviation_qty"": 0}",,False,placed
DEC000310,purchase_order,2025-07-19,"{""item_id"": ""SKU044"", ""supplier_id"": ""SUP003"", ""order_qty"": 312, ""unit_cost"": 81.21, ""system_suggestion_qty"": 312, ""deviation_qty"": 0}",,False,placed
DEC000311,purchase_order,2025-07-20,"{""item_id"": ""SKU036"", ""supplier_id"": ""SUP009"", ""order_qty"": 990, ""unit_cost"": 1566.21, ""system_suggestion_qty"": 990, ""deviation_qty"": 0}",,False,placed
DEC000312,purchase_order,2025-07-21,"{""item_id"": ""SKU003"", ""supplier_id"": ""SUP002"", ""order_qty"": 1280, ""unit_cost"": 1604.8, ""system_suggestion_qty"": 1056, ""deviation_qty"": 224, ""true_assumptions"": {""supplier_risk"": {""field"": ""strike_status"", ""op"": ""=="", ""value"": ""clear"", ""observed_value"": ""clear"", ""entity"": ""supplier:SUP002""}, ""stock_qty"": {""op"": ""<"", ""value"": 454, ""observed_value"": 452, ""entity"": ""item:SKU003""}}}",OK to proceed for now. strike status is clear + stock below 454,True,placed
DEC000313,purchase_order,2025-07-22,"{""item_id"": ""SKU001"", ""supplier_id"": ""SUP002"", ""order_qty"": 225, ""unit_cost"": 1832.54, ""system_suggestion_qty"": 225, ""deviation_qty"": 0}",,False,placed
DEC000314,purchase_order,2025-07-22,"{""item_id"": ""SKU031"", ""supplier_id"": ""SUP003"", ""order_qty"": 1152, ""unit_cost"": 1541.68, ""system_suggestion_qty"": 1152, ""deviation_qty"": 0}",,False,placed
DEC000315,purchase_order,2025-07-22,"{""item_id"": ""SKU033"", ""supplier_id"": ""SUP008"", ""order_qty"": 1180, ""unit_cost"": 1129.45, ""system_suggestion_qty"": 1180, ""deviation_qty"": 0}",,False,placed
DEC000316,purchase_order,2025-07-22,"{""item_id"": ""SKU035"", ""supplier_id"": ""SUP004"", ""order_qty"": 598, ""unit_cost"": 1819.58, ""system_suggestion_qty"": 598, ""deviation_qty"": 0}",,False,placed
DEC000317,purchase_order,2025-07-22,"{""item_id"": ""SKU049"", ""supplier_id"": ""SUP006"", ""order_qty"": 624, ""unit_cost"": 2340.14, ""system_suggestion_qty"": 507, ""deviation_qty"": 117, ""true_assumptions"": {""lead_time_days"": {""op"": ""<="", ""value"": 20, ""observed_value"": 15, ""entity"": ""supplier:SUP006""}, ""stock_qty"": {""op"": ""<"", ""value"": 277, ""observed_value"": 257, ""entity"": ""item:SKU049""}}}","Stock tight hai, lead time stays under 20 days; stock below 277. Bhardwaj and Sons se baat hui.",True,placed
DEC000318,purchase_order,2025-07-23,"{""item_id"": ""SKU020"", ""supplier_id"": ""SUP006"", ""order_qty"": 867, ""unit_cost"": 695.45, ""system_suggestion_qty"": 867, ""deviation_qty"": 0}",,False,placed
DEC000319,purchase_order,2025-07-23,"{""item_id"": ""SKU028"", ""supplier_id"": ""SUP006"", ""order_qty"": 864, ""unit_cost"": 1003.36, ""system_suggestion_qty"": 864, ""deviation_qty"": 0}",,False,placed
DEC000320,purchase_order,2025-07-23,"{""item_id"": ""SKU029"", ""supplier_id"": ""SUP006"", ""order_qty"": 572, ""unit_cost"": 1866.87, ""system_suggestion_qty"": 858, ""deviation_qty"": -286, ""true_assumptions"": {""stock_qty"": {""op"": ""<"", ""value"": 680, ""observed_value"": 662, ""entity"": ""item:SKU029""}, ""lead_time_days"": {""op"": ""<="", ""value"": 18, ""observed_value"": 15, ""entity"": ""supplier:SUP006""}}}","Urgent, don't hold it up. stock below 680.",True,placed
DEC000321,purchase_order,2025-07-24,"{""item_id"": ""SKU011"", ""supplier_id"": ""SUP001"", ""order_qty"": 1390, ""unit_cost"": 2343.47, ""system_suggestion_qty"": 1390, ""deviation_qty"": 0}",,False,placed
DEC000322,purchase_order,2025-07-24,"{""item_id"": ""SKU050"", ""supplier_id"": ""SUP004"", ""order_qty"": 836, ""unit_cost"": 589.37, ""system_suggestion_qty"": 684, ""deviation_qty"": 152, ""true_assumptions"": {""lead_time_days"": {""op"": ""<="", ""value"": 13, ""observed_value"": 10, ""entity"": ""supplier:SUP004""}, ""forecast_qty"": {""op"": "">="", ""value"": 173, ""observed_value"": 228, ""entity"": ""item:SKU050:week:2025-07-21""}}}",Need this covered: lead time stays under 13 days / forecast around 173+ units. Pls check again next week.,True,placed
DEC000323,purchase_order,2025-07-25,"{""item_id"": ""SKU034"", ""supplier_id"": ""SUP006"", ""order_qty"": 760, ""unit_cost"": 376.27, ""system_suggestion_qty"": 608, ""deviation_qty"": 152, ""true_assumptions"": {""supplier_risk"": {""field"": ""strike_status"", ""op"": ""=="", ""value"": ""clear"", ""observed_value"": ""clear"", ""entity"": ""supplier:SUP006""}, ""stock_qty"": {""op"": ""<"", ""value"": 948, ""observed_value"": 867, ""entity"": ""item:SKU034""}}}","Stock tight hai, strike status is clear; stock below 948. Bhardwaj and Sons se baat hui.",True,placed
DEC000324,purchase_order,2025-07-25,"{""item_id"": ""SKU039"", ""supplier_id"": ""SUP008"", ""order_qty"": 638, ""unit_cost"": 302.78, ""system_suggestion_qty"": 638, ""deviation_qty"": 0}",,False,placed
DEC000325,purchase_order,2025-07-25,"{""item_id"": ""SKU040"", ""supplier_id"": ""SUP008"", ""order_qty"": 1176, ""unit_cost"": 420.47, ""system_suggestion_qty"": 1176, ""deviation_qty"": 0}",,False,placed
DEC000326,purchase_order,2025-07-26,"{""item_id"": ""SKU012"", ""supplier_id"": ""SUP009"", ""order_qty"": 984, ""unit_cost"": 477.23, ""system_suggestion_qty"": 656, ""deviation_qty"": 328, ""true_assumptions"": {""lead_time_days"": {""op"": ""<="", ""value"": 15, ""observed_value"": 10, ""entity"": ""supplier:SUP009""}, ""supplier_risk"": {""field"": ""strike_status"", ""op"": ""=="", ""value"": ""clear"", ""observed_value"": ""clear"", ""entity"": ""supplier:SUP009""}}}",Need this covered: lead time stays under 15 days / strike status is clear. Pls check again next week.,True,placed
DEC000327,purchase_order,2025-07-26,"{""item_id"": ""SKU013"", ""supplier_id"": ""SUP007"", ""order_qty"": 580, ""unit_cost"": 459.71, ""system_suggestion_qty"": 580, ""deviation_qty"": 0}",,False,placed
DEC000328,purchase_order,2025-07-26,"{""item_id"": ""SKU026"", ""supplier_id"": ""SUP005"", ""order_qty"": 1540, ""unit_cost"": 1793.81, ""system_suggestion_qty"": 1540, ""deviation_qty"": 0}",,False,placed
DEC000329,purchase_order,2025-07-26,"{""item_id"": ""SKU043"", ""supplier_id"": ""SUP001"", ""order_qty"": 760, ""unit_cost"": 964.56, ""system_suggestion_qty"": 760, ""deviation_qty"": 0}",,False,placed
DEC000330,purchase_order,2025-07-26,"{""item_id"": ""SKU047"", ""supplier_id"": ""SUP010"", ""order_qty"": 1022, ""unit_cost"": 1256.36, ""system_suggestion_qty"": 1022, ""deviation_qty"": 0}",,False,placed
DEC000331,purchase_order,2025-07-26,"{""item_id"": ""SKU048"", ""supplier_id"": ""SUP004"", ""order_qty"": 608, ""unit_cost"": 2323.67, ""system_suggestion_qty"": 760, ""deviation_qty"": -152, ""true_assumptions"": {""stock_qty"": {""op"": ""<"", ""value"": 718, ""observed_value"": 712, ""entity"": ""item:SKU048""}, ""forecast_qty"": {""op"": "">="", ""value"": 202, ""observed_value"": 311, ""entity"": ""item:SKU048:week:2025-07-21""}}}","Urgent, don't hold it up. stock below 718.",True,placed
DEC000332,purchase_order,2025-07-27,"{""item_id"": ""SKU021"", ""supplier_id"": ""SUP007"", ""order_qty"": 495, ""unit_cost"": 2115.76, ""system_suggestion_qty"": 495, ""deviation_qty"": 0}",,False,placed
DEC000333,purchase_order,2025-07-28,"{""item_id"": ""SKU018"", ""supplier_id"": ""SUP003"", ""order_qty"": 1377, ""unit_cost"": 1204.32, ""system_suggestion_qty"": 1122, ""deviation_qty"": 255, ""true_assumptions"": {""lead_time_days"": {""op"": ""<="", ""value"": 17, ""observed_value"": 13, ""entity"": ""supplier:SUP003""}, ""forecast_qty"": {""op"": "">="", ""value"": 475, ""observed_value"": 547, ""entity"": ""item:SKU018:week:2025-07-28""}}}","Please keep this PO open; lead time stays under 17 days and forecast around 475+ units. Hayre, Nayak and Vaidya said they'll manage.",True,placed
DEC000334,purchase_order,2025-07-28,"{""item_id"": ""SKU019"", ""supplier_id"": ""SUP009"", ""order_qty"": 352, ""unit_cost"": 1557.16, ""system_suggestion_qty"": 352, ""deviation_qty"": 0}",,False,placed
DEC000335,purchase_order,2025-07-28,"{""item_id"": ""SKU024"", ""supplier_id"": ""SUP009"", ""order_qty"": 496, ""unit_cost"": 2022.9, ""system_suggestion_qty"": 744, ""deviation_qty"": -248, ""true_assumptions"": {""stock_qty"": {""op"": ""<"", ""value"": 765, ""observed_value"": 651, ""entity"": ""item:SKU024""}, ""forecast_qty"": {""op"": "">="", ""value"": 178, ""observed_value"": 242, ""entity"": ""item:SKU024:week:2025-07-28""}}}","Stock tight hai, stock below 765; forecast around 178+ units. Joshi and Sons se baat hui.",True,placed
DEC000336,purchase_order,2025-07-29,"{""item_id"": ""SKU014"", ""supplier_id"": ""SUP002"", ""order_qty"": 462, ""unit_cost"": 697.4, ""system_suggestion_qty"": 672, ""deviation_qty"": -210, ""true_assumptions"": {""forecast_qty"": {""op"": "">="", ""value"": 276, ""observed_value"": 363, ""entity"": ""item:SKU014:week:2025-07-28""}, ""stock_qty"": {""op"": ""<"", ""value"": 997, ""observed_value"": 873, ""entity"": ""item:SKU014""}}}",OK to proceed for now. forecast around 276+ units + stock below 997,True,placed
DEC000337,purchase_order,2025-07-29,"{""item_id"": ""SKU017"", ""supplier_id"": ""SUP003"", ""order_qty"": 414, ""unit_cost"": 282.55, ""system_suggestion_qty"": 414, ""deviation_qty"": 0}",,False,placed
DEC000338,purchase_order,2025-07-29,"{""item_id"": ""SKU027"", ""supplier_id"": ""SUP006"", ""order_qty"": 627, ""unit_cost"": 1224.01, ""system_suggestion_qty"": 627, ""deviation_qty"": 0}",,False,placed
DEC000339,purchase_order,2025-07-30,"{""item_id"": ""SKU004"", ""supplier_id"": ""SUP003"", ""order_qty"": 1148, ""unit_cost"": 1370.65, ""system_suggestion_qty"": 1148, ""deviation_qty"": 0}",,False,placed
DEC000340,purchase_order,2025-07-30,"{""item_id"": ""SKU006"", ""supplier_id"": ""SUP010"", ""order_qty"": 530, ""unit_cost"": 256.2, ""system_suggestion_qty"": 530, ""deviation_qty"": 0}",,False,placed
DEC000341,purchase_order,2025-07-30,"{""item_id"": ""SKU007"", ""supplier_id"": ""SUP003"", ""order_qty"": 948, ""unit_cost"": 1528.58, ""system_suggestion_qty"": 948, ""deviation_qty"": 0}",,False,placed
DEC000342,purchase_order,2025-07-30,"{""item_id"": ""SKU022"", ""supplier_id"": ""SUP008"", ""order_qty"": 294, ""unit_cost"": 1969.17, ""system_suggestion_qty"": 294, ""deviation_qty"": 0}",,False,placed
DEC000343,purchase_order,2025-07-31,"{""item_id"": ""SKU016"", ""supplier_id"": ""SUP005"", ""order_qty"": 222, ""unit_cost"": 207.68, ""system_suggestion_qty"": 296, ""deviation_qty"": -74, ""true_assumptions"": {""lead_time_days"": {""op"": ""<="", ""value"": 7, ""observed_value"": 6, ""entity"": ""supplier:SUP005""}, ""stock_qty"": {""op"": ""<"", ""value"": 173, ""observed_value"": 164, ""entity"": ""item:SKU016""}}}","Stock tight hai, lead time stays under 7 days; stock below 173. Ratti-Wable se baat hui.",True,placed
DEC000344,purchase_order,2025-07-31,"{""item_id"": ""SKU029"", ""supplier_id"": ""SUP006"", ""order_qty"": 858, ""unit_cost"": 1866.87, ""system_suggestion_qty"": 858, ""deviation_qty"": 0}",,False,placed
DEC000345,purchase_order,2025-07-31,"{""item_id"": ""SKU042"", ""supplier_id"": ""SUP004"", ""order_qty"": 1161, ""unit_cost"": 403.93, ""system_suggestion_qty"": 1161, ""deviation_qty"": 0}",,False,placed
DEC000346,purchase_order,2025-07-31,"{""item_id"": ""SKU046"", ""supplier_id"": ""SUP004"", ""order_qty"": 455, ""unit_cost"": 1554.94, ""system_suggestion_qty"": 455, ""deviation_qty"": 0}",,False,placed
DEC000347,purchase_order,2025-08-01,"{""item_id"": ""SKU005"", ""supplier_id"": ""SUP008"", ""order_qty"": 612, ""unit_cost"": 1012.33, ""system_suggestion_qty"": 510, ""deviation_qty"": 102, ""true_assumptions"": {""lead_time_days"": {""op"": ""<="", ""value"": 9, ""observed_value"": 7, ""entity"": ""supplier:SUP008""}, ""stock_qty"": {""op"": ""<"", ""value"": 311, ""observed_value"": 310, ""entity"": ""item:SKU005""}}}",Need this covered: lead time stays under 9 days / stock below 311. Pls check again next week.,True,placed
DEC000348,purchase_order,2025-08-01,"{""item_id"": ""SKU009"", ""supplier_id"": ""SUP003"", ""order_qty"": 267, ""unit_cost"": 828.18, ""system_suggestion_qty"": 356, ""deviation_qty"": -89, ""true_assumptions"": {""supplier_risk"": {""field"": ""strike_status"", ""op"": ""=="", ""value"": ""clear"", ""observed_value"": ""clear"", ""entity"": ""supplier:SUP003""}, ""stock_qty"": {""op"": ""<"", ""value"": 416, ""observed_value"": 393, ""entity"": ""item:SKU009""}}}","Urgent, don't hold it up. strike status is clear.",True,placed
DEC000349,purchase_order,2025-08-01,"{""item_id"": ""SKU025"", ""supplier_id"": ""SUP008"", ""order_qty"": 1209, ""unit_cost"": 98.49, ""system_suggestion_qty"": 1209, ""deviation_qty"": 0}",,False,placed
DEC000350,purchase_order,2025-08-01,"{""item_id"": ""SKU045"", ""supplier_id"": ""SUP004"", ""order_qty"": 1428, ""unit_cost"": 259.74, ""system_suggestion_qty"": 1428, ""deviation_qty"": 0}",,False,placed
DEC000351,purchase_order,2025-08-02,"{""item_id"": ""SKU002"", ""supplier_id"": ""SUP005"", ""order_qty"": 960, ""unit_cost"": 1334.03, ""system_suggestion_qty"": 960, ""deviation_qty"": 0}",,False,placed
DEC000352,purchase_order,2025-08-02,"{""item_id"": ""SKU015"", ""supplier_id"": ""SUP009"", ""order_qty"": 672, ""unit_cost"": 1092.68, ""system_suggestion_qty"": 672, ""deviation_qty"": 0}",,False,placed
DEC000353,purchase_order,2025-08-02,"{""item_id"": ""SKU030"", ""supplier_id"": ""SUP001"", ""order_qty"": 440, ""unit_cost"": 221.91, ""system_suggestion_qty"": 440, ""deviation_qty"": 0}",,False,placed
DEC000354,purchase_order,2025-08-02,"{""item_id"": ""SKU037"", ""supplier_id"": ""SUP002"", ""order_qty"": 504, ""unit_cost"": 1626.28, ""system_suggestion_qty"": 336, ""deviation_qty"": 168, ""true_assumptions"": {""supplier_risk"": {""field"": ""strike_status"", ""op"": ""=="", ""value"": ""clear"", ""observed_value"": ""clear"", ""entity"": ""supplier:SUP002""}, ""lead_time_days"": {""op"": ""<="", ""value"": 17, ""observed_value"": 14, ""entity"": ""supplier:SUP002""}}}","Urgent, don't hold it up. strike status is clear.",True,placed
DEC000355,purchase_order,2025-08-03,"{""item_id"": ""SKU008"", ""supplier_id"": ""SUP004"", ""order_qty"": 920, ""unit_cost"": 1476.92, ""system_suggestion_qty"": 920, ""deviation_qty"": 0}",,False,placed
DEC000356,purchase_order,2025-08-03,"{""item_id"": ""SKU023"", ""supplier_id"": ""SUP010"", ""order_qty"": 768, ""unit_cost"": 226.74, ""system_suggestion_qty"": 768, ""deviation_qty"": 0}",,False,placed
DEC000357,purchase_order,2025-08-04,"{""item_id"": ""SKU020"", ""supplier_id"": ""SUP006"", ""order_qty"": 816, ""unit_cost"": 695.45, ""system_suggestion_qty"": 816, ""deviation_qty"": 0}",,False,placed
DEC000358,purchase_order,2025-08-04,"{""item_id"": ""SKU031"", ""supplier_id"": ""SUP003"", ""order_qty"": 1152, ""unit_cost"": 1541.68, ""system_suggestion_qty"": 1152, ""deviation_qty"": 0}",,False,placed
DEC000359,purchase_order,2025-08-05,"{""item_id"": ""SKU001"", ""supplier_id"": ""SUP002"", ""order_qty"": 150, ""unit_cost"": 1832.54, ""system_suggestion_qty"": 225, ""deviation_qty"": -75, ""true_assumptions"": {""lead_time_days"": {""op"": ""<="", ""value"": 17, ""observed_value"": 14, ""entity"": ""supplier:SUP002""}, ""stock_qty"": {""op"": ""<"", ""value"": 326, ""observed_value"": 310, ""entity"": ""item:SKU001""}}}",OK to proceed for now. lead time stays under 17 days + stock below 326,True,placed
DEC000360,purchase_order,2025-08-05,"{""item_id"": ""SKU028"", ""supplier_id"": ""SUP006"", ""order_qty"": 864, ""unit_cost"": 1003.36, ""system_suggestion_qty"": 864, ""deviation_qty"": 0}",,False,placed
DEC000361,purchase_order,2025-08-05,"{""item_id"": ""SKU041"", ""supplier_id"": ""SUP005"", ""order_qty"": 1292, ""unit_cost"": 1913.43, ""system_suggestion_qty"": 1064, ""deviation_qty"": 228, ""true_assumptions"": {""supplier_risk"": {""field"": ""strike_status"", ""op"": ""=="", ""value"": ""clear"", ""observed_value"": ""clear"", ""entity"": ""supplier:SUP005""}, ""forecast_qty"": {""op"": "">="", ""value"": 243, ""observed_value"": 288, ""entity"": ""item:SKU041:week:2025-08-04""}}}",OK to proceed for now. strike status is clear + forecast around 243+ units,True,placed
DEC000362,purchase_order,2025-08-05,"{""item_id"": ""SKU044"", ""supplier_id"": ""SUP003"", ""order_qty"": 312, ""unit_cost"": 81.21, ""system_suggestion_qty"": 312, ""deviation_qty"": 0}",,False,placed
DEC000363,purchase_order,2025-08-06,"{""item_id"": ""SKU003"", ""supplier_id"": ""SUP002"", ""order_qty"": 704, ""unit_cost"": 1604.8, ""system_suggestion_qty"": 1056, ""deviation_qty"": -352, ""true_assumptions"": {""stock_qty"": {""op"": ""<"", ""value"": 1814, ""observed_value"": 1535, ""entity"": ""item:SKU003""}, ""forecast_qty"": {""op"": "">="", ""value"": 309, ""observed_value"": 397, ""entity"": ""item:SKU003:week:2025-08-04""}}}","Stock tight hai, stock below 1814; forecast around 309+ units. Saxena LLC se baat hui.",True,placed
DEC000364,purchase_order,2025-08-06,"{""item_id"": ""SKU038"", ""supplier_id"": ""SUP001"", ""order_qty"": 1298, ""unit_cost"": 2114.9, ""system_suggestion_qty"": 1298, ""deviation_qty"": 0}",,False,placed
DEC000365,purchase_order,2025-08-06,"{""item_id"": ""SKU049"", ""supplier_id"": ""SUP006"", ""order_qty"": 312, ""unit_cost"": 2340.14, ""system_suggestion_qty"": 468, ""deviation_qty"": -156, ""true_assumptions"": {""stock_qty"": {""op"": ""<"", ""value"": 844, ""observed_value"": 764, ""entity"": ""item:SKU049""}, ""lead_time_days"": {""op"": ""<="", ""value"": 16, ""observed_value"": 15, ""entity"": ""supplier:SUP006""}}}",Please keep this PO open; stock below 844 and lead time stays under 16 days. Bhardwaj and Sons said they'll manage.,True,placed
DEC000366,purchase_order,2025-08-08,"{""item_id"": ""SKU013"", ""supplier_id"": ""SUP007"", ""order_qty"": 580, ""unit_cost"": 459.71, ""system_suggestion_qty"": 580, ""deviation_qty"": 0}",,False,placed
DEC000367,purchase_order,2025-08-08,"{""item_id"": ""SKU014"", ""supplier_id"": ""SUP002"", ""order_qty"": 504, ""unit_cost"": 697.4, ""system_suggestion_qty"": 630, ""deviation_qty"": -126, ""true_assumptions"": {""stock_qty"": {""op"": ""<"", ""value"": 472, ""observed_value"": 429, ""entity"": ""item:SKU014""}, ""forecast_qty"": {""op"": "">="", ""value"": 226, ""observed_value"": 253, ""entity"": ""item:SKU014:week:2025-08-04""}}}",Need this covered: stock below 472 / forecast around 226+ units. Pls check again next week.,True,placed
DEC000368,purchase_order,2025-08-08,"{""item_id"": ""SKU021"", ""supplier_id"": ""SUP007"", ""order_qty"": 525, ""unit_cost"": 2115.76, ""system_suggestion_qty"": 525, ""deviation_qty"": 0}",,False,placed
DEC000369,purchase_order,2025-08-08,"{""item_id"": ""SKU024"", ""supplier_id"": ""SUP009"", ""order_qty"": 713, ""unit_cost"": 2022.9, ""system_suggestion_qty"": 713, ""deviation_qty"": 0}",,False,placed
DEC000370,purchase_order,2025-08-08,"{""item_id"": ""SKU035"", ""supplier_id"": ""SUP004"", ""order_qty"": 552, ""unit_cost"": 1819.58, ""system_suggestion_qty"": 552, ""deviation_qty"": 0}",,False,placed
DEC000371,purchase_order,2025-08-08,"{""item_id"": ""SKU036"", ""supplier_id"": ""SUP009"", ""order_qty"": 1089, ""unit_cost"": 1566.21, ""system_suggestion_qty"": 1089, ""deviation_qty"": 0}",,False,placed
DEC000372,purchase_order,2025-08-08,"{""item_id"": ""SKU048"", ""supplier_id"": ""SUP004"", ""order_qty"": 836, ""unit_cost"": 2323.67, ""system_suggestion_qty"": 836, ""deviation_qty"": 0}",,False,placed
DEC000373,purchase_order,2025-08-10,"{""item_id"": ""SKU033"", ""supplier_id"": ""SUP008"", ""order_qty"": 1239, ""unit_cost"": 1129.45, ""system_suggestion_qty"": 1239, ""deviation_qty"": 0}",,False,placed
DEC000374,purchase_order,2025-08-11,"{""item_id"": ""SKU027"", ""supplier_id"": ""SUP006"", ""order_qty"": 950, ""unit_cost"": 1224.01, ""system_suggestion_qty"": 627, ""deviation_qty"": 323, ""true_assumptions"": {""supplier_risk"": {""field"": ""strike_status"", ""op"": ""=="", ""value"": ""clear"", ""observed_value"": ""clear"", ""entity"": ""supplier:SUP006""}, ""stock_qty"": {""op"": ""<"", ""value"": 471, ""observed_value"": 395, ""entity"": ""item:SKU027""}}}","Urgent, don't hold it up. strike status is clear.",True,placed
DEC000375,purchase_order,2025-08-12,"{""item_id"": ""SKU010"", ""supplier_id"": ""SUP006"", ""order_qty"": 292, ""unit_cost"": 445.29, ""system_suggestion_qty"": 292, ""deviation_qty"": 0}",,False,placed
DEC000376,purchase_order,2025-08-12,"{""item_id"": ""SKU011"", ""supplier_id"": ""SUP001"", ""order_qty"": 1130, ""unit_cost"": 2343.47, ""system_suggestion_qty"": 1410, ""deviation_qty"": -280, ""true_assumptions"": {""forecast_qty"": {""op"": "">="", ""value"": 420, ""observed_value"": 572, ""entity"": ""item:SKU011:week:2025-08-11""}, ""lead_time_days"": {""op"": ""<="", ""value"": 9, ""observed_value"": 8, ""entity"": ""supplier:SUP001""}}}","Urgent, don't hold it up. forecast around 420+ units.",True,placed
DEC000377,purchase_order,2025-08-12,"{""item_id"": ""SKU034"", ""supplier_id"": ""SUP006"", ""order_qty"": 608, ""unit_cost"": 376.27, ""system_suggestion_qty"": 608, ""deviation_qty"": 0}",,False,placed
DEC000378,purchase_order,2025-08-13,"{""item_id"": ""SKU004"", ""supplier_id"": ""SUP003"", ""order_qty"": 1148, ""unit_cost"": 1370.65, ""system_suggestion_qty"": 1148, ""deviation_qty"": 0}",,False,placed
DEC000379,purchase_order,2025-08-13,"{""item_id"": ""SKU029"", ""supplier_id"": ""SUP006"", ""order_qty"": 910, ""unit_cost"": 1866.87, ""system_suggestion_qty"": 910, ""deviation_qty"": 0}",,False,placed
DEC000380,purchase_order,2025-08-13,"{""item_id"": ""SKU032"", ""supplier_id"": ""SUP008"", ""order_qty"": 1496, ""unit_cost"": 60.16, ""system_suggestion_qty"": 1496, ""deviation_qty"": 0}",,False,placed
DEC000381,purchase_order,2025-08-13,"{""item_id"": ""SKU039"", ""supplier_id"": ""SUP008"", ""order_qty"": 638, ""unit_cost"": 302.78, ""system_suggestion_qty"": 638, ""deviation_qty"": 0}",,False,placed
DEC000382,purchase_order,2025-08-14,"{""item_id"": ""SKU001"", ""supplier_id"": ""SUP002"", ""order_qty"": 225, ""unit_cost"": 1832.54, ""system_suggestion_qty"": 225, ""deviation_qty"": 0}",,False,placed
DEC000383,purchase_order,2025-08-14,"{""item_id"": ""SKU007"", ""supplier_id"": ""SUP003"", ""order_qty"": 1027, ""unit_cost"": 1528.58, ""system_suggestion_qty"": 1027, ""deviation_qty"": 0}",,False,placed
DEC000384,purchase_order,2025-08-14,"{""item_id"": ""SKU009"", ""supplier_id"": ""SUP003"", ""order_qty"": 356, ""unit_cost"": 828.18, ""system_suggestion_qty"": 356, ""deviation_qty"": 0}",,False,placed
DEC000385,purchase_order,2025-08-14,"{""item_id"": ""SKU017"", ""supplier_id"": ""SUP003"", ""order_qty"": 414, ""unit_cost"": 282.55, ""system_suggestion_qty"": 414, ""deviation_qty"": 0}",,False,placed
DEC000386,purchase_order,2025-08-14,"{""item_id"": ""SKU018"", ""supplier_id"": ""SUP003"", ""order_qty"": 1683, ""unit_cost"": 1204.32, ""system_suggestion_qty"": 1122, ""deviation_qty"": 561, ""true_assumptions"": {""lead_time_days"": {""op"": ""<="", ""value"": 18, ""observed_value"": 13, ""entity"": ""supplier:SUP003""}, ""supplier_risk"": {""field"": ""strike_status"", ""op"": ""=="", ""value"": ""clear"", ""observed_value"": ""clear"", ""entity"": ""supplier:SUP003""}}}","Urgent, don't hold it up. lead time stays under 18 days.",True,placed
DEC000387,purchase_order,2025-08-14,"{""item_id"": ""SKU040"", ""supplier_id"": ""SUP008"", ""order_qty"": 1274, ""unit_cost"": 420.47, ""system_suggestion_qty"": 1274, ""deviation_qty"": 0}",,False,placed
DEC000388,purchase_order,2025-08-14,"{""item_id"": ""SKU049"", ""supplier_id"": ""SUP006"", ""order_qty"": 468, ""unit_cost"": 2340.14, ""system_suggestion_qty"": 468, ""deviation_qty"": 0}",,False,placed
DEC000389,purchase_order,2025-08-15,"{""item_id"": ""SKU003"", ""supplier_id"": ""SUP002"", ""order_qty"": 1056, ""unit_cost"": 1604.8, ""system_suggestion_qty"": 1056, ""deviation_qty"": 0}",,False,placed
DEC000390,purchase_order,2025-08-15,"{""item_id"": ""SKU019"", ""supplier_id"": ""SUP009"", ""order_qty"": 396, ""unit_cost"": 1557.16, ""system_suggestion_qty"": 396, ""deviation_qty"": 0}",,False,placed
DEC000391,purchase_order,2025-08-15,"{""item_id"": ""SKU043"", ""supplier_id"": ""SUP001"", ""order_qty"": 855, ""unit_cost"": 964.56, ""system_suggestion_qty"": 855, ""deviation_qty"": 0}",,False,placed
DEC000392,purchase_order,2025-08-15,"{""item_id"": ""SKU047"", ""supplier_id"": ""SUP010"", ""order_qty"": 1008, ""unit_cost"": 1256.36, ""system_suggestion_qty"": 1008, ""deviation_qty"": 0}",,False,placed
DEC000393,purchase_order,2025-08-15,"{""item_id"": ""SKU050"", ""supplier_id"": ""SUP004"", ""order_qty"": 684, ""unit_cost"": 589.37, ""system_suggestion_qty"": 684, ""deviation_qty"": 0}",,False,placed
DEC000394,purchase_order,2025-08-16,"{""item_id"": ""SKU016"", ""supplier_id"": ""SUP005"", ""order_qty"": 222, ""unit_cost"": 207.68, ""system_suggestion_qty"": 333, ""deviation_qty"": -111, ""true_assumptions"": {""supplier_risk"": {""field"": ""strike_status"", ""op"": ""=="", ""value"": ""clear"", ""observed_value"": ""clear"", ""entity"": ""supplier:SUP005""}, ""stock_qty"": {""op"": ""<"", ""value"": 162, ""observed_value"": 151, ""entity"": ""item:SKU016""}}}",Please keep this PO open; strike status is clear and stock below 162. Ratti-Wable said they'll manage.,True,placed
DEC000395,purchase_order,2025-08-16,"{""item_id"": ""SKU026"", ""supplier_id"": ""SUP005"", ""order_qty"": 1540, ""unit_cost"": 1793.81, ""system_suggestion_qty"": 1540, ""deviation_qty"": 0}",,False,placed
DEC000396,purchase_order,2025-08-17,"{""item_id"": ""SKU020"", ""supplier_id"": ""SUP006"", ""order_qty"": 799, ""unit_cost"": 695.45, ""system_suggestion_qty"": 799, ""deviation_qty"": 0}",,False,placed
DEC000397,purchase_order,2025-08-17,"{""item_id"": ""SKU028"", ""supplier_id"": ""SUP006"", ""order_qty"": 864, ""unit_cost"": 1003.36, ""system_suggestion_qty"": 864, ""deviation_qty"": 0}",,False,placed
DEC000398,purchase_order,2025-08-18,"{""item_id"": ""SKU046"", ""supplier_id"": ""SUP004"", ""order_qty"": 455, ""unit_cost"": 1554.94, ""system_suggestion_qty"": 455, ""deviation_qty"": 0}",,False,placed
DEC000399,purchase_order,2025-08-19,"{""item_id"": ""SKU014"", ""supplier_id"": ""SUP002"", ""order_qty"": 630, ""unit_cost"": 697.4, ""system_suggestion_qty"": 630, ""deviation_qty"": 0}",,False,placed
DEC000400,purchase_order,2025-08-19,"{""item_id"": ""SKU031"", ""supplier_id"": ""SUP003"", ""order_qty"": 1152, ""unit_cost"": 1541.68, ""system_suggestion_qty"": 1152, ""deviation_qty"": 0}",,False,placed
DEC000401,purchase_order,2025-08-19,"{""item_id"": ""SKU042"", ""supplier_id"": ""SUP004"", ""order_qty"": 1118, ""unit_cost"": 403.93, ""system_suggestion_qty"": 1118, ""deviation_qty"": 0}",,False,placed
DEC000402,purchase_order,2025-08-19,"{""item_id"": ""SKU045"", ""supplier_id"": ""SUP004"", ""order_qty"": 1496, ""unit_cost"": 259.74, ""system_suggestion_qty"": 1496, ""deviation_qty"": 0}",,False,placed
DEC000403,purchase_order,2025-08-20,"{""item_id"": ""SKU008"", ""supplier_id"": ""SUP004"", ""order_qty"": 1288, ""unit_cost"": 1476.92, ""system_suggestion_qty"": 1012, ""deviation_qty"": 276, ""true_assumptions"": {""forecast_qty"": {""op"": "">="", ""value"": 372, ""observed_value"": 455, ""entity"": ""item:SKU008:week:2025-08-18""}, ""lead_time_days"": {""op"": ""<="", ""value"": 12, ""observed_value"": 10, ""entity"": ""supplier:SUP004""}}}","Stock tight hai, forecast around 372+ units; lead time stays under 12 days. Shere Inc se baat hui.",True,placed
DEC000404,purchase_order,2025-08-20,"{""item_id"": ""SKU015"", ""supplier_id"": ""SUP009"", ""order_qty"": 672, ""unit_cost"": 1092.68, ""system_suggestion_qty"": 672, ""deviation_qty"": 0}",,False,placed
DEC000405,purchase_order,2025-08-20,"{""item_id"": ""SKU022"", ""supplier_id"": ""SUP008"", ""order_qty"": 294, ""unit_cost"": 1969.17, ""system_suggestion_qty"": 294, ""deviation_qty"": 0}",,False,placed
DEC000406,purchase_order,2025-08-20,"{""item_id"": ""SKU025"", ""supplier_id"": ""SUP008"", ""order_qty"": 1209, ""unit_cost"": 98.49, ""system_suggestion_qty"": 1209, ""deviation_qty"": 0}",,False,placed
DEC000407,purchase_order,2025-08-21,"{""item_id"": ""SKU021"", ""supplier_id"": ""SUP007"", ""order_qty"": 510, ""unit_cost"": 2115.76, ""system_suggestion_qty"": 510, ""deviation_qty"": 0}",,False,placed
DEC000408,purchase_order,2025-08-21,"{""item_id"": ""SKU044"", ""supplier_id"": ""SUP003"", ""order_qty"": 312, ""unit_cost"": 81.21, ""system_suggestion_qty"": 312, ""deviation_qty"": 0}",,False,placed
DEC000409,purchase_order,2025-08-22,"{""item_id"": ""SKU006"", ""supplier_id"": ""SUP010"", ""order_qty"": 530, ""unit_cost"": 256.2, ""system_suggestion_qty"": 530, ""deviation_qty"": 0}",,False,placed
DEC000410,purchase_order,2025-08-22,"{""item_id"": ""SKU012"", ""supplier_id"": ""SUP009"", ""order_qty"": 574, ""unit_cost"": 477.23, ""system_suggestion_qty"": 656, ""deviation_qty"": -82, ""true_assumptions"": {""stock_qty"": {""op"": ""<"", ""value"": 585, ""observed_value"": 524, ""entity"": ""item:SKU012""}, ""supplier_risk"": {""field"": ""strike_status"", ""op"": ""=="", ""value"": ""clear"", ""observed_value"": ""clear"", ""entity"": ""supplier:SUP009""}}}","Urgent, don't hold it up. stock below 585.",True,placed
DEC000411,purchase_order,2025-08-22,"{""item_id"": ""SKU013"", ""supplier_id"": ""SUP007"", ""order_qty"": 580, ""unit_cost"": 459.71, ""system_suggestion_qty"": 580, ""deviation_qty"": 0}",,False,placed
DEC000412,purchase_order,2025-08-23,"{""item_id"": ""SKU002"", ""supplier_id"": ""SUP005"", ""order_qty"": 960, ""unit_cost"": 1334.03, ""system_suggestion_qty"": 960, ""deviation_qty"": 0}",,False,placed
DEC000413,purchase_order,2025-08-23,"{""item_id"": ""SKU023"", ""supplier_id"": ""SUP010"", ""order_qty"": 768, ""unit_cost"": 226.74, ""system_suggestion_qty"": 768, ""deviation_qty"": 0}",,False,placed
DEC000414,purchase_order,2025-08-23,"{""item_id"": ""SKU030"", ""supplier_id"": ""SUP001"", ""order_qty"": 440, ""unit_cost"": 221.91, ""system_suggestion_qty"": 440, ""deviation_qty"": 0}",,False,placed
DEC000415,purchase_order,2025-08-24,"{""item_id"": ""SKU037"", ""supplier_id"": ""SUP002"", ""order_qty"": 336, ""unit_cost"": 1626.28, ""system_suggestion_qty"": 336, ""deviation_qty"": 0}",,False,placed
DEC000416,purchase_order,2025-08-25,"{""item_id"": ""SKU010"", ""supplier_id"": ""SUP006"", ""order_qty"": 292, ""unit_cost"": 445.29, ""system_suggestion_qty"": 292, ""deviation_qty"": 0, ""true_assumptions"": {""stock_qty"": {""op"": ""<"", ""value"": 188, ""observed_value"": 167, ""entity"": ""item:SKU010""}, ""lead_time_days"": {""op"": ""<="", ""value"": 17, ""observed_value"": 15, ""entity"": ""supplier:SUP006""}}}",Please keep this PO open; stock below 188 and lead time stays under 17 days. Bhardwaj and Sons said they'll manage.,True,placed
DEC000417,purchase_order,2025-08-25,"{""item_id"": ""SKU029"", ""supplier_id"": ""SUP006"", ""order_qty"": 1066, ""unit_cost"": 1866.87, ""system_suggestion_qty"": 884, ""deviation_qty"": 182, ""true_assumptions"": {""supplier_risk"": {""field"": ""strike_status"", ""op"": ""=="", ""value"": ""clear"", ""observed_value"": ""clear"", ""entity"": ""supplier:SUP006""}, ""forecast_qty"": {""op"": "">="", ""value"": 402, ""observed_value"": 524, ""entity"": ""item:SKU029:week:2025-08-25""}}}",Please keep this PO open; strike status is clear and forecast around 402+ units. Bhardwaj and Sons said they'll manage.,True,placed
DEC000418,purchase_order,2025-08-26,"{""item_id"": ""SKU005"", ""supplier_id"": ""SUP008"", ""order_qty"": 510, ""unit_cost"": 1012.33, ""system_suggestion_qty"": 510, ""deviation_qty"": 0}",,False,placed
DEC000419,purchase_order,2025-08-26,"{""item_id"": ""SKU024"", ""supplier_id"": ""SUP009"", ""order_qty"": 1116, ""unit_cost"": 2022.9, ""system_suggestion_qty"": 744, ""deviation_qty"": 372, ""true_assumptions"": {""lead_time_days"": {""op"": ""<="", ""value"": 11, ""observed_value"": 10, ""entity"": ""supplier:SUP009""}, ""supplier_risk"": {""field"": ""strike_status"", ""op"": ""=="", ""value"": ""clear"", ""observed_value"": ""clear"", ""entity"": ""supplier:SUP009""}}}","Urgent, don't hold it up. lead time stays under 11 days.",True,placed
DEC000420,purchase_order,2025-08-26,"{""item_id"": ""SKU034"", ""supplier_id"": ""SUP006"", ""order_qty"": 608, ""unit_cost"": 376.27, ""system_suggestion_qty"": 608, ""deviation_qty"": 0}",,False,placed
DEC000421,purchase_order,2025-08-26,"{""item_id"": ""SKU035"", ""supplier_id"": ""SUP004"", ""order_qty"": 552, ""unit_cost"": 1819.58, ""system_suggestion_qty"": 552, ""deviation_qty"": 0}",,False,placed
DEC000422,purchase_order,2025-08-26,"{""item_id"": ""SKU036"", ""supplier_id"": ""SUP009"", ""order_qty"": 1089, ""unit_cost"": 1566.21, ""system_suggestion_qty"": 1089, ""deviation_qty"": 0}",,False,placed
DEC000423,purchase_order,2025-08-26,"{""item_id"": ""SKU038"", ""supplier_id"": ""SUP001"", ""order_qty"": 1298, ""unit_cost"": 2114.9, ""system_suggestion_qty"": 1298, ""deviation_qty"": 0}",,False,placed
DEC000424,purchase_order,2025-08-26,"{""item_id"": ""SKU048"", ""supplier_id"": ""SUP004"", ""order_qty"": 836, ""unit_cost"": 2323.67, ""system_suggestion_qty"": 836, ""deviation_qty"": 0}",,False,placed
DEC000425,purchase_order,2025-08-27,"{""item_id"": ""SKU004"", ""supplier_id"": ""SUP003"", ""order_qty"": 820, ""unit_cost"": 1370.65, ""system_suggestion_qty"": 1148, ""deviation_qty"": -328, ""true_assumptions"": {""lead_time_days"": {""op"": ""<="", ""value"": 16, ""observed_value"": 13, ""entity"": ""supplier:SUP003""}, ""stock_qty"": {""op"": ""<"", ""value"": 1432, ""observed_value"": 1339, ""entity"": ""item:SKU004""}}}",Need this covered: lead time stays under 16 days / stock below 1432. Pls check again next week.,True,placed
DEC000426,purchase_order,2025-08-27,"{""item_id"": ""SKU011"", ""supplier_id"": ""SUP001"", ""order_qty"": 1610, ""unit_cost"": 2343.47, ""system_suggestion_qty"": 1340, ""deviation_qty"": 270, ""true_assumptions"": {""forecast_qty"": {""op"": "">="", ""value"": 478, ""observed_value"": 562, ""entity"": ""item:SKU011:week:2025-08-25""}, ""stock_qty"": {""op"": ""<"", ""value"": 1085, ""observed_value"": 979, ""entity"": ""item:SKU011""}}}",OK to proceed for now. forecast around 478+ units + stock below 1085,True,placed
DEC000427,purchase_order,2025-08-27,"{""item_id"": ""SKU049"", ""supplier_id"": ""SUP006"", ""order_qty"": 702, ""unit_cost"": 2340.14, ""system_suggestion_qty"": 468, ""deviation_qty"": 234, ""true_assumptions"": {""stock_qty"": {""op"": ""<"", ""value"": 353, ""observed_value"": 296, ""entity"": ""item:SKU049""}, ""supplier_risk"": {""field"": ""strike_status"", ""op"": ""=="", ""value"": ""clear"", ""observed_value"": ""clear"", ""entity"": ""supplier:SUP006""}}}",OK to proceed for now. stock below 353 + strike status is clear,True,placed
DEC000428,purchase_order,2025-08-28,"{""item_id"": ""SKU001"", ""supplier_id"": ""SUP002"", ""order_qty"": 225, ""unit_cost"": 1832.54, ""system_suggestion_qty"": 225, ""deviation_qty"": 0}",,False,placed
DEC000429,purchase_order,2025-08-28,"{""item_id"": ""SKU003"", ""supplier_id"": ""SUP002"", ""order_qty"": 1152, ""unit_cost"": 1604.8, ""system_suggestion_qty"": 1152, ""deviation_qty"": 0}",,False,placed
DEC000430,purchase_order,2025-08-28,"{""item_id"": ""SKU007"", ""supplier_id"": ""SUP003"", ""order_qty"": 948, ""unit_cost"": 1528.58, ""system_suggestion_qty"": 948, ""deviation_qty"": 0}",,False,placed
DEC000431,purchase_order,2025-08-29,"{""item_id"": ""SKU009"", ""supplier_id"": ""SUP003"", ""order_qty"": 356, ""unit_cost"": 828.18, ""system_suggestion_qty"": 356, ""deviation_qty"": 0, ""true_assumptions"": {""lead_time_days"": {""op"": ""<="", ""value"": 18, ""observed_value"": 13, ""entity"": ""supplier:SUP003""}, ""stock_qty"": {""op"": ""<"", ""value"": 416, ""observed_value"": 374, ""entity"": ""item:SKU009""}}}","Stock tight hai, lead time stays under 18 days; stock below 416. Hayre, Nayak and Vaidya se baat hui.",True,placed
DEC000432,purchase_order,2025-08-29,"{""item_id"": ""SKU017"", ""supplier_id"": ""SUP003"", ""order_qty"": 621, ""unit_cost"": 282.55, ""system_suggestion_qty"": 414, ""deviation_qty"": 207, ""true_assumptions"": {""supplier_risk"": {""field"": ""strike_status"", ""op"": ""=="", ""value"": ""clear"", ""observed_value"": ""clear"", ""entity"": ""supplier:SUP003""}, ""stock_qty"": {""op"": ""<"", ""value"": 529, ""observed_value"": 461, ""entity"": ""item:SKU017""}}}",OK to proceed for now. strike status is clear + stock below 529,True,placed
DEC000433,purchase_order,2025-08-29,"{""item_id"": ""SKU020"", ""supplier_id"": ""SUP006"", ""order_qty"": 850, ""unit_cost"": 695.45, ""system_suggestion_qty"": 850, ""deviation_qty"": 0}",,False,placed
DEC000434,purchase_order,2025-08-29,"{""item_id"": ""SKU027"", ""supplier_id"": ""SUP006"", ""order_qty"": 627, ""unit_cost"": 1224.01, ""system_suggestion_qty"": 627, ""deviation_qty"": 0}",,False,placed
DEC000435,purchase_order,2025-08-29,"{""item_id"": ""SKU041"", ""supplier_id"": ""SUP005"", ""order_qty"": 1672, ""unit_cost"": 1913.43, ""system_suggestion_qty"": 1102, ""deviation_qty"": 570, ""true_assumptions"": {""forecast_qty"": {""op"": "">="", ""value"": 321, ""observed_value"": 397, ""entity"": ""item:SKU041:week:2025-08-25""}, ""stock_qty"": {""op"": ""<"", ""value"": 632, ""observed_value"": 554, ""entity"": ""item:SKU041""}}}",Need this covered: forecast around 321+ units / stock below 632. Pls check again next week.,True,placed
DEC000436,purchase_order,2025-08-30,"{""item_id"": ""SKU028"", ""supplier_id"": ""SUP006"", ""order_qty"": 918, ""unit_cost"": 1003.36, ""system_suggestion_qty"": 918, ""deviation_qty"": 0}",,False,placed
DEC000437,purchase_order,2025-08-30,"{""item_id"": ""SKU033"", ""supplier_id"": ""SUP008"", ""order_qty"": 1534, ""unit_cost"": 1129.45, ""system_suggestion_qty"": 1239, ""deviation_qty"": 295, ""true_assumptions"": {""forecast_qty"": {""op"": "">="", ""value"": 287, ""observed_value"": 386, ""entity"": ""item:SKU033:week:2025-08-25""}, ""supplier_risk"": {""field"": ""strike_status"", ""op"": ""=="", ""value"": ""clear"", ""observed_value"": ""clear"", ""entity"": ""supplier:SUP008""}}}","Urgent, don't hold it up. forecast around 287+ units.",True,placed
DEC000438,purchase_order,2025-08-31,"{""item_id"": ""SKU014"", ""supplier_id"": ""SUP002"", ""order_qty"": 630, ""unit_cost"": 697.4, ""system_suggestion_qty"": 630, ""deviation_qty"": 0}",,False,placed
DEC000439,purchase_order,2025-08-31,"{""item_id"": ""SKU016"", ""supplier_id"": ""SUP005"", ""order_qty"": 222, ""unit_cost"": 207.68, ""system_suggestion_qty"": 296, ""deviation_qty"": -74, ""true_assumptions"": {""lead_time_days"": {""op"": ""<="", ""value"": 11, ""observed_value"": 6, ""entity"": ""supplier:SUP005""}, ""stock_qty"": {""op"": ""<"", ""value"": 178, ""observed_value"": 163, ""entity"": ""item:SKU016""}}}","Urgent, don't hold it up. lead time stays under 11 days.",True,placed
DEC000440,purchase_order,2025-08-31,"{""item_id"": ""SKU021"", ""supplier_id"": ""SUP007"", ""order_qty"": 495, ""unit_cost"": 2115.76, ""system_suggestion_qty"": 495, ""deviation_qty"": 0}",,False,placed
DEC000441,purchase_order,2025-08-31,"{""item_id"": ""SKU039"", ""supplier_id"": ""SUP008"", ""order_qty"": 638, ""unit_cost"": 302.78, ""system_suggestion_qty"": 638, ""deviation_qty"": 0}",,False,placed
DEC000442,purchase_order,2025-08-31,"{""item_id"": ""SKU050"", ""supplier_id"": ""SUP004"", ""order_qty"": 684, ""unit_cost"": 589.37, ""system_suggestion_qty"": 684, ""deviation_qty"": 0}",,False,placed
DEC000443,purchase_order,2025-09-01,"{""item_id"": ""SKU031"", ""supplier_id"": ""SUP003"", ""order_qty"": 1152, ""unit_cost"": 1541.68, ""system_suggestion_qty"": 1152, ""deviation_qty"": 0}",,False,placed
DEC000444,purchase_order,2025-09-01,"{""item_id"": ""SKU032"", ""supplier_id"": ""SUP008"", ""order_qty"": 1584, ""unit_cost"": 60.16, ""system_suggestion_qty"": 1584, ""deviation_qty"": 0}",,False,placed
DEC000445,purchase_order,2025-09-02,"{""item_id"": ""SKU013"", ""supplier_id"": ""SUP007"", ""order_qty"": 464, ""unit_cost"": 459.71, ""system_suggestion_qty"": 580, ""deviation_qty"": -116, ""true_assumptions"": {""lead_time_days"": {""op"": ""<="", ""value"": 16, ""observed_value"": 15, ""entity"": ""supplier:SUP007""}, ""stock_qty"": {""op"": ""<"", ""value"": 322, ""observed_value"": 314, ""entity"": ""item:SKU013""}}}","Urgent, don't hold it up. lead time stays under 16 days.",True,placed
DEC000446,purchase_order,2025-09-02,"{""item_id"": ""SKU019"", ""supplier_id"": ""SUP009"", ""order_qty"": 352, ""unit_cost"": 1557.16, ""system_suggestion_qty"": 352, ""deviation_qty"": 0}",,False,placed
DEC000447,purchase_order,2025-09-02,"{""item_id"": ""SKU040"", ""supplier_id"": ""SUP008"", ""order_qty"": 1764, ""unit_cost"": 420.47, ""system_suggestion_qty"": 1176, ""deviation_qty"": 588, ""true_assumptions"": {""stock_qty"": {""op"": ""<"", ""value"": 851, ""observed_value"": 738, ""entity"": ""item:SKU040""}, ""supplier_risk"": {""field"": ""strike_status"", ""op"": ""=="", ""value"": ""clear"", ""observed_value"": ""clear"", ""entity"": ""supplier:SUP008""}}}",Need this covered: stock below 851 / strike status is clear. Pls check again next week.,True,placed
DEC000448,purchase_order,2025-09-03,"{""item_id"": ""SKU018"", ""supplier_id"": ""SUP003"", ""order_qty"": 1428, ""unit_cost"": 1204.32, ""system_suggestion_qty"": 1173, ""deviation_qty"": 255, ""true_assumptions"": {""forecast_qty"": {""op"": "">="", ""value"": 464, ""observed_value"": 532, ""entity"": ""item:SKU018:week:2025-09-01""}, ""supplier_risk"": {""field"": ""strike_status"", ""op"": ""=="", ""value"": ""clear"", ""observed_value"": ""clear"", ""entity"": ""supplier:SUP003""}}}",OK to proceed for now. forecast around 464+ units + strike status is clear,True,placed
DEC000449,purchase_order,2025-09-03,"{""item_id"": ""SKU044"", ""supplier_id"": ""SUP003"", ""order_qty"": 390, ""unit_cost"": 81.21, ""system_suggestion_qty"": 312, ""deviation_qty"": 78, ""true_assumptions"": {""lead_time_days"": {""op"": ""<="", ""value"": 17, ""observed_value"": 13, ""entity"": ""supplier:SUP003""}, ""forecast_qty"": {""op"": "">="", ""value"": 84, ""observed_value"": 119, ""entity"": ""item:SKU044:week:2025-09-01""}}}",OK to proceed for now. lead time stays under 17 days + forecast around 84+ units,True,placed
DEC000450,purchase_order,2025-09-03,"{""item_id"": ""SKU046"", ""supplier_id"": ""SUP004"", ""order_qty"": 455, ""unit_cost"": 1554.94, ""system_suggestion_qty"": 455, ""deviation_qty"": 0}",,False,placed
DEC000451,purchase_order,2025-09-03,"{""item_id"": ""SKU047"", ""supplier_id"": ""SUP010"", ""order_qty"": 1008, ""unit_cost"": 1256.36, ""system_suggestion_qty"": 1008, ""deviation_qty"": 0}",,False,placed
DEC000452,purchase_order,2025-09-04,"{""item_id"": ""SKU012"", ""supplier_id"": ""SUP009"", ""order_qty"": 656, ""unit_cost"": 477.23, ""system_suggestion_qty"": 656, ""deviation_qty"": 0}",,False,placed
DEC000453,purchase_order,2025-09-04,"{""item_id"": ""SKU026"", ""supplier_id"": ""SUP005"", ""order_qty"": 1001, ""unit_cost"": 1793.81, ""system_suggestion_qty"": 1540, ""deviation_qty"": -539, ""true_assumptions"": {""supplier_risk"": {""field"": ""strike_status"", ""op"": ""=="", ""value"": ""clear"", ""observed_value"": ""clear"", ""entity"": ""supplier:SUP005""}, ""forecast_qty"": {""op"": "">="", ""value"": 431, ""observed_value"": 547, ""entity"": ""item:SKU026:week:2025-09-01""}}}",OK to proceed for now. strike status is clear + forecast around 431+ units,True,placed
DEC000454,purchase_order,2025-09-04,"{""item_id"": ""SKU043"", ""supplier_id"": ""SUP001"", ""order_qty"": 1140, ""unit_cost"": 964.56, ""system_suggestion_qty"": 760, ""deviation_qty"": 380, ""true_assumptions"": {""supplier_risk"": {""field"": ""strike_status"", ""op"": ""=="", ""value"": ""clear"", ""observed_value"": ""clear"", ""entity"": ""supplier:SUP001""}, ""forecast_qty"": {""op"": "">="", ""value"": 198, ""observed_value"": 233, ""entity"": ""item:SKU043:week:2025-09-01""}}}","Please keep this PO open; strike status is clear and forecast around 198+ units. Mammen, Balay and Kala said they'll manage.",True,placed
DEC000455,purchase_order,2025-09-05,"{""item_id"": ""SKU004"", ""supplier_id"": ""SUP003"", ""order_qty"": 1394, ""unit_cost"": 1370.65, ""system_suggestion_qty"": 1148, ""deviation_qty"": 246, ""true_assumptions"": {""forecast_qty"": {""op"": "">="", ""value"": 597, ""observed_value"": 727, ""entity"": ""item:SKU004:week:2025-09-01""}, ""lead_time_days"": {""op"": ""<="", ""value"": 15, ""observed_value"": 13, ""entity"": ""supplier:SUP003""}}}","Urgent, don't hold it up. forecast around 597+ units.",True,placed
DEC000456,purchase_order,2025-09-05,"{""item_id"": ""SKU015"", ""supplier_id"": ""SUP009"", ""order_qty"": 640, ""unit_cost"": 1092.68, ""system_suggestion_qty"": 640, ""deviation_qty"": 0}",,False,placed
DEC000457,purchase_order,2025-09-05,"{""item_id"": ""SKU042"", ""supplier_id"": ""SUP004"", ""order_qty"": 1161, ""unit_cost"": 403.93, ""system_suggestion_qty"": 1161, ""deviation_qty"": 0}",,False,placed
DEC000458,purchase_order,2025-09-05,"{""item_id"": ""SKU045"", ""supplier_id"": ""SUP004"", ""order_qty"": 1360, ""unit_cost"": 259.74, ""system_suggestion_qty"": 1360, ""deviation_qty"": 0}",,False,placed
DEC000459,purchase_order,2025-09-06,"{""item_id"": ""SKU010"", ""supplier_id"": ""SUP006"", ""order_qty"": 365, ""unit_cost"": 445.29, ""system_suggestion_qty"": 365, ""deviation_qty"": 0}",,False,placed
DEC000460,purchase_order,2025-09-06,"{""item_id"": ""SKU037"", ""supplier_id"": ""SUP002"", ""order_qty"": 294, ""unit_cost"": 1626.28, ""system_suggestion_qty"": 336, ""deviation_qty"": -42, ""true_assumptions"": {""lead_time_days"": {""op"": ""<="", ""value"": 16, ""observed_value"": 14, ""entity"": ""supplier:SUP002""}, ""forecast_qty"": {""op"": "">="", ""value"": 108, ""observed_value"": 169, ""entity"": ""item:SKU037:week:2025-09-01""}}}",Please keep this PO open; lead time stays under 16 days and forecast around 108+ units. Saxena LLC said they'll manage.,True,placed
DEC000461,purchase_order,2025-09-08,"{""item_id"": ""SKU034"", ""supplier_id"": ""SUP006"", ""order_qty"": 608, ""unit_cost"": 376.27, ""system_suggestion_qty"": 608, ""deviation_qty"": 0}",,False,placed
DEC000462,purchase_order,2025-09-09,"{""item_id"": ""SKU025"", ""supplier_id"": ""SUP008"", ""order_qty"": 1240, ""unit_cost"": 98.49, ""system_suggestion_qty"": 1240, ""deviation_qty"": 0}",,False,placed
DEC000463,purchase_order,2025-09-09,"{""item_id"": ""SKU029"", ""supplier_id"": ""SUP006"", ""order_qty"": 910, ""unit_cost"": 1866.87, ""system_suggestion_qty"": 910, ""deviation_qty"": 0}",,False,placed
DEC000464,purchase_order,2025-09-09,"{""item_id"": ""SKU035"", ""supplier_id"": ""SUP004"", ""order_qty"": 368, ""unit_cost"": 1819.58, ""system_suggestion_qty"": 552, ""deviation_qty"": -184, ""true_assumptions"": {""lead_time_days"": {""op"": ""<="", ""value"": 15, ""observed_value"": 10, ""entity"": ""supplier:SUP004""}, ""forecast_qty"": {""op"": "">="", ""value"": 121, ""observed_value"": 187, ""entity"": ""item:SKU035:week:2025-09-08""}}}","Stock tight hai, lead time stays under 15 days; forecast around 121+ units. Shere Inc se baat hui.",True,placed
DEC000465,purchase_order,2025-09-10,"{""item_id"": ""SKU001"", ""supplier_id"": ""SUP002"", ""order_qty"": 225, ""unit_cost"": 1832.54, ""system_suggestion_qty"": 225, ""deviation_qty"": 0}",,False,placed
DEC000466,purchase_order,2025-09-10,"{""item_id"": ""SKU003"", ""supplier_id"": ""SUP002"", ""order_qty"": 1088, ""unit_cost"": 1604.8, ""system_suggestion_qty"": 1088, ""deviation_qty"": 0}",,False,placed
DEC000467,purchase_order,2025-09-10,"{""item_id"": ""SKU008"", ""supplier_id"": ""SUP004"", ""order_qty"": 1380, ""unit_cost"": 1476.92, ""system_suggestion_qty"": 920, ""deviation_qty"": 460, ""true_assumptions"": {""forecast_qty"": {""op"": "">="", ""value"": 297, ""observed_value"": 365, ""entity"": ""item:SKU008:week:2025-09-08""}, ""stock_qty"": {""op"": ""<"", ""value"": 943, ""observed_value"": 822, ""entity"": ""item:SKU008""}}}","Urgent, don't hold it up. forecast around 297+ units.",True,placed
DEC000468,purchase_order,2025-09-10,"{""item_id"": ""SKU020"", ""supplier_id"": ""SUP006"", ""order_qty"": 833, ""unit_cost"": 695.45, ""system_suggestion_qty"": 833, ""deviation_qty"": 0}",,False,placed
DEC000469,purchase_order,2025-09-10,"{""item_id"": ""SKU022"", ""supplier_id"": ""SUP008"", ""order_qty"": 294, ""unit_cost"": 1969.17, ""system_suggestion_qty"": 294, ""deviation_qty"": 0}",,False,placed
DEC000470,purchase_order,2025-09-11,"{""item_id"": ""SKU002"", ""supplier_id"": ""SUP005"", ""order_qty"": 768, ""unit_cost"": 1334.03, ""system_suggestion_qty"": 960, ""deviation_qty"": -192, ""true_assumptions"": {""forecast_qty"": {""op"": "">="", ""value"": 246, ""observed_value"": 319, ""entity"": ""item:SKU002:week:2025-09-08""}, ""stock_qty"": {""op"": ""<"", ""value"": 603, ""observed_value"": 513, ""entity"": ""item:SKU002""}}}",Please keep this PO open; forecast around 246+ units and stock below 603. Ratti-Wable said they'll manage.,True,placed
DEC000471,purchase_order,2025-09-11,"{""item_id"": ""SKU006"", ""supplier_id"": ""SUP010"", ""order_qty"": 530, ""unit_cost"": 256.2, ""system_suggestion_qty"": 530, ""deviation_qty"": 0}",,False,placed
DEC000472,purchase_order,2025-09-11,"{""item_id"": ""SKU007"", ""supplier_id"": ""SUP003"", ""order_qty"": 632, ""unit_cost"": 1528.58, ""system_suggestion_qty"": 948, ""deviation_qty"": -316, ""true_assumptions"": {""stock_qty"": {""op"": ""<"", ""value"": 1230, ""observed_value"": 1210, ""entity"": ""item:SKU007""}, ""lead_time_days"": {""op"": ""<="", ""value"": 14, ""observed_value"": 13, ""entity"": ""supplier:SUP003""}}}","Stock tight hai, stock below 1230; lead time stays under 14 days. Hayre, Nayak and Vaidya se baat hui.",True,placed
DEC000473,purchase_order,2025-09-11,"{""item_id"": ""SKU023"", ""supplier_id"": ""SUP010"", ""order_qty"": 768, ""unit_cost"": 226.74, ""system_suggestion_qty"": 768, ""deviation_qty"": 0}",,False,placed
DEC000474,purchase_order,2025-09-11,"{""item_id"": ""SKU030"", ""supplier_id"": ""SUP001"", ""order_qty"": 440, ""unit_cost"": 221.91, ""system_suggestion_qty"": 440, ""deviation_qty"": 0}",,False,placed
DEC000475,purchase_order,2025-09-11,"{""item_id"": ""SKU036"", ""supplier_id"": ""SUP009"", ""order_qty"": 792, ""unit_cost"": 1566.21, ""system_suggestion_qty"": 990, ""deviation_qty"": -198, ""true_assumptions"": {""forecast_qty"": {""op"": "">="", ""value"": 201, ""observed_value"": 259, ""entity"": ""item:SKU036:week:2025-09-08""}, ""lead_time_days"": {""op"": ""<="", ""value"": 15, ""observed_value"": 10, ""entity"": ""supplier:SUP009""}}}",Please keep this PO open; forecast around 201+ units and lead time stays under 15 days. Joshi and Sons said they'll manage.,True,placed
DEC000476,purchase_order,2025-09-12,"{""item_id"": ""SKU027"", ""supplier_id"": ""SUP006"", ""order_qty"": 760, ""unit_cost"": 1224.01, ""system_suggestion_qty"": 627, ""deviation_qty"": 133, ""true_assumptions"": {""lead_time_days"": {""op"": ""<="", ""value"": 18, ""observed_value"": 15, ""entity"": ""supplier:SUP006""}, ""stock_qty"": {""op"": ""<"", ""value"": 481, ""observed_value"": 400, ""entity"": ""item:SKU027""}}}",Need this covered: lead time stays under 18 days / stock below 481. Pls check again next week.,True,placed
DEC000477,purchase_order,2025-09-12,"{""item_id"": ""SKU028"", ""supplier_id"": ""SUP006"", ""order_qty"": 864, ""unit_cost"": 1003.36, ""system_suggestion_qty"": 864, ""deviation_qty"": 0}",,False,placed
DEC000478,purchase_order,2025-09-12,"{""item_id"": ""SKU038"", ""supplier_id"": ""SUP001"", ""order_qty"": 1947, ""unit_cost"": 2114.9, ""system_suggestion_qty"": 1298, ""deviation_qty"": 649, ""true_assumptions"": {""stock_qty"": {""op"": ""<"", ""value"": 999, ""observed_value"": 909, ""entity"": ""item:SKU038""}, ""supplier_risk"": {""field"": ""strike_status"", ""op"": ""=="", ""value"": ""clear"", ""observed_value"": ""clear"", ""entity"": ""supplier:SUP001""}}}","Please keep this PO open; stock below 999 and strike status is clear. Mammen, Balay and Kala said they'll manage.",True,placed
DEC000479,purchase_order,2025-09-12,"{""item_id"": ""SKU048"", ""supplier_id"": ""SUP004"", ""order_qty"": 836, ""unit_cost"": 2323.67, ""system_suggestion_qty"": 836, ""deviation_qty"": 0}",,False,placed
DEC000480,purchase_order,2025-09-13,"{""item_id"": ""SKU013"", ""supplier_id"": ""SUP007"", ""order_qty"": 406, ""unit_cost"": 459.71, ""system_suggestion_qty"": 580, ""deviation_qty"": -174, ""true_assumptions"": {""stock_qty"": {""op"": ""<"", ""value"": 457, ""observed_value"": 433, ""entity"": ""item:SKU013""}, ""lead_time_days"": {""op"": ""<="", ""value"": 16, ""observed_value"": 15, ""entity"": ""supplier:SUP007""}}}","Stock tight hai, stock below 457; lead time stays under 16 days. Bakshi-Khanna se baat hui.",True,placed
DEC000481,purchase_order,2025-09-13,"{""item_id"": ""SKU014"", ""supplier_id"": ""SUP002"", ""order_qty"": 630, ""unit_cost"": 697.4, ""system_suggestion_qty"": 630, ""deviation_qty"": 0}",,False,placed
DEC000482,purchase_order,2025-09-13,"{""item_id"": ""SKU021"", ""supplier_id"": ""SUP007"", ""order_qty"": 525, ""unit_cost"": 2115.76, ""system_suggestion_qty"": 525, ""deviation_qty"": 0}",,False,placed
DEC000483,purchase_order,2025-09-14,"{""item_id"": ""SKU005"", ""supplier_id"": ""SUP008"", ""order_qty"": 782, ""unit_cost"": 1012.33, ""system_suggestion_qty"": 510, ""deviation_qty"": 272, ""true_assumptions"": {""forecast_qty"": {""op"": "">="", ""value"": 137, ""observed_value"": 187, ""entity"": ""item:SKU005:week:2025-09-08""}, ""stock_qty"": {""op"": ""<"", ""value"": 351, ""observed_value"": 316, ""entity"": ""item:SKU005""}}}","Urgent, don't hold it up. forecast around 137+ units.",True,placed
DEC000484,purchase_order,2025-09-14,"{""item_id"": ""SKU009"", ""supplier_id"": ""SUP003"", ""order_qty"": 356, ""unit_cost"": 828.18, ""system_suggestion_qty"": 356, ""deviation_qty"": 0}",,False,placed
DEC000485,purchase_order,2025-09-15,"{""item_id"": ""SKU031"", ""supplier_id"": ""SUP003"", ""order_qty"": 1152, ""unit_cost"": 1541.68, ""system_suggestion_qty"": 1152, ""deviation_qty"": 0}",,False,placed
DEC000486,purchase_order,2025-09-15,"{""item_id"": ""SKU049"", ""supplier_id"": ""SUP006"", ""order_qty"": 468, ""unit_cost"": 2340.14, ""system_suggestion_qty"": 468, ""deviation_qty"": 0}",,False,placed
DEC000487,purchase_order,2025-09-16,"{""item_id"": ""SKU011"", ""supplier_id"": ""SUP001"", ""order_qty"": 1640, ""unit_cost"": 2343.47, ""system_suggestion_qty"": 1360, ""deviation_qty"": 280, ""true_assumptions"": {""stock_qty"": {""op"": ""<"", ""value"": 1076, ""observed_value"": 951, ""entity"": ""item:SKU011""}, ""lead_time_days"": {""op"": ""<="", ""value"": 12, ""observed_value"": 8, ""entity"": ""supplier:SUP001""}}}","Please keep this PO open; stock below 1076 and lead time stays under 12 days. Mammen, Balay and Kala said they'll manage.",True,placed
DEC000488,purchase_order,2025-09-16,"{""item_id"": ""SKU016"", ""supplier_id"": ""SUP005"", ""order_qty"": 259, ""unit_cost"": 207.68, ""system_suggestion_qty"": 296, ""deviation_qty"": -37, ""true_assumptions"": {""forecast_qty"": {""op"": "">="", ""value"": 66, ""observed_value"": 98, ""entity"": ""item:SKU016:week:2025-09-15""}, ""supplier_risk"": {""field"": ""strike_status"", ""op"": ""=="", ""value"": ""clear"", ""observed_value"": ""clear"", ""entity"": ""supplier:SUP005""}}}","Urgent, don't hold it up. forecast around 66+ units.",True,placed
DEC000489,purchase_order,2025-09-16,"{""item_id"": ""SKU037"", ""supplier_id"": ""SUP002"", ""order_qty"": 336, ""unit_cost"": 1626.28, ""system_suggestion_qty"": 336, ""deviation_qty"": 0}",,False,placed
DEC000490,purchase_order,2025-09-17,"{""item_id"": ""SKU050"", ""supplier_id"": ""SUP004"", ""order_qty"": 608, ""unit_cost"": 589.37, ""system_suggestion_qty"": 722, ""deviation_qty"": -114, ""true_assumptions"": {""lead_time_days"": {""op"": ""<="", ""value"": 12, ""observed_value"": 10, ""entity"": ""supplier:SUP004""}, ""stock_qty"": {""op"": ""<"", ""value"": 663, ""observed_value"": 565, ""entity"": ""item:SKU050""}}}",Please keep this PO open; lead time stays under 12 days and stock below 663. Shere Inc said they'll manage.,True,placed
DEC000491,purchase_order,2025-09-18,"{""item_id"": ""SKU026"", ""supplier_id"": ""SUP005"", ""order_qty"": 1540, ""unit_cost"": 1793.81, ""system_suggestion_qty"": 1540, ""deviation_qty"": 0}",,False,placed
DEC000492,purchase_order,2025-09-19,"{""item_id"": ""SKU018"", ""supplier_id"": ""SUP003"", ""order_qty"": 1071, ""unit_cost"": 1204.32, ""system_suggestion_qty"": 1071, ""deviation_qty"": 0}",,False,placed
DEC000493,purchase_order,2025-09-19,"{""item_id"": ""SKU019"", ""supplier_id"": ""SUP009"", ""order_qty"": 396, ""unit_cost"": 1557.16, ""system_suggestion_qty"": 396, ""deviation_qty"": 0}",,False,placed
DEC000494,purchase_order,2025-09-19,"{""item_id"": ""SKU034"", ""supplier_id"": ""SUP006"", ""order_qty"": 608, ""unit_cost"": 376.27, ""system_suggestion_qty"": 608, ""deviation_qty"": 0}",,False,placed
DEC000495,purchase_order,2025-09-20,"{""item_id"": ""SKU007"", ""supplier_id"": ""SUP003"", ""order_qty"": 948, ""unit_cost"": 1528.58, ""system_suggestion_qty"": 948, ""deviation_qty"": 0}",,False,placed
DEC000496,purchase_order,2025-09-20,"{""item_id"": ""SKU010"", ""supplier_id"": ""SUP006"", ""order_qty"": 365, ""unit_cost"": 445.29, ""system_suggestion_qty"": 365, ""deviation_qty"": 0}",,False,placed
DEC000497,purchase_order,2025-09-20,"{""item_id"": ""SKU012"", ""supplier_id"": ""SUP009"", ""order_qty"": 656, ""unit_cost"": 477.23, ""system_suggestion_qty"": 656, ""deviation_qty"": 0}",,False,placed
DEC000498,purchase_order,2025-09-20,"{""item_id"": ""SKU013"", ""supplier_id"": ""SUP007"", ""order_qty"": 464, ""unit_cost"": 459.71, ""system_suggestion_qty"": 580, ""deviation_qty"": -116, ""true_assumptions"": {""lead_time_days"": {""op"": ""<="", ""value"": 20, ""observed_value"": 15, ""entity"": ""supplier:SUP007""}, ""supplier_risk"": {""field"": ""strike_status"", ""op"": ""=="", ""value"": ""clear"", ""observed_value"": ""clear"", ""entity"": ""supplier:SUP007""}}}","Urgent, don't hold it up. lead time stays under 20 days.",True,placed
DEC000499,purchase_order,2025-09-20,"{""item_id"": ""SKU015"", ""supplier_id"": ""SUP009"", ""order_qty"": 832, ""unit_cost"": 1092.68, ""system_suggestion_qty"": 672, ""deviation_qty"": 160, ""true_assumptions"": {""stock_qty"": {""op"": ""<"", ""value"": 586, ""observed_value"": 570, ""entity"": ""item:SKU015""}, ""supplier_risk"": {""field"": ""strike_status"", ""op"": ""=="", ""value"": ""clear"", ""observed_value"": ""clear"", ""entity"": ""supplier:SUP009""}}}",Need this covered: stock below 586 / strike status is clear. Pls check again next week.,True,placed
DEC000500,purchase_order,2025-09-20,"{""item_id"": ""SKU017"", ""supplier_id"": ""SUP003"", ""order_qty"": 276, ""unit_cost"": 282.55, ""system_suggestion_qty"": 414, ""deviation_qty"": -138, ""true_assumptions"": {""supplier_risk"": {""field"": ""strike_status"", ""op"": ""=="", ""value"": ""clear"", ""observed_value"": ""clear"", ""entity"": ""supplier:SUP003""}, ""forecast_qty"": {""op"": "">="", ""value"": 164, ""observed_value"": 209, ""entity"": ""item:SKU017:week:2025-09-15""}}}","Please keep this PO open; strike status is clear and forecast around 164+ units. Hayre, Nayak and Vaidya said they'll manage.",True,placed
DEC000501,purchase_order,2025-09-20,"{""item_id"": ""SKU024"", ""supplier_id"": ""SUP009"", ""order_qty"": 775, ""unit_cost"": 2022.9, ""system_suggestion_qty"": 775, ""deviation_qty"": 0}",,False,placed
DEC000502,purchase_order,2025-09-20,"{""item_id"": ""SKU029"", ""supplier_id"": ""SUP006"", ""order_qty"": 858, ""unit_cost"": 1866.87, ""system_suggestion_qty"": 858, ""deviation_qty"": 0}",,False,placed
DEC000503,purchase_order,2025-09-20,"{""item_id"": ""SKU032"", ""supplier_id"": ""SUP008"", ""order_qty"": 1320, ""unit_cost"": 60.16, ""system_suggestion_qty"": 1584, ""deviation_qty"": -264, ""true_assumptions"": {""supplier_risk"": {""field"": ""strike_status"", ""op"": ""=="", ""value"": ""clear"", ""observed_value"": ""clear"", ""entity"": ""supplier:SUP008""}, ""stock_qty"": {""op"": ""<"", ""value"": 958, ""observed_value"": 870, ""entity"": ""item:SKU032""}}}",Please keep this PO open; strike status is clear and stock below 958. Mani-Nayak said they'll manage.,True,placed
DEC000504,purchase_order,2025-09-20,"{""item_id"": ""SKU035"", ""supplier_id"": ""SUP004"", ""order_qty"": 598, ""unit_cost"": 1819.58, ""system_suggestion_qty"": 598, ""deviation_qty"": 0}",,False,placed
DEC000505,purchase_order,2025-09-20,"{""item_id"": ""SKU039"", ""supplier_id"": ""SUP008"", ""order_qty"": 638, ""unit_cost"": 302.78, ""system_suggestion_qty"": 638, ""deviation_qty"": 0}",,False,placed
DEC000506,purchase_order,2025-09-20,"{""item_id"": ""SKU046"", ""supplier_id"": ""SUP004"", ""order_qty"": 385, ""unit_cost"": 1554.94, ""system_suggestion_qty"": 455, ""deviation_qty"": -70, ""true_assumptions"": {""lead_time_days"": {""op"": ""<="", ""value"": 12, ""observed_value"": 10, ""entity"": ""supplier:SUP004""}, ""supplier_risk"": {""field"": ""strike_status"", ""op"": ""=="", ""value"": ""clear"", ""observed_value"": ""clear"", ""entity"": ""supplier:SUP004""}}}",Need this covered: lead time stays under 12 days / strike status is clear. Pls check again next week.,True,placed
DEC000507,purchase_order,2025-09-21,"{""item_id"": ""SKU020"", ""supplier_id"": ""SUP006"", ""order_qty"": 816, ""unit_cost"": 695.45, ""system_suggestion_qty"": 816, ""deviation_qty"": 0}",,False,placed
DEC000508,purchase_order,2025-09-21,"{""item_id"": ""SKU042"", ""supplier_id"": ""SUP004"", ""order_qty"": 946, ""unit_cost"": 403.93, ""system_suggestion_qty"": 1161, ""deviation_qty"": -215, ""true_assumptions"": {""lead_time_days"": {""op"": ""<="", ""value"": 11, ""observed_value"": 10, ""entity"": ""supplier:SUP004""}, ""supplier_risk"": {""field"": ""strike_status"", ""op"": ""=="", ""value"": ""clear"", ""observed_value"": ""clear"", ""entity"": ""supplier:SUP004""}}}","Stock tight hai, lead time stays under 11 days; strike status is clear. Shere Inc se baat hui.",True,placed
DEC000509,purchase_order,2025-09-21,"{""item_id"": ""SKU044"", ""supplier_id"": ""SUP003"", ""order_qty"": 312, ""unit_cost"": 81.21, ""system_suggestion_qty"": 312, ""deviation_qty"": 0}",,False,placed
DEC000510,purchase_order,2025-09-21,"{""item_id"": ""SKU045"", ""supplier_id"": ""SUP004"", ""order_qty"": 1428, ""unit_cost"": 259.74, ""system_suggestion_qty"": 1428, ""deviation_qty"": 0}",,False,placed
DEC000511,purchase_order,2025-09-22,"{""item_id"": ""SKU003"", ""supplier_id"": ""SUP002"", ""order_qty"": 1088, ""unit_cost"": 1604.8, ""system_suggestion_qty"": 1088, ""deviation_qty"": 0}",,False,placed
DEC000512,purchase_order,2025-09-22,"{""item_id"": ""SKU004"", ""supplier_id"": ""SUP003"", ""order_qty"": 984, ""unit_cost"": 1370.65, ""system_suggestion_qty"": 1148, ""deviation_qty"": -164, ""true_assumptions"": {""stock_qty"": {""op"": ""<"", ""value"": 1491, ""observed_value"": 1374, ""entity"": ""item:SKU004""}, ""supplier_risk"": {""field"": ""strike_status"", ""op"": ""=="", ""value"": ""clear"", ""observed_value"": ""clear"", ""entity"": ""supplier:SUP003""}}}",OK to proceed for now. stock below 1491 + strike status is clear,True,placed
DEC000513,purchase_order,2025-09-22,"{""item_id"": ""SKU047"", ""supplier_id"": ""SUP010"", ""order_qty"": 1204, ""unit_cost"": 1256.36, ""system_suggestion_qty"": 994, ""deviation_qty"": 210, ""true_assumptions"": {""supplier_risk"": {""field"": ""strike_status"", ""op"": ""=="", ""value"": ""clear"", ""observed_value"": ""clear"", ""entity"": ""supplier:SUP010""}, ""stock_qty"": {""op"": ""<"", ""value"": 713, ""observed_value"": 626, ""entity"": ""item:SKU047""}}}",OK to proceed for now. strike status is clear + stock below 713,True,placed
DEC000514,purchase_order,2025-09-23,"{""item_id"": ""SKU001"", ""supplier_id"": ""SUP002"", ""order_qty"": 150, ""unit_cost"": 1832.54, ""system_suggestion_qty"": 225, ""deviation_qty"": -75, ""true_assumptions"": {""forecast_qty"": {""op"": "">="", ""value"": 104, ""observed_value"": 116, ""entity"": ""item:SKU001:week:2025-09-22""}, ""supplier_risk"": {""field"": ""strike_status"", ""op"": ""=="", ""value"": ""clear"", ""observed_value"": ""clear"", ""entity"": ""supplier:SUP002""}}}",OK to proceed for now. forecast around 104+ units + strike status is clear,True,placed
DEC000515,purchase_order,2025-09-23,"{""item_id"": ""SKU028"", ""supplier_id"": ""SUP006"", ""order_qty"": 864, ""unit_cost"": 1003.36, ""system_suggestion_qty"": 864, ""deviation_qty"": 0}",,False,placed
DEC000516,purchase_order,2025-09-23,"{""item_id"": ""SKU033"", ""supplier_id"": ""SUP008"", ""order_qty"": 1239, ""unit_cost"": 1129.45, ""system_suggestion_qty"": 1239, ""deviation_qty"": 0}",,False,placed
DEC000517,purchase_order,2025-09-23,"{""item_id"": ""SKU036"", ""supplier_id"": ""SUP009"", ""order_qty"": 1089, ""unit_cost"": 1566.21, ""system_suggestion_qty"": 1089, ""deviation_qty"": 0}",,False,placed
DEC000518,purchase_order,2025-09-24,"{""item_id"": ""SKU014"", ""supplier_id"": ""SUP002"", ""order_qty"": 630, ""unit_cost"": 697.4, ""system_suggestion_qty"": 630, ""deviation_qty"": 0}",,False,placed
DEC000519,purchase_order,2025-09-24,"{""item_id"": ""SKU021"", ""supplier_id"": ""SUP007"", ""order_qty"": 525, ""unit_cost"": 2115.76, ""system_suggestion_qty"": 525, ""deviation_qty"": 0}",,False,placed
DEC000520,purchase_order,2025-09-25,"{""item_id"": ""SKU027"", ""supplier_id"": ""SUP006"", ""order_qty"": 665, ""unit_cost"": 1224.01, ""system_suggestion_qty"": 665, ""deviation_qty"": 0}",,False,placed
DEC000521,purchase_order,2025-09-25,"{""item_id"": ""SKU049"", ""supplier_id"": ""SUP006"", ""order_qty"": 507, ""unit_cost"": 2340.14, ""system_suggestion_qty"": 507, ""deviation_qty"": 0}",,False,placed
DEC000522,purchase_order,2025-09-26,"{""item_id"": ""SKU002"", ""supplier_id"": ""SUP005"", ""order_qty"": 960, ""unit_cost"": 1334.03, ""system_suggestion_qty"": 960, ""deviation_qty"": 0}",,False,placed
DEC000523,purchase_order,2025-09-27,"{""item_id"": ""SKU022"", ""supplier_id"": ""SUP008"", ""order_qty"": 294, ""unit_cost"": 1969.17, ""system_suggestion_qty"": 294, ""deviation_qty"": 0}",,False,placed
DEC000524,purchase_order,2025-09-27,"{""item_id"": ""SKU023"", ""supplier_id"": ""SUP010"", ""order_qty"": 528, ""unit_cost"": 226.74, ""system_suggestion_qty"": 768, ""deviation_qty"": -240, ""true_assumptions"": {""forecast_qty"": {""op"": "">="", ""value"": 232, ""observed_value"": 328, ""entity"": ""item:SKU023:week:2025-09-22""}, ""stock_qty"": {""op"": ""<"", ""value"": 515, ""observed_value"": 467, ""entity"": ""item:SKU023""}}}",Need this covered: forecast around 232+ units / stock below 515. Pls check again next week.,True,placed
DEC000525,purchase_order,2025-09-27,"{""item_id"": ""SKU031"", ""supplier_id"": ""SUP003"", ""order_qty"": 1152, ""unit_cost"": 1541.68, ""system_suggestion_qty"": 1152, ""deviation_qty"": 0}",,False,placed
DEC000526,purchase_order,2025-09-27,"{""item_id"": ""SKU037"", ""supplier_id"": ""SUP002"", ""order_qty"": 336, ""unit_cost"": 1626.28, ""system_suggestion_qty"": 336, ""deviation_qty"": 0}",,False,placed
DEC000527,purchase_order,2025-09-27,"{""item_id"": ""SKU041"", ""supplier_id"": ""SUP005"", ""order_qty"": 1102, ""unit_cost"": 1913.43, ""system_suggestion_qty"": 1102, ""deviation_qty"": 0}",,False,placed
DEC000528,purchase_order,2025-09-28,"{""item_id"": ""SKU009"", ""supplier_id"": ""SUP003"", ""order_qty"": 445, ""unit_cost"": 828.18, ""system_suggestion_qty"": 356, ""deviation_qty"": 89, ""true_assumptions"": {""supplier_risk"": {""field"": ""strike_status"", ""op"": ""=="", ""value"": ""clear"", ""observed_value"": ""clear"", ""entity"": ""supplier:SUP003""}, ""stock_qty"": {""op"": ""<"", ""value"": 398, ""observed_value"": 382, ""entity"": ""item:SKU009""}}}",Need this covered: strike status is clear / stock below 398. Pls check again next week.,True,placed
DEC000529,purchase_order,2025-09-28,"{""item_id"": ""SKU025"", ""supplier_id"": ""SUP008"", ""order_qty"": 1209, ""unit_cost"": 98.49, ""system_suggestion_qty"": 1209, ""deviation_qty"": 0}",,False,placed
DEC000530,purchase_order,2025-09-28,"{""item_id"": ""SKU048"", ""supplier_id"": ""SUP004"", ""order_qty"": 836, ""unit_cost"": 2323.67, ""system_suggestion_qty"": 836, ""deviation_qty"": 0}",,False,placed
DEC000531,purchase_order,2025-09-29,"{""item_id"": ""SKU006"", ""supplier_id"": ""SUP010"", ""order_qty"": 530, ""unit_cost"": 256.2, ""system_suggestion_qty"": 530, ""deviation_qty"": 0}",,False,placed
DEC000532,purchase_order,2025-09-29,"{""item_id"": ""SKU017"", ""supplier_id"": ""SUP003"", ""order_qty"": 552, ""unit_cost"": 282.55, ""system_suggestion_qty"": 414, ""deviation_qty"": 138, ""true_assumptions"": {""stock_qty"": {""op"": ""<"", ""value"": 204, ""observed_value"": 194, ""entity"": ""item:SKU017""}, ""lead_time_days"": {""op"": ""<="", ""value"": 16, ""observed_value"": 13, ""entity"": ""supplier:SUP003""}}}",OK to proceed for now. stock below 204 + lead time stays under 16 days,True,placed
DEC000533,purchase_order,2025-09-29,"{""item_id"": ""SKU030"", ""supplier_id"": ""SUP001"", ""order_qty"": 440, ""unit_cost"": 221.91, ""system_suggestion_qty"": 440, ""deviation_qty"": 0}",,False,placed
DEC000534,purchase_order,2025-09-29,"{""item_id"": ""SKU050"", ""supplier_id"": ""SUP004"", ""order_qty"": 722, ""unit_cost"": 589.37, ""system_suggestion_qty"": 722, ""deviation_qty"": 0}",,False,placed
DEC000535,purchase_order,2025-09-30,"{""item_id"": ""SKU001"", ""supplier_id"": ""SUP002"", ""order_qty"": 180, ""unit_cost"": 1832.54, ""system_suggestion_qty"": 225, ""deviation_qty"": -45, ""true_assumptions"": {""forecast_qty"": {""op"": "">="", ""value"": 29, ""observed_value"": 41, ""entity"": ""item:SKU001:week:2025-09-29""}, ""stock_qty"": {""op"": ""<"", ""value"": 167, ""observed_value"": 161, ""entity"": ""item:SKU001""}}}",OK to proceed for now. forecast around 29+ units + stock below 167,True,placed
DEC000536,purchase_order,2025-09-30,"{""item_id"": ""SKU013"", ""supplier_id"": ""SUP007"", ""order_qty"": 870, ""unit_cost"": 459.71, ""system_suggestion_qty"": 580, ""deviation_qty"": 290, ""true_assumptions"": {""lead_time_days"": {""op"": ""<="", ""value"": 18, ""observed_value"": 15, ""entity"": ""supplier:SUP007""}, ""forecast_qty"": {""op"": "">="", ""value"": 74, ""observed_value"": 106, ""entity"": ""item:SKU013:week:2025-09-29""}}}",OK to proceed for now. lead time stays under 18 days + forecast around 74+ units,True,placed
DEC000537,purchase_order,2025-09-30,"{""item_id"": ""SKU034"", ""supplier_id"": ""SUP006"", ""order_qty"": 456, ""unit_cost"": 376.27, ""system_suggestion_qty"": 608, ""deviation_qty"": -152, ""true_assumptions"": {""forecast_qty"": {""op"": "">="", ""value"": 69, ""observed_value"": 99, ""entity"": ""item:SKU034:week:2025-09-29""}, ""lead_time_days"": {""op"": ""<="", ""value"": 16, ""observed_value"": 15, ""entity"": ""supplier:SUP006""}}}",OK to proceed for now. forecast around 69+ units + lead time stays under 16 days,True,placed
DEC000538,purchase_order,2025-09-30,"{""item_id"": ""SKU040"", ""supplier_id"": ""SUP008"", ""order_qty"": 1470, ""unit_cost"": 420.47, ""system_suggestion_qty"": 1176, ""deviation_qty"": 294, ""true_assumptions"": {""supplier_risk"": {""field"": ""strike_status"", ""op"": ""=="", ""value"": ""clear"", ""observed_value"": ""clear"", ""entity"": ""supplier:SUP008""}, ""forecast_qty"": {""op"": "">="", ""value"": 131, ""observed_value"": 156, ""entity"": ""item:SKU040:week:2025-09-29""}}}",Need this covered: strike status is clear / forecast around 131+ units. Pls check again next week.,True,placed
DEC000539,purchase_order,2025-09-30,"{""item_id"": ""SKU043"", ""supplier_id"": ""SUP001"", ""order_qty"": 950, ""unit_cost"": 964.56, ""system_suggestion_qty"": 760, ""deviation_qty"": 190, ""true_assumptions"": {""forecast_qty"": {""op"": "">="", ""value"": 53, ""observed_value"": 64, ""entity"": ""item:SKU043:week:2025-09-29""}, ""stock_qty"": {""op"": ""<"", ""value"": 631, ""observed_value"": 526, ""entity"": ""item:SKU043""}}}",OK to proceed for now. forecast around 53+ units + stock below 631,True,placed
