item_id,date,qty_sold
SKU001,2025-04-01,14
SKU001,2025-04-02,10
SKU001,2025-04-03,15
SKU001,2025-04-04,13
SKU001,2025-04-05,15
SKU001,2025-04-06,8
SKU001,2025-04-07,10
SKU001,2025-04-08,18
SKU001,2025-04-09,16
SKU001,2025-04-10,14
SKU001,2025-04-11,10
SKU001,2025-04-12,18
SKU001,2025-04-13,16
SKU001,2025-04-14,10
SKU001,2025-04-15,15
SKU001,2025-04-16,11
SKU001,2025-04-17,17
SKU001,2025-04-18,12
SKU001,2025-04-19,18
SKU001,2025-04-20,10
SKU001,2025-04-21,11
SKU001,2025-04-22,16
SKU001,2025-04-23,16
SKU001,2025-04-24,13
SKU001,2025-04-25,18
SKU001,2025-04-26,18
SKU001,2025-04-27,5
SKU001,2025-04-28,9
SKU001,2025-04-29,17
SKU001,2025-04-30,14
SKU001,2025-05-01,9
SKU001,2025-05-02,27
SKU001,2025-05-03,24
SKU001,2025-05-04,16
SKU001,2025-05-05,13
SKU001,2025-05-06,18
SKU001,2025-05-07,14
SKU001,2025-05-08,16
SKU001,2025-05-09,11
SKU001,2025-05-10,23
SKU001,2025-05-11,12
SKU001,2025-05-12,7
SKU001,2025-05-13,17
SKU001,2025-05-14,12
SKU001,2025-05-15,15
SKU001,2025-05-16,17
SKU001,2025-05-17,22
SKU001,2025-05-18,8
SKU001,2025-05-19,12
SKU001,2025-05-20,17
SKU001,2025-05-21,19
SKU001,2025-05-22,19
SKU001,2025-05-23,19
SKU001,2025-05-24,19
SKU001,2025-05-25,13
SKU001,2025-05-26,12
SKU001,2025-05-27,18
SKU001,2025-05-28,11
SKU001,2025-05-29,19
SKU001,2025-05-30,20
SKU001,2025-05-31,22
SKU001,2025-06-01,12
SKU001,2025-06-02,11
SKU001,2025-06-03,17
SKU001,2025-06-04,24
SKU001,2025-06-05,18
SKU001,2025-06-06,13
SKU001,2025-06-07,19
SKU001,2025-06-08,9
SKU001,2025-06-09,11
SKU001,2025-06-10,15
SKU001,2025-06-11,23
SKU001,2025-06-12,16
SKU001,2025-06-13,18
SKU001,2025-06-14,21
SKU001,2025-06-15,14
SKU001,2025-06-16,14
SKU001,2025-06-17,23
SKU001,2025-06-18,21
SKU001,2025-06-19,18
SKU001,2025-06-20,16
SKU001,2025-06-21,23
SKU001,2025-06-22,16
SKU001,2025-06-23,18
SKU001,2025-06-24,17
SKU001,2025-06-25,16
SKU001,2025-06-26,12
SKU001,2025-06-27,19
SKU001,2025-06-28,17
SKU001,2025-06-29,16
SKU001,2025-06-30,13
SKU001,2025-07-01,13
SKU001,2025-07-02,25
SKU001,2025-07-03,13
SKU001,2025-07-04,13
SKU001,2025-07-05,16
SKU001,2025-07-06,15
SKU001,2025-07-07,17
SKU001,2025-07-08,17
SKU001,2025-07-09,20
SKU001,2025-07-10,17
SKU001,2025-07-11,21
SKU001,2025-07-12,19
SKU001,2025-07-13,14
SKU001,2025-07-14,12
SKU001,2025-07-15,19
SKU001,2025-07-16,14
SKU001,2025-07-17,18
SKU001,2025-07-18,18
SKU001,2025-07-19,15
SKU001,2025-07-20,9
SKU001,2025-07-21,15
SKU001,2025-07-22,21
SKU001,2025-07-23,17
SKU001,2025-07-24,23
SKU001,2025-07-25,16
SKU001,2025-07-26,17
SKU001,2025-07-27,7
SKU001,2025-07-28,13
SKU001,2025-07-29,17
SKU001,2025-07-30,14
SKU001,2025-07-31,19
SKU001,2025-08-01,15
SKU001,2025-08-02,22
SKU001,2025-08-03,10
SKU001,2025-08-04,14
SKU001,2025-08-05,13
SKU001,2025-08-06,23
SKU001,2025-08-07,19
SKU001,2025-08-08,11
SKU001,2025-08-09,19
SKU001,2025-08-10,14
SKU001,2025-08-11,21
SKU001,2025-08-12,17
SKU001,2025-08-13,20
SKU001,2025-08-14,16
SKU001,2025-08-15,22
SKU001,2025-08-16,14
SKU001,2025-08-17,11
SKU001,2025-08-18,13
SKU001,2025-08-19,15
SKU001,2025-08-20,20
SKU001,2025-08-21,13
SKU001,2025-08-22,20
SKU001,2025-08-23,18
SKU001,2025-08-24,9
SKU001,2025-08-25,10
SKU001,2025-08-26,13
SKU001,2025-08-27,22
SKU001,2025-08-28,24
SKU001,2025-08-29,29
SKU001,2025-08-30,23
SKU001,2025-08-31,13
SKU001,2025-09-01,12
SKU001,2025-09-02,11
SKU001,2025-09-03,19
SKU001,2025-09-04,14
SKU001,2025-09-05,11
SKU001,2025-09-06,18
SKU001,2025-09-07,13
SKU001,2025-09-08,14
SKU001,2025-09-09,19
SKU001,2025-09-10,17
SKU001,2025-09-11,18
SKU001,2025-09-12,18
SKU001,2025-09-13,19
SKU001,2025-09-14,12
SKU001,2025-09-15,18
SKU001,2025-09-16,13
SKU001,2025-09-17,19
SKU001,2025-09-18,16
SKU001,2025-09-19,23
SKU001,2025-09-20,25
SKU001,2025-09-21,15
SKU001,2025-09-22,13
SKU001,2025-09-23,25
SKU001,2025-09-24,17
SKU001,2025-09-25,22
SKU001,2025-09-26,23
SKU001,2025-09-27,25
SKU001,2025-09-28,17
SKU001,2025-09-29,19
SKU001,2025-09-30,20
SKU002,2025-04-01,31
SKU002,2025-04-02,37
SKU002,2025-04-03,41
SKU002,2025-04-04,30
SKU002,2025-04-05,33
SKU002,2025-04-06,28
SKU002,2025-04-07,28
SKU002,2025-04-08,41
SKU002,2025-04-09,42
SKU002,2025-04-10,49
SKU002,2025-04-11,45
SKU002,2025-04-12,43
SKU002,2025-04-13,21
SKU002,2025-04-14,35
SKU002,2025-04-15,39
SKU002,2025-04-16,36
SKU002,2025-04-17,43
SKU002,2025-04-18,39
SKU002,2025-04-19,48
SKU002,2025-04-20,26
SKU002,2025-04-21,38
SKU002,2025-04-22,34
SKU002,2025-04-23,42
SKU002,2025-04-24,51
SKU002,2025-04-25,44
SKU002,2025-04-26,67
SKU002,2025-04-27,14
SKU002,2025-04-28,35
SKU002,2025-04-29,28
SKU002,2025-04-30,36
SKU002,2025-05-01,57
SKU002,2025-05-02,69
SKU002,2025-05-03,73
SKU002,2025-05-04,24
SKU002,2025-05-05,31
SKU002,2025-05-06,42
SKU002,2025-05-07,49
SKU002,2025-05-08,53
SKU002,2025-05-09,39
SKU002,2025-05-10,41
SKU002,2025-05-11,15
SKU002,2025-05-12,38
SKU002,2025-05-13,50
SKU002,2025-05-14,34
SKU002,2025-05-15,41
SKU002,2025-05-16,44
SKU002,2025-05-17,51
SKU002,2025-05-18,35
SKU002,2025-05-19,25
SKU002,2025-05-20,44
SKU002,2025-05-21,48
SKU002,2025-05-22,46
SKU002,2025-05-23,40
SKU002,2025-05-24,63
SKU002,2025-05-25,41
SKU002,2025-05-26,30
SKU002,2025-05-27,39
SKU002,2025-05-28,47
SKU002,2025-05-29,55
SKU002,2025-05-30,49
SKU002,2025-05-31,52
SKU002,2025-06-01,33
SKU002,2025-06-02,32
SKU002,2025-06-03,58
SKU002,2025-06-04,69
SKU002,2025-06-05,39
SKU002,2025-06-06,48
SKU002,2025-06-07,48
SKU002,2025-06-08,28
SKU002,2025-06-09,34
SKU002,2025-06-10,59
SKU002,2025-06-11,40
SKU002,2025-06-12,44
SKU002,2025-06-13,41
SKU002,2025-06-14,51
SKU002,2025-06-15,41
SKU002,2025-06-16,31
SKU002,2025-06-17,57
SKU002,2025-06-18,60
SKU002,2025-06-19,55
SKU002,2025-06-20,53
SKU002,2025-06-21,62
SKU002,2025-06-22,47
SKU002,2025-06-23,33
SKU002,2025-06-24,41
SKU002,2025-06-25,47
SKU002,2025-06-26,33
SKU002,2025-06-27,57
SKU002,2025-06-28,37
SKU002,2025-06-29,25
SKU002,2025-06-30,31
SKU002,2025-07-01,48
SKU002,2025-07-02,46
SKU002,2025-07-03,64
SKU002,2025-07-04,51
SKU002,2025-07-05,62
SKU002,2025-07-06,50
SKU002,2025-07-07,27
SKU002,2025-07-08,41
SKU002,2025-07-09,66
SKU002,2025-07-10,46
SKU002,2025-07-11,39
SKU002,2025-07-12,58
SKU002,2025-07-13,25
SKU002,2025-07-14,42
SKU002,2025-07-15,24
SKU002,2025-07-16,49
SKU002,2025-07-17,41
SKU002,2025-07-18,49
SKU002,2025-07-19,47
SKU002,2025-07-20,42
SKU002,2025-07-21,23
SKU002,2025-07-22,52
SKU002,2025-07-23,43
SKU002,2025-07-24,34
SKU002,2025-07-25,57
SKU002,2025-07-26,59
SKU002,2025-07-27,32
SKU002,2025-07-28,33
SKU002,2025-07-29,44
SKU002,2025-07-30,40
SKU002,2025-07-31,56
SKU002,2025-08-01,57
SKU002,2025-08-02,45
SKU002,2025-08-03,43
SKU002,2025-08-04,48
SKU002,2025-08-05,45
SKU002,2025-08-06,47
SKU002,2025-08-07,55
SKU002,2025-08-08,69
SKU002,2025-08-09,52
SKU002,2025-08-10,35
SKU002,2025-08-11,39
SKU002,2025-08-12,41
SKU002,2025-08-13,45
SKU002,2025-08-14,45
SKU002,2025-08-15,42
SKU002,2025-08-16,35
SKU002,2025-08-17,40
SKU002,2025-08-18,61
SKU002,2025-08-19,38
SKU002,2025-08-20,51
SKU002,2025-08-21,36
SKU002,2025-08-22,60
SKU002,2025-08-23,65
SKU002,2025-08-24,33
SKU002,2025-08-25,32
SKU002,2025-08-26,54
SKU002,2025-08-27,66
SKU002,2025-08-28,60
SKU002,2025-08-29,51
SKU002,2025-08-30,55
SKU002,2025-08-31,22
SKU002,2025-09-01,51
SKU002,2025-09-02,46
SKU002,2025-09-03,50
SKU002,2025-09-04,60
SKU002,2025-09-05,57
SKU002,2025-09-06,55
SKU002,2025-09-07,44
SKU002,2025-09-08,21
SKU002,2025-09-09,44
SKU002,2025-09-10,51
SKU002,2025-09-11,50
SKU002,2025-09-12,48
SKU002,2025-09-13,50
SKU002,2025-09-14,39
SKU002,2025-09-15,43
SKU002,2025-09-16,68
SKU002,2025-09-17,59
SKU002,2025-09-18,66
SKU002,2025-09-19,51
SKU002,2025-09-20,61
SKU002,2025-09-21,39
SKU002,2025-09-22,30
SKU002,2025-09-23,55
SKU002,2025-09-24,60
SKU002,2025-09-25,48
SKU002,2025-09-26,60
SKU002,2025-09-27,55
SKU002,2025-09-28,43
SKU002,2025-09-29,44
SKU002,2025-09-30,61
SKU003,2025-04-01,58
SKU003,2025-04-02,77
SKU003,2025-04-03,97
SKU003,2025-04-04,100
SKU003,2025-04-05,90
SKU003,2025-04-06,38
SKU003,2025-04-07,62
SKU003,2025-04-08,91
SKU003,2025-04-09,92
SKU003,2025-04-10,82
SKU003,2025-04-11,75
SKU003,2025-04-12,81
SKU003,2025-04-13,82
SKU003,2025-04-14,74
SKU003,2025-04-15,80
SKU003,2025-04-16,82
SKU003,2025-04-17,56
SKU003,2025-04-18,74
SKU003,2025-04-19,92
SKU003,2025-04-20,58
SKU003,2025-04-21,39
SKU003,2025-04-22,54
SKU003,2025-04-23,65
SKU003,2025-04-24,87
SKU003,2025-04-25,85
SKU003,2025-04-26,86
SKU003,2025-04-27,71
SKU003,2025-04-28,61
SKU003,2025-04-29,84
SKU003,2025-04-30,98
SKU003,2025-05-01,68
SKU003,2025-05-02,113
SKU003,2025-05-03,120
SKU003,2025-05-04,60
SKU003,2025-05-05,76
SKU003,2025-05-06,100
SKU003,2025-05-07,78
SKU003,2025-05-08,117
SKU003,2025-05-09,83
SKU003,2025-05-10,86
SKU003,2025-05-11,71
SKU003,2025-05-12,55
SKU003,2025-05-13,94
SKU003,2025-05-14,64
SKU003,2025-05-15,113
SKU003,2025-05-16,85
SKU003,2025-05-17,94
SKU003,2025-05-18,58
SKU003,2025-05-19,72
SKU003,2025-05-20,58
SKU003,2025-05-21,58
SKU003,2025-05-22,72
SKU003,2025-05-23,74
SKU003,2025-05-24,76
SKU003,2025-05-25,57
SKU003,2025-05-26,32
SKU003,2025-05-27,104
SKU003,2025-05-28,81
SKU003,2025-05-29,90
SKU003,2025-05-30,86
SKU003,2025-05-31,109
SKU003,2025-06-01,82
SKU003,2025-06-02,68
SKU003,2025-06-03,67
SKU003,2025-06-04,92
SKU003,2025-06-05,92
SKU003,2025-06-06,61
SKU003,2025-06-07,116
SKU003,2025-06-08,31
SKU003,2025-06-09,62
SKU003,2025-06-10,86
SKU003,2025-06-11,86
SKU003,2025-06-12,73
SKU003,2025-06-13,102
SKU003,2025-06-14,101
SKU003,2025-06-15,71
SKU003,2025-06-16,78
SKU003,2025-06-17,92
SKU003,2025-06-18,99
SKU003,2025-06-19,79
SKU003,2025-06-20,62
SKU003,2025-06-21,97
SKU003,2025-06-22,53
SKU003,2025-06-23,90
SKU003,2025-06-24,81
SKU003,2025-06-25,77
SKU003,2025-06-26,115
SKU003,2025-06-27,81
SKU003,2025-06-28,112
SKU003,2025-06-29,71
SKU003,2025-06-30,69
SKU003,2025-07-01,98
SKU003,2025-07-02,84
SKU003,2025-07-03,87
SKU003,2025-07-04,99
SKU003,2025-07-05,83
SKU003,2025-07-06,40
SKU003,2025-07-07,72
SKU003,2025-07-08,63
SKU003,2025-07-09,100
SKU003,2025-07-10,100
SKU003,2025-07-11,88
SKU003,2025-07-12,111
SKU003,2025-07-13,56
SKU003,2025-07-14,56
SKU003,2025-07-15,40
SKU003,2025-07-16,74
SKU003,2025-07-17,49
SKU003,2025-07-18,86
SKU003,2025-07-19,116
SKU003,2025-07-20,56
SKU003,2025-07-21,64
SKU003,2025-07-22,88
SKU003,2025-07-23,90
SKU003,2025-07-24,78
SKU003,2025-07-25,82
SKU003,2025-07-26,76
SKU003,2025-07-27,101
SKU003,2025-07-28,58
SKU003,2025-07-29,63
SKU003,2025-07-30,90
SKU003,2025-07-31,84
SKU003,2025-08-01,99
SKU003,2025-08-02,87
SKU003,2025-08-03,76
SKU003,2025-08-04,57
SKU003,2025-08-05,100
SKU003,2025-08-06,56
SKU003,2025-08-07,65
SKU003,2025-08-08,81
SKU003,2025-08-09,97
SKU003,2025-08-10,60
SKU003,2025-08-11,56
SKU003,2025-08-12,72
SKU003,2025-08-13,56
SKU003,2025-08-14,102
SKU003,2025-08-15,99
SKU003,2025-08-16,88
SKU003,2025-08-17,77
SKU003,2025-08-18,84
SKU003,2025-08-19,87
SKU003,2025-08-20,106
SKU003,2025-08-21,92
SKU003,2025-08-22,78
SKU003,2025-08-23,81
SKU003,2025-08-24,64
SKU003,2025-08-25,61
SKU003,2025-08-26,80
SKU003,2025-08-27,127
SKU003,2025-08-28,121
SKU003,2025-08-29,106
SKU003,2025-08-30,147
SKU003,2025-08-31,82
SKU003,2025-09-01,72
SKU003,2025-09-02,87
SKU003,2025-09-03,72
SKU003,2025-09-04,85
SKU003,2025-09-05,75
SKU003,2025-09-06,101
SKU003,2025-09-07,70
SKU003,2025-09-08,49
SKU003,2025-09-09,69
SKU003,2025-09-10,83
SKU003,2025-09-11,65
SKU003,2025-09-12,88
SKU003,2025-09-13,90
SKU003,2025-09-14,43
SKU003,2025-09-15,114
SKU003,2025-09-16,126
SKU003,2025-09-17,115
SKU003,2025-09-18,92
SKU003,2025-09-19,88
SKU003,2025-09-20,119
SKU003,2025-09-21,66
SKU003,2025-09-22,66
SKU003,2025-09-23,129
SKU003,2025-09-24,94
SKU003,2025-09-25,125
SKU003,2025-09-26,81
SKU003,2025-09-27,119
SKU003,2025-09-28,102
SKU003,2025-09-29,51
SKU003,2025-09-30,106
SKU004,2025-04-01,84
SKU004,2025-04-02,89
SKU004,2025-04-03,95
SKU004,2025-04-04,87
SKU004,2025-04-05,53
SKU004,2025-04-06,47
SKU004,2025-04-07,85
SKU004,2025-04-08,76
SKU004,2025-04-09,75
SKU004,2025-04-10,100
SKU004,2025-04-11,98
SKU004,2025-04-12,69
SKU004,2025-04-13,28
SKU004,2025-04-14,63
SKU004,2025-04-15,49
SKU004,2025-04-16,68
SKU004,2025-04-17,54
SKU004,2025-04-18,102
SKU004,2025-04-19,99
SKU004,2025-04-20,64
SKU004,2025-04-21,41
SKU004,2025-04-22,60
SKU004,2025-04-23,91
SKU004,2025-04-24,86
SKU004,2025-04-25,90
SKU004,2025-04-26,63
SKU004,2025-04-27,52
SKU004,2025-04-28,40
SKU004,2025-04-29,54
SKU004,2025-04-30,63
SKU004,2025-05-01,118
SKU004,2025-05-02,89
SKU004,2025-05-03,116
SKU004,2025-05-04,82
SKU004,2025-05-05,56
SKU004,2025-05-06,71
SKU004,2025-05-07,54
SKU004,2025-05-08,83
SKU004,2025-05-09,93
SKU004,2025-05-10,83
SKU004,2025-05-11,53
SKU004,2025-05-12,62
SKU004,2025-05-13,100
SKU004,2025-05-14,93
SKU004,2025-05-15,86
SKU004,2025-05-16,86
SKU004,2025-05-17,79
SKU004,2025-05-18,77
SKU004,2025-05-19,49
SKU004,2025-05-20,81
SKU004,2025-05-21,81
SKU004,2025-05-22,91
SKU004,2025-05-23,77
SKU004,2025-05-24,87
SKU004,2025-05-25,61
SKU004,2025-05-26,59
SKU004,2025-05-27,99
SKU004,2025-05-28,82
SKU004,2025-05-29,95
SKU004,2025-05-30,102
SKU004,2025-05-31,106
SKU004,2025-06-01,28
SKU004,2025-06-02,63
SKU004,2025-06-03,83
SKU004,2025-06-04,113
SKU004,2025-06-05,115
SKU004,2025-06-06,116
SKU004,2025-06-07,98
SKU004,2025-06-08,38
SKU004,2025-06-09,78
SKU004,2025-06-10,75
SKU004,2025-06-11,70
SKU004,2025-06-12,101
SKU004,2025-06-13,110
SKU004,2025-06-14,82
SKU004,2025-06-15,57
SKU004,2025-06-16,59
SKU004,2025-06-17,41
SKU004,2025-06-18,86
SKU004,2025-06-19,56
SKU004,2025-06-20,83
SKU004,2025-06-21,99
SKU004,2025-06-22,81
SKU004,2025-06-23,67
SKU004,2025-06-24,79
SKU004,2025-06-25,84
SKU004,2025-06-26,96
SKU004,2025-06-27,31
SKU004,2025-06-28,98
SKU004,2025-06-29,63
SKU004,2025-06-30,46
SKU004,2025-07-01,92
SKU004,2025-07-02,95
SKU004,2025-07-03,55
SKU004,2025-07-04,82
SKU004,2025-07-05,86
SKU004,2025-07-06,52
SKU004,2025-07-07,29
SKU004,2025-07-08,70
SKU004,2025-07-09,84
SKU004,2025-07-10,70
SKU004,2025-07-11,84
SKU004,2025-07-12,89
SKU004,2025-07-13,48
SKU004,2025-07-14,41
SKU004,2025-07-15,81
SKU004,2025-07-16,94
SKU004,2025-07-17,98
SKU004,2025-07-18,100
SKU004,2025-07-19,72
SKU004,2025-07-20,63
SKU004,2025-07-21,40
SKU004,2025-07-22,77
SKU004,2025-07-23,101
SKU004,2025-07-24,66
SKU004,2025-07-25,69
SKU004,2025-07-26,75
SKU004,2025-07-27,37
SKU004,2025-07-28,74
SKU004,2025-07-29,41
SKU004,2025-07-30,78
SKU004,2025-07-31,96
SKU004,2025-08-01,73
SKU004,2025-08-02,114
SKU004,2025-08-03,80
SKU004,2025-08-04,56
SKU004,2025-08-05,93
SKU004,2025-08-06,108
SKU004,2025-08-07,110
SKU004,2025-08-08,83
SKU004,2025-08-09,89
SKU004,2025-08-10,62
SKU004,2025-08-11,56
SKU004,2025-08-12,71
SKU004,2025-08-13,75
SKU004,2025-08-14,83
SKU004,2025-08-15,113
SKU004,2025-08-16,92
SKU004,2025-08-17,42
SKU004,2025-08-18,79
SKU004,2025-08-19,74
SKU004,2025-08-20,94
SKU004,2025-08-21,70
SKU004,2025-08-22,90
SKU004,2025-08-23,83
SKU004,2025-08-24,57
SKU004,2025-08-25,43
SKU004,2025-08-26,88
SKU004,2025-08-27,129
SKU004,2025-08-28,103
SKU004,2025-08-29,106
SKU004,2025-08-30,143
SKU004,2025-08-31,27
SKU004,2025-09-01,98
SKU004,2025-09-02,88
SKU004,2025-09-03,85
SKU004,2025-09-04,74
SKU004,2025-09-05,99
SKU004,2025-09-06,88
SKU004,2025-09-07,50
SKU004,2025-09-08,69
SKU004,2025-09-09,74
SKU004,2025-09-10,77
SKU004,2025-09-11,63
SKU004,2025-09-12,66
SKU004,2025-09-13,55
SKU004,2025-09-14,40
SKU004,2025-09-15,70
SKU004,2025-09-16,100
SKU004,2025-09-17,107
SKU004,2025-09-18,107
SKU004,2025-09-19,92
SKU004,2025-09-20,126
SKU004,2025-09-21,85
SKU004,2025-09-22,87
SKU004,2025-09-23,71
SKU004,2025-09-24,108
SKU004,2025-09-25,61
SKU004,2025-09-26,95
SKU004,2025-09-27,116
SKU004,2025-09-28,65
SKU004,2025-09-29,73
SKU004,2025-09-30,82
SKU005,2025-04-01,23
SKU005,2025-04-02,28
SKU005,2025-04-03,25
SKU005,2025-04-04,26
SKU005,2025-04-05,25
SKU005,2025-04-06,12
SKU005,2025-04-07,21
SKU005,2025-04-08,21
SKU005,2025-04-09,26
SKU005,2025-04-10,17
SKU005,2025-04-11,25
SKU005,2025-04-12,23
SKU005,2025-04-13,23
SKU005,2025-04-14,19
SKU005,2025-04-15,24
SKU005,2025-04-16,25
SKU005,2025-04-17,25
SKU005,2025-04-18,31
SKU005,2025-04-19,31
SKU005,2025-04-20,16
SKU005,2025-04-21,8
SKU005,2025-04-22,34
SKU005,2025-04-23,29
SKU005,2025-04-24,28
SKU005,2025-04-25,34
SKU005,2025-04-26,27
SKU005,2025-04-27,5
SKU005,2025-04-28,15
SKU005,2025-04-29,20
SKU005,2025-04-30,28
SKU005,2025-05-01,36
SKU005,2025-05-02,29
SKU005,2025-05-03,41
SKU005,2025-05-04,24
SKU005,2025-05-05,25
SKU005,2025-05-06,23
SKU005,2025-05-07,23
SKU005,2025-05-08,28
SKU005,2025-05-09,27
SKU005,2025-05-10,24
SKU005,2025-05-11,9
SKU005,2025-05-12,18
SKU005,2025-05-13,30
SKU005,2025-05-14,28
SKU005,2025-05-15,28
SKU005,2025-05-16,24
SKU005,2025-05-17,31
SKU005,2025-05-18,13
SKU005,2025-05-19,28
SKU005,2025-05-20,17
SKU005,2025-05-21,23
SKU005,2025-05-22,27
SKU005,2025-05-23,33
SKU005,2025-05-24,22
SKU005,2025-05-25,19
SKU005,2025-05-26,6
SKU005,2025-05-27,26
SKU005,2025-05-28,24
SKU005,2025-05-29,27
SKU005,2025-05-30,31
SKU005,2025-05-31,25
SKU005,2025-06-01,18
SKU005,2025-06-02,12
SKU005,2025-06-03,20
SKU005,2025-06-04,29
SKU005,2025-06-05,20
SKU005,2025-06-06,21
SKU005,2025-06-07,22
SKU005,2025-06-08,22
SKU005,2025-06-09,15
SKU005,2025-06-10,21
SKU005,2025-06-11,28
SKU005,2025-06-12,27
SKU005,2025-06-13,40
SKU005,2025-06-14,19
SKU005,2025-06-15,14
SKU005,2025-06-16,22
SKU005,2025-06-17,24
SKU005,2025-06-18,20
SKU005,2025-06-19,31
SKU005,2025-06-20,28
SKU005,2025-06-21,26
SKU005,2025-06-22,19
SKU005,2025-06-23,17
SKU005,2025-06-24,19
SKU005,2025-06-25,29
SKU005,2025-06-26,28
SKU005,2025-06-27,30
SKU005,2025-06-28,19
SKU005,2025-06-29,14
SKU005,2025-06-30,24
SKU005,2025-07-01,30
SKU005,2025-07-02,25
SKU005,2025-07-03,24
SKU005,2025-07-04,28
SKU005,2025-07-05,38
SKU005,2025-07-06,23
SKU005,2025-07-07,29
SKU005,2025-07-08,35
SKU005,2025-07-09,24
SKU005,2025-07-10,24
SKU005,2025-07-11,29
SKU005,2025-07-12,34
SKU005,2025-07-13,16
SKU005,2025-07-14,26
SKU005,2025-07-15,17
SKU005,2025-07-16,25
SKU005,2025-07-17,34
SKU005,2025-07-18,34
SKU005,2025-07-19,29
SKU005,2025-07-20,25
SKU005,2025-07-21,19
SKU005,2025-07-22,25
SKU005,2025-07-23,30
SKU005,2025-07-24,24
SKU005,2025-07-25,20
SKU005,2025-07-26,29
SKU005,2025-07-27,26
SKU005,2025-07-28,23
SKU005,2025-07-29,29
SKU005,2025-07-30,28
SKU005,2025-07-31,28
SKU005,2025-08-01,33
SKU005,2025-08-02,38
SKU005,2025-08-03,6
SKU005,2025-08-04,22
SKU005,2025-08-05,28
SKU005,2025-08-06,37
SKU005,2025-08-07,22
SKU005,2025-08-08,31
SKU005,2025-08-09,22
SKU005,2025-08-10,18
SKU005,2025-08-11,13
SKU005,2025-08-12,26
SKU005,2025-08-13,28
SKU005,2025-08-14,26
SKU005,2025-08-15,30
SKU005,2025-08-16,29
SKU005,2025-08-17,15
SKU005,2025-08-18,25
SKU005,2025-08-19,18
SKU005,2025-08-20,28
SKU005,2025-08-21,33
SKU005,2025-08-22,32
SKU005,2025-08-23,24
SKU005,2025-08-24,18
SKU005,2025-08-25,19
SKU005,2025-08-26,29
SKU005,2025-08-27,39
SKU005,2025-08-28,31
SKU005,2025-08-29,39
SKU005,2025-08-30,38
SKU005,2025-08-31,28
SKU005,2025-09-01,15
SKU005,2025-09-02,33
SKU005,2025-09-03,25
SKU005,2025-09-04,23
SKU005,2025-09-05,30
SKU005,2025-09-06,27
SKU005,2025-09-07,17
SKU005,2025-09-08,19
SKU005,2025-09-09,22
SKU005,2025-09-10,26
SKU005,2025-09-11,16
SKU005,2025-09-12,26
SKU005,2025-09-13,31
SKU005,2025-09-14,14
SKU005,2025-09-15,25
SKU005,2025-09-16,32
SKU005,2025-09-17,38
SKU005,2025-09-18,31
SKU005,2025-09-19,31
SKU005,2025-09-20,36
SKU005,2025-09-21,29
SKU005,2025-09-22,29
SKU005,2025-09-23,32
SKU005,2025-09-24,36
SKU005,2025-09-25,38
SKU005,2025-09-26,34
SKU005,2025-09-27,41
SKU005,2025-09-28,29
SKU005,2025-09-29,29
SKU005,2025-09-30,24
SKU006,2025-04-01,21
SKU006,2025-04-02,23
SKU006,2025-04-03,19
SKU006,2025-04-04,29
SKU006,2025-04-05,30
SKU006,2025-04-06,14
SKU006,2025-04-07,18
SKU006,2025-04-08,29
SKU006,2025-04-09,26
SKU006,2025-04-10,21
SKU006,2025-04-11,30
SKU006,2025-04-12,35
SKU006,2025-04-13,19
SKU006,2025-04-14,20
SKU006,2025-04-15,14
SKU006,2025-04-16,32
SKU006,2025-04-17,26
SKU006,2025-04-18,29
SKU006,2025-04-19,31
SKU006,2025-04-20,18
SKU006,2025-04-21,13
SKU006,2025-04-22,23
SKU006,2025-04-23,25
SKU006,2025-04-24,20
SKU006,2025-04-25,40
SKU006,2025-04-26,32
SKU006,2025-04-27,23
SKU006,2025-04-28,25
SKU006,2025-04-29,28
SKU006,2025-04-30,17
SKU006,2025-05-01,39
SKU006,2025-05-02,32
SKU006,2025-05-03,33
SKU006,2025-05-04,18
SKU006,2025-05-05,19
SKU006,2025-05-06,27
SKU006,2025-05-07,20
SKU006,2025-05-08,22
SKU006,2025-05-09,22
SKU006,2025-05-10,32
SKU006,2025-05-11,21
SKU006,2025-05-12,24
SKU006,2025-05-13,15
SKU006,2025-05-14,30
SKU006,2025-05-15,27
SKU006,2025-05-16,32
SKU006,2025-05-17,33
SKU006,2025-05-18,17
SKU006,2025-05-19,11
SKU006,2025-05-20,14
SKU006,2025-05-21,22
SKU006,2025-05-22,31
SKU006,2025-05-23,28
SKU006,2025-05-24,30
SKU006,2025-05-25,12
SKU006,2025-05-26,15
SKU006,2025-05-27,21
SKU006,2025-05-28,38
SKU006,2025-05-29,25
SKU006,2025-05-30,30
SKU006,2025-05-31,23
SKU006,2025-06-01,18
SKU006,2025-06-02,16
SKU006,2025-06-03,25
SKU006,2025-06-04,32
SKU006,2025-06-05,29
SKU006,2025-06-06,28
SKU006,2025-06-07,29
SKU006,2025-06-08,25
SKU006,2025-06-09,27
SKU006,2025-06-10,20
SKU006,2025-06-11,26
SKU006,2025-06-12,27
SKU006,2025-06-13,35
SKU006,2025-06-14,35
SKU006,2025-06-15,13
SKU006,2025-06-16,24
SKU006,2025-06-17,25
SKU006,2025-06-18,31
SKU006,2025-06-19,18
SKU006,2025-06-20,25
SKU006,2025-06-21,31
SKU006,2025-06-22,26
SKU006,2025-06-23,19
SKU006,2025-06-24,21
SKU006,2025-06-25,26
SKU006,2025-06-26,26
SKU006,2025-06-27,36
SKU006,2025-06-28,26
SKU006,2025-06-29,13
SKU006,2025-06-30,24
SKU006,2025-07-01,39
SKU006,2025-07-02,24
SKU006,2025-07-03,31
SKU006,2025-07-04,31
SKU006,2025-07-05,35
SKU006,2025-07-06,16
SKU006,2025-07-07,24
SKU006,2025-07-08,17
SKU006,2025-07-09,37
SKU006,2025-07-10,25
SKU006,2025-07-11,22
SKU006,2025-07-12,25
SKU006,2025-07-13,21
SKU006,2025-07-14,31
SKU006,2025-07-15,19
SKU006,2025-07-16,27
SKU006,2025-07-17,31
SKU006,2025-07-18,31
SKU006,2025-07-19,25
SKU006,2025-07-20,24
SKU006,2025-07-21,19
SKU006,2025-07-22,26
SKU006,2025-07-23,25
SKU006,2025-07-24,33
SKU006,2025-07-25,28
SKU006,2025-07-26,35
SKU006,2025-07-27,22
SKU006,2025-07-28,25
SKU006,2025-07-29,31
SKU006,2025-07-30,25
SKU006,2025-07-31,19
SKU006,2025-08-01,19
SKU006,2025-08-02,20
SKU006,2025-08-03,24
SKU006,2025-08-04,14
SKU006,2025-08-05,25
SKU006,2025-08-06,19
SKU006,2025-08-07,22
SKU006,2025-08-08,20
SKU006,2025-08-09,25
SKU006,2025-08-10,13
SKU006,2025-08-11,19
SKU006,2025-08-12,28
SKU006,2025-08-13,31
SKU006,2025-08-14,17
SKU006,2025-08-15,24
SKU006,2025-08-16,33
SKU006,2025-08-17,16
SKU006,2025-08-18,23
SKU006,2025-08-19,35
SKU006,2025-08-20,30
SKU006,2025-08-21,26
SKU006,2025-08-22,26
SKU006,2025-08-23,25
SKU006,2025-08-24,9
SKU006,2025-08-25,11
SKU006,2025-08-26,27
SKU006,2025-08-27,36
SKU006,2025-08-28,38
SKU006,2025-08-29,41
SKU006,2025-08-30,37
SKU006,2025-08-31,19
SKU006,2025-09-01,18
SKU006,2025-09-02,25
SKU006,2025-09-03,29
SKU006,2025-09-04,24
SKU006,2025-09-05,33
SKU006,2025-09-06,32
SKU006,2025-09-07,18
SKU006,2025-09-08,21
SKU006,2025-09-09,31
SKU006,2025-09-10,30
SKU006,2025-09-11,24
SKU006,2025-09-12,24
SKU006,2025-09-13,29
SKU006,2025-09-14,21
SKU006,2025-09-15,18
SKU006,2025-09-16,30
SKU006,2025-09-17,30
SKU006,2025-09-18,33
SKU006,2025-09-19,31
SKU006,2025-09-20,34
SKU006,2025-09-21,16
SKU006,2025-09-22,34
SKU006,2025-09-23,29
SKU006,2025-09-24,36
SKU006,2025-09-25,35
SKU006,2025-09-26,40
SKU006,2025-09-27,40
SKU006,2025-09-28,22
SKU006,2025-09-29,31
SKU006,2025-09-30,36
SKU007,2025-04-01,81
SKU007,2025-04-02,53
SKU007,2025-04-03,41
SKU007,2025-04-04,52
SKU007,2025-04-05,58
SKU007,2025-04-06,34
SKU007,2025-04-07,31
SKU007,2025-04-08,79
SKU007,2025-04-09,75
SKU007,2025-04-10,68
SKU007,2025-04-11,79
SKU007,2025-04-12,87
SKU007,2025-04-13,18
SKU007,2025-04-14,47
SKU007,2025-04-15,54
SKU007,2025-04-16,71
SKU007,2025-04-17,51
SKU007,2025-04-18,63
SKU007,2025-04-19,71
SKU007,2025-04-20,49
SKU007,2025-04-21,63
SKU007,2025-04-22,56
SKU007,2025-04-23,75
SKU007,2025-04-24,54
SKU007,2025-04-25,75
SKU007,2025-04-26,88
SKU007,2025-04-27,49
SKU007,2025-04-28,47
SKU007,2025-04-29,69
SKU007,2025-04-30,70
SKU007,2025-05-01,85
SKU007,2025-05-02,82
SKU007,2025-05-03,100
SKU007,2025-05-04,27
SKU007,2025-05-05,41
SKU007,2025-05-06,74
SKU007,2025-05-07,60
SKU007,2025-05-08,65
SKU007,2025-05-09,70
SKU007,2025-05-10,75
SKU007,2025-05-11,21
SKU007,2025-05-12,65
SKU007,2025-05-13,69
SKU007,2025-05-14,67
SKU007,2025-05-15,68
SKU007,2025-05-16,63
SKU007,2025-05-17,66
SKU007,2025-05-18,55
SKU007,2025-05-19,53
SKU007,2025-05-20,34
SKU007,2025-05-21,70
SKU007,2025-05-22,79
SKU007,2025-05-23,84
SKU007,2025-05-24,71
SKU007,2025-05-25,38
SKU007,2025-05-26,74
SKU007,2025-05-27,51
SKU007,2025-05-28,75
SKU007,2025-05-29,79
SKU007,2025-05-30,74
SKU007,2025-05-31,94
SKU007,2025-06-01,56
SKU007,2025-06-02,51
SKU007,2025-06-03,62
SKU007,2025-06-04,57
SKU007,2025-06-05,82
SKU007,2025-06-06,60
SKU007,2025-06-07,82
SKU007,2025-06-08,41
SKU007,2025-06-09,64
SKU007,2025-06-10,85
SKU007,2025-06-11,69
SKU007,2025-06-12,79
SKU007,2025-06-13,69
SKU007,2025-06-14,67
SKU007,2025-06-15,38
SKU007,2025-06-16,67
SKU007,2025-06-17,65
SKU007,2025-06-18,61
SKU007,2025-06-19,80
SKU007,2025-06-20,71
SKU007,2025-06-21,73
SKU007,2025-06-22,47
SKU007,2025-06-23,53
SKU007,2025-06-24,72
SKU007,2025-06-25,70
SKU007,2025-06-26,81
SKU007,2025-06-27,93
SKU007,2025-06-28,82
SKU007,2025-06-29,49
SKU007,2025-06-30,53
SKU007,2025-07-01,77
SKU007,2025-07-02,76
SKU007,2025-07-03,90
SKU007,2025-07-04,83
SKU007,2025-07-05,90
SKU007,2025-07-06,44
SKU007,2025-07-07,56
SKU007,2025-07-08,74
SKU007,2025-07-09,80
SKU007,2025-07-10,66
SKU007,2025-07-11,98
SKU007,2025-07-12,81
SKU007,2025-07-13,41
SKU007,2025-07-14,47
SKU007,2025-07-15,81
SKU007,2025-07-16,98
SKU007,2025-07-17,51
SKU007,2025-07-18,94
SKU007,2025-07-19,86
SKU007,2025-07-20,46
SKU007,2025-07-21,47
SKU007,2025-07-22,67
SKU007,2025-07-23,67
SKU007,2025-07-24,70
SKU007,2025-07-25,84
SKU007,2025-07-26,90
SKU007,2025-07-27,51
SKU007,2025-07-28,58
SKU007,2025-07-29,64
SKU007,2025-07-30,92
SKU007,2025-07-31,59
SKU007,2025-08-01,84
SKU007,2025-08-02,70
SKU007,2025-08-03,45
SKU007,2025-08-04,59
SKU007,2025-08-05,78
SKU007,2025-08-06,75
SKU007,2025-08-07,73
SKU007,2025-08-08,66
SKU007,2025-08-09,68
SKU007,2025-08-10,35
SKU007,2025-08-11,43
SKU007,2025-08-12,57
SKU007,2025-08-13,88
SKU007,2025-08-14,67
SKU007,2025-08-15,64
SKU007,2025-08-16,86
SKU007,2025-08-17,55
SKU007,2025-08-18,55
SKU007,2025-08-19,64
SKU007,2025-08-20,68
SKU007,2025-08-21,78
SKU007,2025-08-22,72
SKU007,2025-08-23,75
SKU007,2025-08-24,50
SKU007,2025-08-25,48
SKU007,2025-08-26,90
SKU007,2025-08-27,98
SKU007,2025-08-28,80
SKU007,2025-08-29,115
SKU007,2025-08-30,119
SKU007,2025-08-31,58
SKU007,2025-09-01,55
SKU007,2025-09-02,56
SKU007,2025-09-03,73
SKU007,2025-09-04,60
SKU007,2025-09-05,66
SKU007,2025-09-06,78
SKU007,2025-09-07,52
SKU007,2025-09-08,49
SKU007,2025-09-09,76
SKU007,2025-09-10,47
SKU007,2025-09-11,52
SKU007,2025-09-12,82
SKU007,2025-09-13,49
SKU007,2025-09-14,34
SKU007,2025-09-15,58
SKU007,2025-09-16,58
SKU007,2025-09-17,113
SKU007,2025-09-18,80
SKU007,2025-09-19,85
SKU007,2025-09-20,91
SKU007,2025-09-21,67
SKU007,2025-09-22,86
SKU007,2025-09-23,77
SKU007,2025-09-24,87
SKU007,2025-09-25,74
SKU007,2025-09-26,83
SKU007,2025-09-27,97
SKU007,2025-09-28,60
SKU007,2025-09-29,68
SKU007,2025-09-30,80
SKU008,2025-04-01,50
SKU008,2025-04-02,40
SKU008,2025-04-03,48
SKU008,2025-04-04,40
SKU008,2025-04-05,69
SKU008,2025-04-06,38
SKU008,2025-04-07,46
SKU008,2025-04-08,17
SKU008,2025-04-09,69
SKU008,2025-04-10,50
SKU008,2025-04-11,49
SKU008,2025-04-12,49
SKU008,2025-04-13,29
SKU008,2025-04-14,29
SKU008,2025-04-15,46
SKU008,2025-04-16,61
SKU008,2025-04-17,54
SKU008,2025-04-18,67
SKU008,2025-04-19,80
SKU008,2025-04-20,37
SKU008,2025-04-21,25
SKU008,2025-04-22,68
SKU008,2025-04-23,50
SKU008,2025-04-24,64
SKU008,2025-04-25,67
SKU008,2025-04-26,70
SKU008,2025-04-27,36
SKU008,2025-04-28,43
SKU008,2025-04-29,38
SKU008,2025-04-30,61
SKU008,2025-05-01,67
SKU008,2025-05-02,83
SKU008,2025-05-03,64
SKU008,2025-05-04,50
SKU008,2025-05-05,37
SKU008,2025-05-06,35
SKU008,2025-05-07,52
SKU008,2025-05-08,62
SKU008,2025-05-09,39
SKU008,2025-05-10,62
SKU008,2025-05-11,29
SKU008,2025-05-12,34
SKU008,2025-05-13,47
SKU008,2025-05-14,61
SKU008,2025-05-15,47
SKU008,2025-05-16,64
SKU008,2025-05-17,77
SKU008,2025-05-18,43
SKU008,2025-05-19,50
SKU008,2025-05-20,65
SKU008,2025-05-21,53
SKU008,2025-05-22,52
SKU008,2025-05-23,53
SKU008,2025-05-24,59
SKU008,2025-05-25,32
SKU008,2025-05-26,31
SKU008,2025-05-27,57
SKU008,2025-05-28,53
SKU008,2025-05-29,60
SKU008,2025-05-30,55
SKU008,2025-05-31,69
SKU008,2025-06-01,48
SKU008,2025-06-02,47
SKU008,2025-06-03,69
SKU008,2025-06-04,47
SKU008,2025-06-05,40
SKU008,2025-06-06,59
SKU008,2025-06-07,57
SKU008,2025-06-08,35
SKU008,2025-06-09,58
SKU008,2025-06-10,62
SKU008,2025-06-11,71
SKU008,2025-06-12,57
SKU008,2025-06-13,59
SKU008,2025-06-14,61
SKU008,2025-06-15,36
SKU008,2025-06-16,47
SKU008,2025-06-17,55
SKU008,2025-06-18,49
SKU008,2025-06-19,67
SKU008,2025-06-20,56
SKU008,2025-06-21,51
SKU008,2025-06-22,46
SKU008,2025-06-23,50
SKU008,2025-06-24,35
SKU008,2025-06-25,49
SKU008,2025-06-26,80
SKU008,2025-06-27,77
SKU008,2025-06-28,67
SKU008,2025-06-29,53
SKU008,2025-06-30,41
SKU008,2025-07-01,66
SKU008,2025-07-02,63
SKU008,2025-07-03,56
SKU008,2025-07-04,26
SKU008,2025-07-05,50
SKU008,2025-07-06,34
SKU008,2025-07-07,48
SKU008,2025-07-08,62
SKU008,2025-07-09,64
SKU008,2025-07-10,54
SKU008,2025-07-11,58
SKU008,2025-07-12,79
SKU008,2025-07-13,42
SKU008,2025-07-14,54
SKU008,2025-07-15,45
SKU008,2025-07-16,55
SKU008,2025-07-17,73
SKU008,2025-07-18,46
SKU008,2025-07-19,62
SKU008,2025-07-20,51
SKU008,2025-07-21,39
SKU008,2025-07-22,61
SKU008,2025-07-23,49
SKU008,2025-07-24,61
SKU008,2025-07-25,58
SKU008,2025-07-26,62
SKU008,2025-07-27,56
SKU008,2025-07-28,57
SKU008,2025-07-29,71
SKU008,2025-07-30,61
SKU008,2025-07-31,53
SKU008,2025-08-01,71
SKU008,2025-08-02,76
SKU008,2025-08-03,40
SKU008,2025-08-04,58
SKU008,2025-08-05,58
SKU008,2025-08-06,65
SKU008,2025-08-07,58
SKU008,2025-08-08,55
SKU008,2025-08-09,78
SKU008,2025-08-10,41
SKU008,2025-08-11,34
SKU008,2025-08-12,90
SKU008,2025-08-13,64
SKU008,2025-08-14,67
SKU008,2025-08-15,44
SKU008,2025-08-16,56
SKU008,2025-08-17,29
SKU008,2025-08-18,39
SKU008,2025-08-19,52
SKU008,2025-08-20,55
SKU008,2025-08-21,56
SKU008,2025-08-22,62
SKU008,2025-08-23,71
SKU008,2025-08-24,31
SKU008,2025-08-25,46
SKU008,2025-08-26,62
SKU008,2025-08-27,97
SKU008,2025-08-28,85
SKU008,2025-08-29,91
SKU008,2025-08-30,81
SKU008,2025-08-31,39
SKU008,2025-09-01,35
SKU008,2025-09-02,63
SKU008,2025-09-03,46
SKU008,2025-09-04,39
SKU008,2025-09-05,60
SKU008,2025-09-06,72
SKU008,2025-09-07,49
SKU008,2025-09-08,45
SKU008,2025-09-09,51
SKU008,2025-09-10,68
SKU008,2025-09-11,63
SKU008,2025-09-12,54
SKU008,2025-09-13,76
SKU008,2025-09-14,42
SKU008,2025-09-15,51
SKU008,2025-09-16,89
SKU008,2025-09-17,62
SKU008,2025-09-18,92
SKU008,2025-09-19,75
SKU008,2025-09-20,60
SKU008,2025-09-21,53
SKU008,2025-09-22,74
SKU008,2025-09-23,73
SKU008,2025-09-24,85
SKU008,2025-09-25,61
SKU008,2025-09-26,53
SKU008,2025-09-27,81
SKU008,2025-09-28,57
SKU008,2025-09-29,57
SKU008,2025-09-30,83
SKU009,2025-04-01,13
SKU009,2025-04-02,18
SKU009,2025-04-03,23
SKU009,2025-04-04,22
SKU009,2025-04-05,31
SKU009,2025-04-06,16
SKU009,2025-04-07,15
SKU009,2025-04-08,22
SKU009,2025-04-09,23
SKU009,2025-04-10,21
SKU009,2025-04-11,24
SKU009,2025-04-12,27
SKU009,2025-04-13,17
SKU009,2025-04-14,13
SKU009,2025-04-15,13
SKU009,2025-04-16,27
SKU009,2025-04-17,17
SKU009,2025-04-18,18
SKU009,2025-04-19,21
SKU009,2025-04-20,8
SKU009,2025-04-21,9
SKU009,2025-04-22,17
SKU009,2025-04-23,21
SKU009,2025-04-24,26
SKU009,2025-04-25,23
SKU009,2025-04-26,21
SKU009,2025-04-27,16
SKU009,2025-04-28,23
SKU009,2025-04-29,21
SKU009,2025-04-30,23
SKU009,2025-05-01,33
SKU009,2025-05-02,29
SKU009,2025-05-03,25
SKU009,2025-05-04,24
SKU009,2025-05-05,23
SKU009,2025-05-06,24
SKU009,2025-05-07,21
SKU009,2025-05-08,31
SKU009,2025-05-09,22
SKU009,2025-05-10,24
SKU009,2025-05-11,10
SKU009,2025-05-12,18
SKU009,2025-05-13,26
SKU009,2025-05-14,24
SKU009,2025-05-15,33
SKU009,2025-05-16,24
SKU009,2025-05-17,26
SKU009,2025-05-18,20
SKU009,2025-05-19,24
SKU009,2025-05-20,29
SKU009,2025-05-21,29
SKU009,2025-05-22,28
SKU009,2025-05-23,36
SKU009,2025-05-24,18
SKU009,2025-05-25,24
SKU009,2025-05-26,12
SKU009,2025-05-27,20
SKU009,2025-05-28,17
SKU009,2025-05-29,21
SKU009,2025-05-30,29
SKU009,2025-05-31,20
SKU009,2025-06-01,19
SKU009,2025-06-02,23
SKU009,2025-06-03,21
SKU009,2025-06-04,24
SKU009,2025-06-05,20
SKU009,2025-06-06,23
SKU009,2025-06-07,26
SKU009,2025-06-08,19
SKU009,2025-06-09,18
SKU009,2025-06-10,23
SKU009,2025-06-11,25
SKU009,2025-06-12,23
SKU009,2025-06-13,21
SKU009,2025-06-14,18
SKU009,2025-06-15,11
SKU009,2025-06-16,12
SKU009,2025-06-17,27
SKU009,2025-06-18,22
SKU009,2025-06-19,25
SKU009,2025-06-20,27
SKU009,2025-06-21,33
SKU009,2025-06-22,15
SKU009,2025-06-23,22
SKU009,2025-06-24,17
SKU009,2025-06-25,29
SKU009,2025-06-26,21
SKU009,2025-06-27,31
SKU009,2025-06-28,20
SKU009,2025-06-29,25
SKU009,2025-06-30,11
SKU009,2025-07-01,28
SKU009,2025-07-02,26
SKU009,2025-07-03,22
SKU009,2025-07-04,21
SKU009,2025-07-05,32
SKU009,2025-07-06,17
SKU009,2025-07-07,21
SKU009,2025-07-08,22
SKU009,2025-07-09,25
SKU009,2025-07-10,20
SKU009,2025-07-11,18
SKU009,2025-07-12,32
SKU009,2025-07-13,14
SKU009,2025-07-14,15
SKU009,2025-07-15,28
SKU009,2025-07-16,19
SKU009,2025-07-17,23
SKU009,2025-07-18,24
SKU009,2025-07-19,29
SKU009,2025-07-20,15
SKU009,2025-07-21,23
SKU009,2025-07-22,24
SKU009,2025-07-23,26
SKU009,2025-07-24,17
SKU009,2025-07-25,31
SKU009,2025-07-26,25
SKU009,2025-07-27,16
SKU009,2025-07-28,12
SKU009,2025-07-29,28
SKU009,2025-07-30,20
SKU009,2025-07-31,16
SKU009,2025-08-01,20
SKU009,2025-08-02,28
SKU009,2025-08-03,18
SKU009,2025-08-04,19
SKU009,2025-08-05,20
SKU009,2025-08-06,16
SKU009,2025-08-07,25
SKU009,2025-08-08,25
SKU009,2025-08-09,30
SKU009,2025-08-10,15
SKU009,2025-08-11,16
SKU009,2025-08-12,25
SKU009,2025-08-13,21
SKU009,2025-08-14,30
SKU009,2025-08-15,15
SKU009,2025-08-16,22
SKU009,2025-08-17,24
SKU009,2025-08-18,30
SKU009,2025-08-19,22
SKU009,2025-08-20,21
SKU009,2025-08-21,19
SKU009,2025-08-22,24
SKU009,2025-08-23,27
SKU009,2025-08-24,16
SKU009,2025-08-25,16
SKU009,2025-08-26,22
SKU009,2025-08-27,33
SKU009,2025-08-28,26
SKU009,2025-08-29,37
SKU009,2025-08-30,31
SKU009,2025-08-31,14
SKU009,2025-09-01,18
SKU009,2025-09-02,16
SKU009,2025-09-03,28
SKU009,2025-09-04,26
SKU009,2025-09-05,21
SKU009,2025-09-06,28
SKU009,2025-09-07,13
SKU009,2025-09-08,11
SKU009,2025-09-09,20
SKU009,2025-09-10,27
SKU009,2025-09-11,23
SKU009,2025-09-12,19
SKU009,2025-09-13,28
SKU009,2025-09-14,25
SKU009,2025-09-15,19
SKU009,2025-09-16,29
SKU009,2025-09-17,19
SKU009,2025-09-18,25
SKU009,2025-09-19,26
SKU009,2025-09-20,33
SKU009,2025-09-21,15
SKU009,2025-09-22,25
SKU009,2025-09-23,24
SKU009,2025-09-24,23
SKU009,2025-09-25,34
SKU009,2025-09-26,29
SKU009,2025-09-27,34
SKU009,2025-09-28,21
SKU009,2025-09-29,27
SKU009,2025-09-30,27
SKU010,2025-04-01,12
SKU010,2025-04-02,20
SKU010,2025-04-03,25
SKU010,2025-04-04,24
SKU010,2025-04-05,22
SKU010,2025-04-06,18
SKU010,2025-04-07,18
SKU010,2025-04-08,24
SKU010,2025-04-09,21
SKU010,2025-04-10,19
SKU010,2025-04-11,21
SKU010,2025-04-12,18
SKU010,2025-04-13,19
SKU010,2025-04-14,16
SKU010,2025-04-15,16
SKU010,2025-04-16,27
SKU010,2025-04-17,24
SKU010,2025-04-18,18
SKU010,2025-04-19,13
SKU010,2025-04-20,18
SKU010,2025-04-21,20
SKU010,2025-04-22,21
SKU010,2025-04-23,22
SKU010,2025-04-24,27
SKU010,2025-04-25,27
SKU010,2025-04-26,24
SKU010,2025-04-27,24
SKU010,2025-04-28,19
SKU010,2025-04-29,13
SKU010,2025-04-30,23
SKU010,2025-05-01,34
SKU010,2025-05-02,28
SKU010,2025-05-03,29
SKU010,2025-05-04,26
SKU010,2025-05-05,13
SKU010,2025-05-06,25
SKU010,2025-05-07,27
SKU010,2025-05-08,24
SKU010,2025-05-09,25
SKU010,2025-05-10,27
SKU010,2025-05-11,11
SKU010,2025-05-12,13
SKU010,2025-05-13,26
SKU010,2025-05-14,25
SKU010,2025-05-15,17
SKU010,2025-05-16,24
SKU010,2025-05-17,30
SKU010,2025-05-18,12
SKU010,2025-05-19,22
SKU010,2025-05-20,35
SKU010,2025-05-21,17
SKU010,2025-05-22,22
SKU010,2025-05-23,24
SKU010,2025-05-24,34
SKU010,2025-05-25,18
SKU010,2025-05-26,23
SKU010,2025-05-27,13
SKU010,2025-05-28,21
SKU010,2025-05-29,25
SKU010,2025-05-30,20
SKU010,2025-05-31,23
SKU010,2025-06-01,17
SKU010,2025-06-02,25
SKU010,2025-06-03,31
SKU010,2025-06-04,28
SKU010,2025-06-05,29
SKU010,2025-06-06,26
SKU010,2025-06-07,26
SKU010,2025-06-08,20
SKU010,2025-06-09,18
SKU010,2025-06-10,18
SKU010,2025-06-11,29
SKU010,2025-06-12,22
SKU010,2025-06-13,32
SKU010,2025-06-14,28
SKU010,2025-06-15,24
SKU010,2025-06-16,22
SKU010,2025-06-17,20
SKU010,2025-06-18,31
SKU010,2025-06-19,29
SKU010,2025-06-20,26
SKU010,2025-06-21,23
SKU010,2025-06-22,14
SKU010,2025-06-23,19
SKU010,2025-06-24,25
SKU010,2025-06-25,31
SKU010,2025-06-26,21
SKU010,2025-06-27,32
SKU010,2025-06-28,31
SKU010,2025-06-29,27
SKU010,2025-06-30,22
SKU010,2025-07-01,21
SKU010,2025-07-02,21
SKU010,2025-07-03,23
SKU010,2025-07-04,28
SKU010,2025-07-05,32
SKU010,2025-07-06,16
SKU010,2025-07-07,28
SKU010,2025-07-08,31
SKU010,2025-07-09,22
SKU010,2025-07-10,13
SKU010,2025-07-11,26
SKU010,2025-07-12,27
SKU010,2025-07-13,15
SKU010,2025-07-14,22
SKU010,2025-07-15,25
SKU010,2025-07-16,24
SKU010,2025-07-17,28
SKU010,2025-07-18,27
SKU010,2025-07-19,23
SKU010,2025-07-20,14
SKU010,2025-07-21,18
SKU010,2025-07-22,26
SKU010,2025-07-23,16
SKU010,2025-07-24,21
SKU010,2025-07-25,20
SKU010,2025-07-26,27
SKU010,2025-07-27,26
SKU010,2025-07-28,16
SKU010,2025-07-29,31
SKU010,2025-07-30,21
SKU010,2025-07-31,24
SKU010,2025-08-01,37
SKU010,2025-08-02,28
SKU010,2025-08-03,10
SKU010,2025-08-04,27
SKU010,2025-08-05,28
SKU010,2025-08-06,18
SKU010,2025-08-07,32
SKU010,2025-08-08,22
SKU010,2025-08-09,28
SKU010,2025-08-10,18
SKU010,2025-08-11,20
SKU010,2025-08-12,22
SKU010,2025-08-13,25
SKU010,2025-08-14,26
SKU010,2025-08-15,21
SKU010,2025-08-16,28
SKU010,2025-08-17,19
SKU010,2025-08-18,8
SKU010,2025-08-19,30
SKU010,2025-08-20,29
SKU010,2025-08-21,16
SKU010,2025-08-22,24
SKU010,2025-08-23,32
SKU010,2025-08-24,9
SKU010,2025-08-25,17
SKU010,2025-08-26,20
SKU010,2025-08-27,41
SKU010,2025-08-28,30
SKU010,2025-08-29,34
SKU010,2025-08-30,35
SKU010,2025-08-31,27
SKU010,2025-09-01,20
SKU010,2025-09-02,16
SKU010,2025-09-03,15
SKU010,2025-09-04,23
SKU010,2025-09-05,21
SKU010,2025-09-06,29
SKU010,2025-09-07,14
SKU010,2025-09-08,20
SKU010,2025-09-09,19
SKU010,2025-09-10,24
SKU010,2025-09-11,24
SKU010,2025-09-12,31
SKU010,2025-09-13,27
SKU010,2025-09-14,15
SKU010,2025-09-15,30
SKU010,2025-09-16,25
SKU010,2025-09-17,35
SKU010,2025-09-18,32
SKU010,2025-09-19,30
SKU010,2025-09-20,45
SKU010,2025-09-21,15
SKU010,2025-09-22,22
SKU010,2025-09-23,28
SKU010,2025-09-24,36
SKU010,2025-09-25,25
SKU010,2025-09-26,37
SKU010,2025-09-27,34
SKU010,2025-09-28,16
SKU010,2025-09-29,23
SKU010,2025-09-30,23
SKU011,2025-04-01,71
SKU011,2025-04-02,43
SKU011,2025-04-03,69
SKU011,2025-04-04,74
SKU011,2025-04-05,78
SKU011,2025-04-06,46
SKU011,2025-04-07,67
SKU011,2025-04-08,77
SKU011,2025-04-09,51
SKU011,2025-04-10,74
SKU011,2025-04-11,48
SKU011,2025-04-12,81
SKU011,2025-04-13,50
SKU011,2025-04-14,61
SKU011,2025-04-15,87
SKU011,2025-04-16,64
SKU011,2025-04-17,35
SKU011,2025-04-18,65
SKU011,2025-04-19,77
SKU011,2025-04-20,54
SKU011,2025-04-21,31
SKU011,2025-04-22,71
SKU011,2025-04-23,77
SKU011,2025-04-24,87
SKU011,2025-04-25,93
SKU011,2025-04-26,103
SKU011,2025-04-27,42
SKU011,2025-04-28,54
SKU011,2025-04-29,72
SKU011,2025-04-30,68
SKU011,2025-05-01,93
SKU011,2025-05-02,130
SKU011,2025-05-03,124
SKU011,2025-05-04,68
SKU011,2025-05-05,31
SKU011,2025-05-06,83
SKU011,2025-05-07,77
SKU011,2025-05-08,60
SKU011,2025-05-09,77
SKU011,2025-05-10,82
SKU011,2025-05-11,51
SKU011,2025-05-12,44
SKU011,2025-05-13,59
SKU011,2025-05-14,50
SKU011,2025-05-15,85
SKU011,2025-05-16,68
SKU011,2025-05-17,81
SKU011,2025-05-18,45
SKU011,2025-05-19,90
SKU011,2025-05-20,63
SKU011,2025-05-21,71
SKU011,2025-05-22,59
SKU011,2025-05-23,71
SKU011,2025-05-24,85
SKU011,2025-05-25,46
SKU011,2025-05-26,79
SKU011,2025-05-27,83
SKU011,2025-05-28,57
SKU011,2025-05-29,80
SKU011,2025-05-30,76
SKU011,2025-05-31,74
SKU011,2025-06-01,62
SKU011,2025-06-02,48
SKU011,2025-06-03,41
SKU011,2025-06-04,64
SKU011,2025-06-05,68
SKU011,2025-06-06,98
SKU011,2025-06-07,60
SKU011,2025-06-08,40
SKU011,2025-06-09,36
SKU011,2025-06-10,79
SKU011,2025-06-11,63
SKU011,2025-06-12,76
SKU011,2025-06-13,94
SKU011,2025-06-14,73
SKU011,2025-06-15,41
SKU011,2025-06-16,52
SKU011,2025-06-17,67
SKU011,2025-06-18,68
SKU011,2025-06-19,72
SKU011,2025-06-20,80
SKU011,2025-06-21,95
SKU011,2025-06-22,41
SKU011,2025-06-23,60
SKU011,2025-06-24,91
SKU011,2025-06-25,69
SKU011,2025-06-26,74
SKU011,2025-06-27,71
SKU011,2025-06-28,89
SKU011,2025-06-29,48
SKU011,2025-06-30,53
SKU011,2025-07-01,61
SKU011,2025-07-02,74
SKU011,2025-07-03,86
SKU011,2025-07-04,71
SKU011,2025-07-05,74
SKU011,2025-07-06,71
SKU011,2025-07-07,74
SKU011,2025-07-08,92
SKU011,2025-07-09,70
SKU011,2025-07-10,86
SKU011,2025-07-11,117
SKU011,2025-07-12,104
SKU011,2025-07-13,67
SKU011,2025-07-14,51
SKU011,2025-07-15,74
SKU011,2025-07-16,74
SKU011,2025-07-17,82
SKU011,2025-07-18,100
SKU011,2025-07-19,97
SKU011,2025-07-20,42
SKU011,2025-07-21,54
SKU011,2025-07-22,92
SKU011,2025-07-23,84
SKU011,2025-07-24,108
SKU011,2025-07-25,73
SKU011,2025-07-26,91
SKU011,2025-07-27,47
SKU011,2025-07-28,67
SKU011,2025-07-29,57
SKU011,2025-07-30,87
SKU011,2025-07-31,91
SKU011,2025-08-01,83
SKU011,2025-08-02,98
SKU011,2025-08-03,52
SKU011,2025-08-04,73
SKU011,2025-08-05,49
SKU011,2025-08-06,90
SKU011,2025-08-07,78
SKU011,2025-08-08,69
SKU011,2025-08-09,82
SKU011,2025-08-10,64
SKU011,2025-08-11,63
SKU011,2025-08-12,99
SKU011,2025-08-13,110
SKU011,2025-08-14,55
SKU011,2025-08-15,85
SKU011,2025-08-16,74
SKU011,2025-08-17,50
SKU011,2025-08-18,54
SKU011,2025-08-19,68
SKU011,2025-08-20,79
SKU011,2025-08-21,70
SKU011,2025-08-22,77
SKU011,2025-08-23,61
SKU011,2025-08-24,49
SKU011,2025-08-25,34
SKU011,2025-08-26,70
SKU011,2025-08-27,116
SKU011,2025-08-28,71
SKU011,2025-08-29,120
SKU011,2025-08-30,130
SKU011,2025-08-31,71
SKU011,2025-09-01,59
SKU011,2025-09-02,90
SKU011,2025-09-03,68
SKU011,2025-09-04,54
SKU011,2025-09-05,100
SKU011,2025-09-06,89
SKU011,2025-09-07,48
SKU011,2025-09-08,69
SKU011,2025-09-09,72
SKU011,2025-09-10,92
SKU011,2025-09-11,93
SKU011,2025-09-12,90
SKU011,2025-09-13,108
SKU011,2025-09-14,39
SKU011,2025-09-15,89
SKU011,2025-09-16,86
SKU011,2025-09-17,90
SKU011,2025-09-18,102
SKU011,2025-09-19,114
SKU011,2025-09-20,97
SKU011,2025-09-21,57
SKU011,2025-09-22,116
SKU011,2025-09-23,74
SKU011,2025-09-24,80
SKU011,2025-09-25,107
SKU011,2025-09-26,78
SKU011,2025-09-27,95
SKU011,2025-09-28,65
SKU011,2025-09-29,75
SKU011,2025-09-30,81
SKU012,2025-04-01,29
SKU012,2025-04-02,31
SKU012,2025-04-03,36
SKU012,2025-04-04,36
SKU012,2025-04-05,34
SKU012,2025-04-06,17
SKU012,2025-04-07,23
SKU012,2025-04-08,34
SKU012,2025-04-09,37
SKU012,2025-04-10,41
SKU012,2025-04-11,31
SKU012,2025-04-12,36
SKU012,2025-04-13,27
SKU012,2025-04-14,19
SKU012,2025-04-15,36
SKU012,2025-04-16,43
SKU012,2025-04-17,45
SKU012,2025-04-18,38
SKU012,2025-04-19,47
SKU012,2025-04-20,31
SKU012,2025-04-21,23
SKU012,2025-04-22,39
SKU012,2025-04-23,36
SKU012,2025-04-24,28
SKU012,2025-04-25,41
SKU012,2025-04-26,34
SKU012,2025-04-27,17
SKU012,2025-04-28,28
SKU012,2025-04-29,51
SKU012,2025-04-30,40
SKU012,2025-05-01,56
SKU012,2025-05-02,54
SKU012,2025-05-03,52
SKU012,2025-05-04,42
SKU012,2025-05-05,27
SKU012,2025-05-06,35
SKU012,2025-05-07,56
SKU012,2025-05-08,27
SKU012,2025-05-09,28
SKU012,2025-05-10,35
SKU012,2025-05-11,24
SKU012,2025-05-12,20
SKU012,2025-05-13,40
SKU012,2025-05-14,36
SKU012,2025-05-15,38
SKU012,2025-05-16,31
SKU012,2025-05-17,48
SKU012,2025-05-18,40
SKU012,2025-05-19,32
SKU012,2025-05-20,37
SKU012,2025-05-21,34
SKU012,2025-05-22,31
SKU012,2025-05-23,25
SKU012,2025-05-24,38
SKU012,2025-05-25,36
SKU012,2025-05-26,20
SKU012,2025-05-27,47
SKU012,2025-05-28,41
SKU012,2025-05-29,32
SKU012,2025-05-30,37
SKU012,2025-05-31,52
SKU012,2025-06-01,19
SKU012,2025-06-02,34
SKU012,2025-06-03,40
SKU012,2025-06-04,42
SKU012,2025-06-05,36
SKU012,2025-06-06,43
SKU012,2025-06-07,45
SKU012,2025-06-08,23
SKU012,2025-06-09,19
SKU012,2025-06-10,38
SKU012,2025-06-11,27
SKU012,2025-06-12,35
SKU012,2025-06-13,33
SKU012,2025-06-14,50
SKU012,2025-06-15,31
SKU012,2025-06-16,16
SKU012,2025-06-17,39
SKU012,2025-06-18,42
SKU012,2025-06-19,37
SKU012,2025-06-20,35
SKU012,2025-06-21,31
SKU012,2025-06-22,13
SKU012,2025-06-23,34
SKU012,2025-06-24,39
SKU012,2025-06-25,24
SKU012,2025-06-26,29
SKU012,2025-06-27,36
SKU012,2025-06-28,49
SKU012,2025-06-29,32
SKU012,2025-06-30,34
SKU012,2025-07-01,29
SKU012,2025-07-02,34
SKU012,2025-07-03,43
SKU012,2025-07-04,38
SKU012,2025-07-05,34
SKU012,2025-07-06,24
SKU012,2025-07-07,28
SKU012,2025-07-08,46
SKU012,2025-07-09,45
SKU012,2025-07-10,50
SKU012,2025-07-11,46
SKU012,2025-07-12,38
SKU012,2025-07-13,29
SKU012,2025-07-14,37
SKU012,2025-07-15,44
SKU012,2025-07-16,41
SKU012,2025-07-17,51
SKU012,2025-07-18,40
SKU012,2025-07-19,40
SKU012,2025-07-20,32
SKU012,2025-07-21,37
SKU012,2025-07-22,32
SKU012,2025-07-23,46
SKU012,2025-07-24,29
SKU012,2025-07-25,40
SKU012,2025-07-26,39
SKU012,2025-07-27,19
SKU012,2025-07-28,30
SKU012,2025-07-29,48
SKU012,2025-07-30,35
SKU012,2025-07-31,37
SKU012,2025-08-01,38
SKU012,2025-08-02,40
SKU012,2025-08-03,43
SKU012,2025-08-04,28
SKU012,2025-08-05,30
SKU012,2025-08-06,42
SKU012,2025-08-07,40
SKU012,2025-08-08,37
SKU012,2025-08-09,29
SKU012,2025-08-10,29
SKU012,2025-08-11,42
SKU012,2025-08-12,38
SKU012,2025-08-13,48
SKU012,2025-08-14,38
SKU012,2025-08-15,42
SKU012,2025-08-16,43
SKU012,2025-08-17,22
SKU012,2025-08-18,27
SKU012,2025-08-19,38
SKU012,2025-08-20,34
SKU012,2025-08-21,42
SKU012,2025-08-22,46
SKU012,2025-08-23,45
SKU012,2025-08-24,27
SKU012,2025-08-25,32
SKU012,2025-08-26,40
SKU012,2025-08-27,61
SKU012,2025-08-28,37
SKU012,2025-08-29,65
SKU012,2025-08-30,56
SKU012,2025-08-31,52
SKU012,2025-09-01,40
SKU012,2025-09-02,38
SKU012,2025-09-03,40
SKU012,2025-09-04,34
SKU012,2025-09-05,44
SKU012,2025-09-06,40
SKU012,2025-09-07,33
SKU012,2025-09-08,24
SKU012,2025-09-09,21
SKU012,2025-09-10,34
SKU012,2025-09-11,44
SKU012,2025-09-12,37
SKU012,2025-09-13,42
SKU012,2025-09-14,18
SKU012,2025-09-15,37
SKU012,2025-09-16,50
SKU012,2025-09-17,68
SKU012,2025-09-18,48
SKU012,2025-09-19,48
SKU012,2025-09-20,54
SKU012,2025-09-21,37
SKU012,2025-09-22,42
SKU012,2025-09-23,62
SKU012,2025-09-24,39
SKU012,2025-09-25,46
SKU012,2025-09-26,46
SKU012,2025-09-27,52
SKU012,2025-09-28,25
SKU012,2025-09-29,29
SKU012,2025-09-30,53
SKU013,2025-04-01,38
SKU013,2025-04-02,36
SKU013,2025-04-03,54
SKU013,2025-04-04,42
SKU013,2025-04-05,29
SKU013,2025-04-06,20
SKU013,2025-04-07,24
SKU013,2025-04-08,38
SKU013,2025-04-09,48
SKU013,2025-04-10,40
SKU013,2025-04-11,38
SKU013,2025-04-12,62
SKU013,2025-04-13,24
SKU013,2025-04-14,40
SKU013,2025-04-15,45
SKU013,2025-04-16,25
SKU013,2025-04-17,34
SKU013,2025-04-18,39
SKU013,2025-04-19,56
SKU013,2025-04-20,39
SKU013,2025-04-21,42
SKU013,2025-04-22,50
SKU013,2025-04-23,49
SKU013,2025-04-24,43
SKU013,2025-04-25,57
SKU013,2025-04-26,32
SKU013,2025-04-27,41
SKU013,2025-04-28,19
SKU013,2025-04-29,33
SKU013,2025-04-30,32
SKU013,2025-05-01,77
SKU013,2025-05-02,69
SKU013,2025-05-03,64
SKU013,2025-05-04,46
SKU013,2025-05-05,27
SKU013,2025-05-06,44
SKU013,2025-05-07,40
SKU013,2025-05-08,30
SKU013,2025-05-09,59
SKU013,2025-05-10,42
SKU013,2025-05-11,38
SKU013,2025-05-12,29
SKU013,2025-05-13,45
SKU013,2025-05-14,59
SKU013,2025-05-15,44
SKU013,2025-05-16,61
SKU013,2025-05-17,59
SKU013,2025-05-18,61
SKU013,2025-05-19,27
SKU013,2025-05-20,51
SKU013,2025-05-21,46
SKU013,2025-05-22,44
SKU013,2025-05-23,45
SKU013,2025-05-24,43
SKU013,2025-05-25,44
SKU013,2025-05-26,61
SKU013,2025-05-27,54
SKU013,2025-05-28,27
SKU013,2025-05-29,33
SKU013,2025-05-30,43
SKU013,2025-05-31,56
SKU013,2025-06-01,31
SKU013,2025-06-02,33
SKU013,2025-06-03,54
SKU013,2025-06-04,60
SKU013,2025-06-05,63
SKU013,2025-06-06,43
SKU013,2025-06-07,47
SKU013,2025-06-08,32
SKU013,2025-06-09,25
SKU013,2025-06-10,45
SKU013,2025-06-11,35
SKU013,2025-06-12,42
SKU013,2025-06-13,58
SKU013,2025-06-14,64
SKU013,2025-06-15,36
SKU013,2025-06-16,25
SKU013,2025-06-17,51
SKU013,2025-06-18,42
SKU013,2025-06-19,53
SKU013,2025-06-20,52
SKU013,2025-06-21,46
SKU013,2025-06-22,25
SKU013,2025-06-23,20
SKU013,2025-06-24,41
SKU013,2025-06-25,56
SKU013,2025-06-26,43
SKU013,2025-06-27,59
SKU013,2025-06-28,49
SKU013,2025-06-29,37
SKU013,2025-06-30,27
SKU013,2025-07-01,37
SKU013,2025-07-02,45
SKU013,2025-07-03,53
SKU013,2025-07-04,44
SKU013,2025-07-05,50
SKU013,2025-07-06,32
SKU013,2025-07-07,49
SKU013,2025-07-08,52
SKU013,2025-07-09,51
SKU013,2025-07-10,43
SKU013,2025-07-11,62
SKU013,2025-07-12,48
SKU013,2025-07-13,11
SKU013,2025-07-14,34
SKU013,2025-07-15,45
SKU013,2025-07-16,55
SKU013,2025-07-17,60
SKU013,2025-07-18,61
SKU013,2025-07-19,51
SKU013,2025-07-20,24
SKU013,2025-07-21,32
SKU013,2025-07-22,36
SKU013,2025-07-23,57
SKU013,2025-07-24,62
SKU013,2025-07-25,51
SKU013,2025-07-26,53
SKU013,2025-07-27,37
SKU013,2025-07-28,42
SKU013,2025-07-29,45
SKU013,2025-07-30,38
SKU013,2025-07-31,58
SKU013,2025-08-01,56
SKU013,2025-08-02,57
SKU013,2025-08-03,14
SKU013,2025-08-04,35
SKU013,2025-08-05,43
SKU013,2025-08-06,46
SKU013,2025-08-07,41
SKU013,2025-08-08,43
SKU013,2025-08-09,52
SKU013,2025-08-10,39
SKU013,2025-08-11,32
SKU013,2025-08-12,58
SKU013,2025-08-13,44
SKU013,2025-08-14,51
SKU013,2025-08-15,30
SKU013,2025-08-16,51
SKU013,2025-08-17,33
SKU013,2025-08-18,17
SKU013,2025-08-19,46
SKU013,2025-08-20,44
SKU013,2025-08-21,50
SKU013,2025-08-22,59
SKU013,2025-08-23,50
SKU013,2025-08-24,16
SKU013,2025-08-25,29
SKU013,2025-08-26,39
SKU013,2025-08-27,80
SKU013,2025-08-28,66
SKU013,2025-08-29,67
SKU013,2025-08-30,75
SKU013,2025-08-31,43
SKU013,2025-09-01,47
SKU013,2025-09-02,41
SKU013,2025-09-03,26
SKU013,2025-09-04,40
SKU013,2025-09-05,58
SKU013,2025-09-06,53
SKU013,2025-09-07,45
SKU013,2025-09-08,30
SKU013,2025-09-09,46
SKU013,2025-09-10,33
SKU013,2025-09-11,52
SKU013,2025-09-12,28
SKU013,2025-09-13,50
SKU013,2025-09-14,34
SKU013,2025-09-15,41
SKU013,2025-09-16,68
SKU013,2025-09-17,58
SKU013,2025-09-18,65
SKU013,2025-09-19,66
SKU013,2025-09-20,71
SKU013,2025-09-21,25
SKU013,2025-09-22,39
SKU013,2025-09-23,50
SKU013,2025-09-24,49
SKU013,2025-09-25,65
SKU013,2025-09-26,56
SKU013,2025-09-27,74
SKU013,2025-09-28,39
SKU013,2025-09-29,53
SKU013,2025-09-30,52
SKU014,2025-04-01,40
SKU014,2025-04-02,54
SKU014,2025-04-03,36
SKU014,2025-04-04,52
SKU014,2025-04-05,41
SKU014,2025-04-06,39
SKU014,2025-04-07,36
SKU014,2025-04-08,39
SKU014,2025-04-09,48
SKU014,2025-04-10,49
SKU014,2025-04-11,54
SKU014,2025-04-12,44
SKU014,2025-04-13,44
SKU014,2025-04-14,46
SKU014,2025-04-15,27
SKU014,2025-04-16,60
SKU014,2025-04-17,52
SKU014,2025-04-18,33
SKU014,2025-04-19,46
SKU014,2025-04-20,36
SKU014,2025-04-21,38
SKU014,2025-04-22,62
SKU014,2025-04-23,59
SKU014,2025-04-24,43
SKU014,2025-04-25,41
SKU014,2025-04-26,38
SKU014,2025-04-27,28
SKU014,2025-04-28,30
SKU014,2025-04-29,60
SKU014,2025-04-30,52
SKU014,2025-05-01,64
SKU014,2025-05-02,60
SKU014,2025-05-03,58
SKU014,2025-05-04,53
SKU014,2025-05-05,19
SKU014,2025-05-06,60
SKU014,2025-05-07,51
SKU014,2025-05-08,64
SKU014,2025-05-09,59
SKU014,2025-05-10,37
SKU014,2025-05-11,39
SKU014,2025-05-12,47
SKU014,2025-05-13,56
SKU014,2025-05-14,51
SKU014,2025-05-15,41
SKU014,2025-05-16,39
SKU014,2025-05-17,58
SKU014,2025-05-18,25
SKU014,2025-05-19,35
SKU014,2025-05-20,51
SKU014,2025-05-21,54
SKU014,2025-05-22,40
SKU014,2025-05-23,54
SKU014,2025-05-24,63
SKU014,2025-05-25,40
SKU014,2025-05-26,48
SKU014,2025-05-27,34
SKU014,2025-05-28,41
SKU014,2025-05-29,51
SKU014,2025-05-30,44
SKU014,2025-05-31,49
SKU014,2025-06-01,28
SKU014,2025-06-02,48
SKU014,2025-06-03,49
SKU014,2025-06-04,41
SKU014,2025-06-05,42
SKU014,2025-06-06,38
SKU014,2025-06-07,46
SKU014,2025-06-08,42
SKU014,2025-06-09,32
SKU014,2025-06-10,45
SKU014,2025-06-11,51
SKU014,2025-06-12,56
SKU014,2025-06-13,32
SKU014,2025-06-14,53
SKU014,2025-06-15,47
SKU014,2025-06-16,29
SKU014,2025-06-17,42
SKU014,2025-06-18,43
SKU014,2025-06-19,46
SKU014,2025-06-20,68
SKU014,2025-06-21,61
SKU014,2025-06-22,50
SKU014,2025-06-23,50
SKU014,2025-06-24,30
SKU014,2025-06-25,40
SKU014,2025-06-26,64
SKU014,2025-06-27,48
SKU014,2025-06-28,63
SKU014,2025-06-29,37
SKU014,2025-06-30,40
SKU014,2025-07-01,62
SKU014,2025-07-02,39
SKU014,2025-07-03,48
SKU014,2025-07-04,50
SKU014,2025-07-05,55
SKU014,2025-07-06,26
SKU014,2025-07-07,37
SKU014,2025-07-08,31
SKU014,2025-07-09,38
SKU014,2025-07-10,54
SKU014,2025-07-11,55
SKU014,2025-07-12,36
SKU014,2025-07-13,24
SKU014,2025-07-14,33
SKU014,2025-07-15,49
SKU014,2025-07-16,54
SKU014,2025-07-17,58
SKU014,2025-07-18,48
SKU014,2025-07-19,58
SKU014,2025-07-20,38
SKU014,2025-07-21,37
SKU014,2025-07-22,53
SKU014,2025-07-23,47
SKU014,2025-07-24,59
SKU014,2025-07-25,58
SKU014,2025-07-26,68
SKU014,2025-07-27,36
SKU014,2025-07-28,22
SKU014,2025-07-29,61
SKU014,2025-07-30,51
SKU014,2025-07-31,51
SKU014,2025-08-01,47
SKU014,2025-08-02,45
SKU014,2025-08-03,34
SKU014,2025-08-04,30
SKU014,2025-08-05,51
SKU014,2025-08-06,43
SKU014,2025-08-07,41
SKU014,2025-08-08,51
SKU014,2025-08-09,53
SKU014,2025-08-10,23
SKU014,2025-08-11,38
SKU014,2025-08-12,55
SKU014,2025-08-13,48
SKU014,2025-08-14,44
SKU014,2025-08-15,62
SKU014,2025-08-16,63
SKU014,2025-08-17,33
SKU014,2025-08-18,46
SKU014,2025-08-19,50
SKU014,2025-08-20,49
SKU014,2025-08-21,61
SKU014,2025-08-22,49
SKU014,2025-08-23,37
SKU014,2025-08-24,36
SKU014,2025-08-25,26
SKU014,2025-08-26,41
SKU014,2025-08-27,75
SKU014,2025-08-28,62
SKU014,2025-08-29,73
SKU014,2025-08-30,75
SKU014,2025-08-31,50
SKU014,2025-09-01,44
SKU014,2025-09-02,50
SKU014,2025-09-03,62
SKU014,2025-09-04,31
SKU014,2025-09-05,50
SKU014,2025-09-06,59
SKU014,2025-09-07,38
SKU014,2025-09-08,30
SKU014,2025-09-09,50
SKU014,2025-09-10,49
SKU014,2025-09-11,40
SKU014,2025-09-12,53
SKU014,2025-09-13,57
SKU014,2025-09-14,27
SKU014,2025-09-15,62
SKU014,2025-09-16,63
SKU014,2025-09-17,66
SKU014,2025-09-18,49
SKU014,2025-09-19,77
SKU014,2025-09-20,60
SKU014,2025-09-21,31
SKU014,2025-09-22,60
SKU014,2025-09-23,67
SKU014,2025-09-24,61
SKU014,2025-09-25,45
SKU014,2025-09-26,53
SKU014,2025-09-27,78
SKU014,2025-09-28,41
SKU014,2025-09-29,64
SKU014,2025-09-30,59
SKU015,2025-04-01,33
SKU015,2025-04-02,51
SKU015,2025-04-03,37
SKU015,2025-04-04,44
SKU015,2025-04-05,50
SKU015,2025-04-06,28
SKU015,2025-04-07,27
SKU015,2025-04-08,46
SKU015,2025-04-09,39
SKU015,2025-04-10,23
SKU015,2025-04-11,58
SKU015,2025-04-12,32
SKU015,2025-04-13,22
SKU015,2025-04-14,31
SKU015,2025-04-15,38
SKU015,2025-04-16,26
SKU015,2025-04-17,45
SKU015,2025-04-18,40
SKU015,2025-04-19,44
SKU015,2025-04-20,39
SKU015,2025-04-21,36
SKU015,2025-04-22,43
SKU015,2025-04-23,23
SKU015,2025-04-24,33
SKU015,2025-04-25,35
SKU015,2025-04-26,42
SKU015,2025-04-27,43
SKU015,2025-04-28,19
SKU015,2025-04-29,36
SKU015,2025-04-30,41
SKU015,2025-05-01,56
SKU015,2025-05-02,48
SKU015,2025-05-03,41
SKU015,2025-05-04,30
SKU015,2025-05-05,29
SKU015,2025-05-06,49
SKU015,2025-05-07,38
SKU015,2025-05-08,33
SKU015,2025-05-09,37
SKU015,2025-05-10,43
SKU015,2025-05-11,31
SKU015,2025-05-12,15
SKU015,2025-05-13,50
SKU015,2025-05-14,32
SKU015,2025-05-15,33
SKU015,2025-05-16,43
SKU015,2025-05-17,45
SKU015,2025-05-18,25
SKU015,2025-05-19,25
SKU015,2025-05-20,39
SKU015,2025-05-21,48
SKU015,2025-05-22,32
SKU015,2025-05-23,46
SKU015,2025-05-24,37
SKU015,2025-05-25,41
SKU015,2025-05-26,39
SKU015,2025-05-27,36
SKU015,2025-05-28,37
SKU015,2025-05-29,45
SKU015,2025-05-30,44
SKU015,2025-05-31,45
SKU015,2025-06-01,31
SKU015,2025-06-02,35
SKU015,2025-06-03,38
SKU015,2025-06-04,30
SKU015,2025-06-05,43
SKU015,2025-06-06,41
SKU015,2025-06-07,50
SKU015,2025-06-08,37
SKU015,2025-06-09,31
SKU015,2025-06-10,31
SKU015,2025-06-11,29
SKU015,2025-06-12,35
SKU015,2025-06-13,42
SKU015,2025-06-14,49
SKU015,2025-06-15,32
SKU015,2025-06-16,27
SKU015,2025-06-17,38
SKU015,2025-06-18,42
SKU015,2025-06-19,42
SKU015,2025-06-20,31
SKU015,2025-06-21,39
SKU015,2025-06-22,33
SKU015,2025-06-23,48
SKU015,2025-06-24,25
SKU015,2025-06-25,49
SKU015,2025-06-26,44
SKU015,2025-06-27,26
SKU015,2025-06-28,48
SKU015,2025-06-29,27
SKU015,2025-06-30,39
SKU015,2025-07-01,39
SKU015,2025-07-02,43
SKU015,2025-07-03,43
SKU015,2025-07-04,46
SKU015,2025-07-05,39
SKU015,2025-07-06,35
SKU015,2025-07-07,37
SKU015,2025-07-08,49
SKU015,2025-07-09,43
SKU015,2025-07-10,47
SKU015,2025-07-11,39
SKU015,2025-07-12,45
SKU015,2025-07-13,26
SKU015,2025-07-14,37
SKU015,2025-07-15,40
SKU015,2025-07-16,49
SKU015,2025-07-17,47
SKU015,2025-07-18,34
SKU015,2025-07-19,56
SKU015,2025-07-20,23
SKU015,2025-07-21,43
SKU015,2025-07-22,51
SKU015,2025-07-23,40
SKU015,2025-07-24,31
SKU015,2025-07-25,38
SKU015,2025-07-26,51
SKU015,2025-07-27,29
SKU015,2025-07-28,33
SKU015,2025-07-29,45
SKU015,2025-07-30,25
SKU015,2025-07-31,44
SKU015,2025-08-01,36
SKU015,2025-08-02,50
SKU015,2025-08-03,19
SKU015,2025-08-04,30
SKU015,2025-08-05,41
SKU015,2025-08-06,43
SKU015,2025-08-07,47
SKU015,2025-08-08,32
SKU015,2025-08-09,45
SKU015,2025-08-10,21
SKU015,2025-08-11,40
SKU015,2025-08-12,34
SKU015,2025-08-13,38
SKU015,2025-08-14,33
SKU015,2025-08-15,47
SKU015,2025-08-16,54
SKU015,2025-08-17,31
SKU015,2025-08-18,29
SKU015,2025-08-19,36
SKU015,2025-08-20,35
SKU015,2025-08-21,29
SKU015,2025-08-22,40
SKU015,2025-08-23,47
SKU015,2025-08-24,33
SKU015,2025-08-25,40
SKU015,2025-08-26,44
SKU015,2025-08-27,58
SKU015,2025-08-28,66
SKU015,2025-08-29,56
SKU015,2025-08-30,61
SKU015,2025-08-31,38
SKU015,2025-09-01,19
SKU015,2025-09-02,21
SKU015,2025-09-03,30
SKU015,2025-09-04,38
SKU015,2025-09-05,31
SKU015,2025-09-06,32
SKU015,2025-09-07,23
SKU015,2025-09-08,43
SKU015,2025-09-09,42
SKU015,2025-09-10,41
SKU015,2025-09-11,50
SKU015,2025-09-12,44
SKU015,2025-09-13,45
SKU015,2025-09-14,17
SKU015,2025-09-15,37
SKU015,2025-09-16,65
SKU015,2025-09-17,58
SKU015,2025-09-18,57
SKU015,2025-09-19,59
SKU015,2025-09-20,49
SKU015,2025-09-21,42
SKU015,2025-09-22,39
SKU015,2025-09-23,33
SKU015,2025-09-24,44
SKU015,2025-09-25,41
SKU015,2025-09-26,52
SKU015,2025-09-27,63
SKU015,2025-09-28,41
SKU015,2025-09-29,41
SKU015,2025-09-30,44
SKU016,2025-04-01,14
SKU016,2025-04-02,15
SKU016,2025-04-03,10
SKU016,2025-04-04,12
SKU016,2025-04-05,11
SKU016,2025-04-06,8
SKU016,2025-04-07,12
SKU016,2025-04-08,11
SKU016,2025-04-09,15
SKU016,2025-04-10,12
SKU016,2025-04-11,17
SKU016,2025-04-12,12
SKU016,2025-04-13,11
SKU016,2025-04-14,12
SKU016,2025-04-15,15
SKU016,2025-04-16,16
SKU016,2025-04-17,13
SKU016,2025-04-18,14
SKU016,2025-04-19,15
SKU016,2025-04-20,10
SKU016,2025-04-21,11
SKU016,2025-04-22,9
SKU016,2025-04-23,9
SKU016,2025-04-24,17
SKU016,2025-04-25,19
SKU016,2025-04-26,12
SKU016,2025-04-27,10
SKU016,2025-04-28,18
SKU016,2025-04-29,15
SKU016,2025-04-30,17
SKU016,2025-05-01,17
SKU016,2025-05-02,18
SKU016,2025-05-03,22
SKU016,2025-05-04,7
SKU016,2025-05-05,13
SKU016,2025-05-06,18
SKU016,2025-05-07,15
SKU016,2025-05-08,16
SKU016,2025-05-09,13
SKU016,2025-05-10,12
SKU016,2025-05-11,11
SKU016,2025-05-12,12
SKU016,2025-05-13,16
SKU016,2025-05-14,16
SKU016,2025-05-15,16
SKU016,2025-05-16,18
SKU016,2025-05-17,15
SKU016,2025-05-18,17
SKU016,2025-05-19,9
SKU016,2025-05-20,17
SKU016,2025-05-21,15
SKU016,2025-05-22,14
SKU016,2025-05-23,15
SKU016,2025-05-24,18
SKU016,2025-05-25,14
SKU016,2025-05-26,11
SKU016,2025-05-27,15
SKU016,2025-05-28,13
SKU016,2025-05-29,11
SKU016,2025-05-30,12
SKU016,2025-05-31,13
SKU016,2025-06-01,10
SKU016,2025-06-02,15
SKU016,2025-06-03,17
SKU016,2025-06-04,21
SKU016,2025-06-05,16
SKU016,2025-06-06,18
SKU016,2025-06-07,18
SKU016,2025-06-08,10
SKU016,2025-06-09,12
SKU016,2025-06-10,13
SKU016,2025-06-11,19
SKU016,2025-06-12,17
SKU016,2025-06-13,11
SKU016,2025-06-14,13
SKU016,2025-06-15,15
SKU016,2025-06-16,12
SKU016,2025-06-17,19
SKU016,2025-06-18,11
SKU016,2025-06-19,20
SKU016,2025-06-20,14
SKU016,2025-06-21,16
SKU016,2025-06-22,8
SKU016,2025-06-23,14
SKU016,2025-06-24,13
SKU016,2025-06-25,15
SKU016,2025-06-26,23
SKU016,2025-06-27,17
SKU016,2025-06-28,21
SKU016,2025-06-29,8
SKU016,2025-06-30,11
SKU016,2025-07-01,13
SKU016,2025-07-02,15
SKU016,2025-07-03,15
SKU016,2025-07-04,15
SKU016,2025-07-05,16
SKU016,2025-07-06,12
SKU016,2025-07-07,10
SKU016,2025-07-08,8
SKU016,2025-07-09,14
SKU016,2025-07-10,13
SKU016,2025-07-11,17
SKU016,2025-07-12,18
SKU016,2025-07-13,15
SKU016,2025-07-14,9
SKU016,2025-07-15,17
SKU016,2025-07-16,17
SKU016,2025-07-17,14
SKU016,2025-07-18,14
SKU016,2025-07-19,19
SKU016,2025-07-20,5
SKU016,2025-07-21,10
SKU016,2025-07-22,18
SKU016,2025-07-23,16
SKU016,2025-07-24,19
SKU016,2025-07-25,21
SKU016,2025-07-26,18
SKU016,2025-07-27,6
SKU016,2025-07-28,11
SKU016,2025-07-29,19
SKU016,2025-07-30,16
SKU016,2025-07-31,14
SKU016,2025-08-01,10
SKU016,2025-08-02,15
SKU016,2025-08-03,6
SKU016,2025-08-04,17
SKU016,2025-08-05,16
SKU016,2025-08-06,16
SKU016,2025-08-07,18
SKU016,2025-08-08,16
SKU016,2025-08-09,16
SKU016,2025-08-10,13
SKU016,2025-08-11,13
SKU016,2025-08-12,12
SKU016,2025-08-13,16
SKU016,2025-08-14,14
SKU016,2025-08-15,15
SKU016,2025-08-16,22
SKU016,2025-08-17,9
SKU016,2025-08-18,12
SKU016,2025-08-19,14
SKU016,2025-08-20,12
SKU016,2025-08-21,14
SKU016,2025-08-22,17
SKU016,2025-08-23,16
SKU016,2025-08-24,5
SKU016,2025-08-25,7
SKU016,2025-08-26,19
SKU016,2025-08-27,20
SKU016,2025-08-28,20
SKU016,2025-08-29,11
SKU016,2025-08-30,24
SKU016,2025-08-31,10
SKU016,2025-09-01,10
SKU016,2025-09-02,13
SKU016,2025-09-03,14
SKU016,2025-09-04,20
SKU016,2025-09-05,15
SKU016,2025-09-06,18
SKU016,2025-09-07,12
SKU016,2025-09-08,13
SKU016,2025-09-09,16
SKU016,2025-09-10,15
SKU016,2025-09-11,18
SKU016,2025-09-12,11
SKU016,2025-09-13,11
SKU016,2025-09-14,10
SKU016,2025-09-15,8
SKU016,2025-09-16,14
SKU016,2025-09-17,11
SKU016,2025-09-18,18
SKU016,2025-09-19,18
SKU016,2025-09-20,23
SKU016,2025-09-21,13
SKU016,2025-09-22,17
SKU016,2025-09-23,21
SKU016,2025-09-24,23
SKU016,2025-09-25,16
SKU016,2025-09-26,22
SKU016,2025-09-27,23
SKU016,2025-09-28,15
SKU016,2025-09-29,16
SKU016,2025-09-30,20
SKU017,2025-04-01,21
SKU017,2025-04-02,28
SKU017,2025-04-03,29
SKU017,2025-04-04,15
SKU017,2025-04-05,26
SKU017,2025-04-06,17
SKU017,2025-04-07,22
SKU017,2025-04-08,26
SKU017,2025-04-09,27
SKU017,2025-04-10,38
SKU017,2025-04-11,23
SKU017,2025-04-12,27
SKU017,2025-04-13,21
SKU017,2025-04-14,18
SKU017,2025-04-15,24
SKU017,2025-04-16,22
SKU017,2025-04-17,25
SKU017,2025-04-18,18
SKU017,2025-04-19,31
SKU017,2025-04-20,13
SKU017,2025-04-21,24
SKU017,2025-04-22,9
SKU017,2025-04-23,28
SKU017,2025-04-24,30
SKU017,2025-04-25,28
SKU017,2025-04-26,28
SKU017,2025-04-27,13
SKU017,2025-04-28,24
SKU017,2025-04-29,25
SKU017,2025-04-30,22
SKU017,2025-05-01,33
SKU017,2025-05-02,35
SKU017,2025-05-03,41
SKU017,2025-05-04,30
SKU017,2025-05-05,23
SKU017,2025-05-06,32
SKU017,2025-05-07,29
SKU017,2025-05-08,27
SKU017,2025-05-09,31
SKU017,2025-05-10,32
SKU017,2025-05-11,19
SKU017,2025-05-12,26
SKU017,2025-05-13,31
SKU017,2025-05-14,28
SKU017,2025-05-15,38
SKU017,2025-05-16,27
SKU017,2025-05-17,33
SKU017,2025-05-18,22
SKU017,2025-05-19,14
SKU017,2025-05-20,27
SKU017,2025-05-21,25
SKU017,2025-05-22,26
SKU017,2025-05-23,19
SKU017,2025-05-24,26
SKU017,2025-05-25,22
SKU017,2025-05-26,23
SKU017,2025-05-27,16
SKU017,2025-05-28,36
SKU017,2025-05-29,30
SKU017,2025-05-30,26
SKU017,2025-05-31,26
SKU017,2025-06-01,16
SKU017,2025-06-02,15
SKU017,2025-06-03,31
SKU017,2025-06-04,34
SKU017,2025-06-05,27
SKU017,2025-06-06,24
SKU017,2025-06-07,33
SKU017,2025-06-08,22
SKU017,2025-06-09,17
SKU017,2025-06-10,22
SKU017,2025-06-11,32
SKU017,2025-06-12,28
SKU017,2025-06-13,24
SKU017,2025-06-14,23
SKU017,2025-06-15,5
SKU017,2025-06-16,27
SKU017,2025-06-17,20
SKU017,2025-06-18,36
SKU017,2025-06-19,32
SKU017,2025-06-20,32
SKU017,2025-06-21,29
SKU017,2025-06-22,21
SKU017,2025-06-23,20
SKU017,2025-06-24,33
SKU017,2025-06-25,25
SKU017,2025-06-26,32
SKU017,2025-06-27,33
SKU017,2025-06-28,30
SKU017,2025-06-29,16
SKU017,2025-06-30,14
SKU017,2025-07-01,26
SKU017,2025-07-02,31
SKU017,2025-07-03,32
SKU017,2025-07-04,22
SKU017,2025-07-05,21
SKU017,2025-07-06,30
SKU017,2025-07-07,17
SKU017,2025-07-08,23
SKU017,2025-07-09,29
SKU017,2025-07-10,30
SKU017,2025-07-11,28
SKU017,2025-07-12,28
SKU017,2025-07-13,23
SKU017,2025-07-14,34
SKU017,2025-07-15,35
SKU017,2025-07-16,31
SKU017,2025-07-17,19
SKU017,2025-07-18,17
SKU017,2025-07-19,29
SKU017,2025-07-20,24
SKU017,2025-07-21,15
SKU017,2025-07-22,33
SKU017,2025-07-23,32
SKU017,2025-07-24,33
SKU017,2025-07-25,30
SKU017,2025-07-26,30
SKU017,2025-07-27,14
SKU017,2025-07-28,17
SKU017,2025-07-29,23
SKU017,2025-07-30,24
SKU017,2025-07-31,18
SKU017,2025-08-01,30
SKU017,2025-08-02,27
SKU017,2025-08-03,22
SKU017,2025-08-04,19
SKU017,2025-08-05,26
SKU017,2025-08-06,27
SKU017,2025-08-07,28
SKU017,2025-08-08,26
SKU017,2025-08-09,33
SKU017,2025-08-10,28
SKU017,2025-08-11,18
SKU017,2025-08-12,26
SKU017,2025-08-13,30
SKU017,2025-08-14,33
SKU017,2025-08-15,34
SKU017,2025-08-16,31
SKU017,2025-08-17,16
SKU017,2025-08-18,19
SKU017,2025-08-19,31
SKU017,2025-08-20,28
SKU017,2025-08-21,26
SKU017,2025-08-22,30
SKU017,2025-08-23,27
SKU017,2025-08-24,4
SKU017,2025-08-25,14
SKU017,2025-08-26,38
SKU017,2025-08-27,37
SKU017,2025-08-28,35
SKU017,2025-08-29,41
SKU017,2025-08-30,41
SKU017,2025-08-31,21
SKU017,2025-09-01,23
SKU017,2025-09-02,24
SKU017,2025-09-03,27
SKU017,2025-09-04,22
SKU017,2025-09-05,34
SKU017,2025-09-06,37
SKU017,2025-09-07,17
SKU017,2025-09-08,18
SKU017,2025-09-09,23
SKU017,2025-09-10,34
SKU017,2025-09-11,25
SKU017,2025-09-12,29
SKU017,2025-09-13,23
SKU017,2025-09-14,18
SKU017,2025-09-15,27
SKU017,2025-09-16,21
SKU017,2025-09-17,32
SKU017,2025-09-18,37
SKU017,2025-09-19,44
SKU017,2025-09-20,35
SKU017,2025-09-21,25
SKU017,2025-09-22,28
SKU017,2025-09-23,29
SKU017,2025-09-24,33
SKU017,2025-09-25,37
SKU017,2025-09-26,31
SKU017,2025-09-27,42
SKU017,2025-09-28,23
SKU017,2025-09-29,28
SKU017,2025-09-30,45
SKU018,2025-04-01,85
SKU018,2025-04-02,84
SKU018,2025-04-03,94
SKU018,2025-04-04,47
SKU018,2025-04-05,86
SKU018,2025-04-06,53
SKU018,2025-04-07,79
SKU018,2025-04-08,51
SKU018,2025-04-09,78
SKU018,2025-04-10,53
SKU018,2025-04-11,90
SKU018,2025-04-12,69
SKU018,2025-04-13,9
SKU018,2025-04-14,67
SKU018,2025-04-15,70
SKU018,2025-04-16,76
SKU018,2025-04-17,80
SKU018,2025-04-18,84
SKU018,2025-04-19,94
SKU018,2025-04-20,35
SKU018,2025-04-21,77
SKU018,2025-04-22,78
SKU018,2025-04-23,96
SKU018,2025-04-24,71
SKU018,2025-04-25,67
SKU018,2025-04-26,69
SKU018,2025-04-27,33
SKU018,2025-04-28,57
SKU018,2025-04-29,69
SKU018,2025-04-30,68
SKU018,2025-05-01,105
SKU018,2025-05-02,96
SKU018,2025-05-03,124
SKU018,2025-05-04,90
SKU018,2025-05-05,69
SKU018,2025-05-06,52
SKU018,2025-05-07,57
SKU018,2025-05-08,63
SKU018,2025-05-09,64
SKU018,2025-05-10,85
SKU018,2025-05-11,94
SKU018,2025-05-12,72
SKU018,2025-05-13,98
SKU018,2025-05-14,51
SKU018,2025-05-15,93
SKU018,2025-05-16,65
SKU018,2025-05-17,81
SKU018,2025-05-18,62
SKU018,2025-05-19,74
SKU018,2025-05-20,55
SKU018,2025-05-21,110
SKU018,2025-05-22,71
SKU018,2025-05-23,91
SKU018,2025-05-24,56
SKU018,2025-05-25,42
SKU018,2025-05-26,72
SKU018,2025-05-27,101
SKU018,2025-05-28,89
SKU018,2025-05-29,73
SKU018,2025-05-30,97
SKU018,2025-05-31,58
SKU018,2025-06-01,62
SKU018,2025-06-02,70
SKU018,2025-06-03,84
SKU018,2025-06-04,83
SKU018,2025-06-05,81
SKU018,2025-06-06,72
SKU018,2025-06-07,61
SKU018,2025-06-08,54
SKU018,2025-06-09,57
SKU018,2025-06-10,54
SKU018,2025-06-11,75
SKU018,2025-06-12,86
SKU018,2025-06-13,115
SKU018,2025-06-14,103
SKU018,2025-06-15,60
SKU018,2025-06-16,76
SKU018,2025-06-17,83
SKU018,2025-06-18,105
SKU018,2025-06-19,84
SKU018,2025-06-20,72
SKU018,2025-06-21,79
SKU018,2025-06-22,71
SKU018,2025-06-23,60
SKU018,2025-06-24,82
SKU018,2025-06-25,95
SKU018,2025-06-26,77
SKU018,2025-06-27,101
SKU018,2025-06-28,104
SKU018,2025-06-29,83
SKU018,2025-06-30,60
SKU018,2025-07-01,106
SKU018,2025-07-02,66
SKU018,2025-07-03,85
SKU018,2025-07-04,92
SKU018,2025-07-05,75
SKU018,2025-07-06,24
SKU018,2025-07-07,78
SKU018,2025-07-08,78
SKU018,2025-07-09,97
SKU018,2025-07-10,61
SKU018,2025-07-11,61
SKU018,2025-07-12,92
SKU018,2025-07-13,80
SKU018,2025-07-14,66
SKU018,2025-07-15,75
SKU018,2025-07-16,85
SKU018,2025-07-17,88
SKU018,2025-07-18,73
SKU018,2025-07-19,98
SKU018,2025-07-20,74
SKU018,2025-07-21,102
SKU018,2025-07-22,79
SKU018,2025-07-23,99
SKU018,2025-07-24,87
SKU018,2025-07-25,58
SKU018,2025-07-26,51
SKU018,2025-07-27,48
SKU018,2025-07-28,58
SKU018,2025-07-29,76
SKU018,2025-07-30,99
SKU018,2025-07-31,61
SKU018,2025-08-01,115
SKU018,2025-08-02,85
SKU018,2025-08-03,60
SKU018,2025-08-04,57
SKU018,2025-08-05,74
SKU018,2025-08-06,72
SKU018,2025-08-07,79
SKU018,2025-08-08,70
SKU018,2025-08-09,89
SKU018,2025-08-10,73
SKU018,2025-08-11,69
SKU018,2025-08-12,83
SKU018,2025-08-13,82
SKU018,2025-08-14,100
SKU018,2025-08-15,73
SKU018,2025-08-16,92
SKU018,2025-08-17,67
SKU018,2025-08-18,69
SKU018,2025-08-19,90
SKU018,2025-08-20,83
SKU018,2025-08-21,76
SKU018,2025-08-22,94
SKU018,2025-08-23,110
SKU018,2025-08-24,79
SKU018,2025-08-25,80
SKU018,2025-08-26,70
SKU018,2025-08-27,122
SKU018,2025-08-28,109
SKU018,2025-08-29,120
SKU018,2025-08-30,115
SKU018,2025-08-31,77
SKU018,2025-09-01,49
SKU018,2025-09-02,80
SKU018,2025-09-03,80
SKU018,2025-09-04,71
SKU018,2025-09-05,80
SKU018,2025-09-06,99
SKU018,2025-09-07,68
SKU018,2025-09-08,46
SKU018,2025-09-09,62
SKU018,2025-09-10,96
SKU018,2025-09-11,94
SKU018,2025-09-12,97
SKU018,2025-09-13,104
SKU018,2025-09-14,64
SKU018,2025-09-15,95
SKU018,2025-09-16,105
SKU018,2025-09-17,109
SKU018,2025-09-18,98
SKU018,2025-09-19,80
SKU018,2025-09-20,112
SKU018,2025-09-21,67
SKU018,2025-09-22,80
SKU018,2025-09-23,110
SKU018,2025-09-24,102
SKU018,2025-09-25,77
SKU018,2025-09-26,86
SKU018,2025-09-27,110
SKU018,2025-09-28,65
SKU018,2025-09-29,61
SKU018,2025-09-30,107
SKU019,2025-04-01,14
SKU019,2025-04-02,15
SKU019,2025-04-03,15
SKU019,2025-04-04,21
SKU019,2025-04-05,17
SKU019,2025-04-06,13
SKU019,2025-04-07,24
SKU019,2025-04-08,14
SKU019,2025-04-09,18
SKU019,2025-04-10,29
SKU019,2025-04-11,26
SKU019,2025-04-12,24
SKU019,2025-04-13,9
SKU019,2025-04-14,18
SKU019,2025-04-15,22
SKU019,2025-04-16,15
SKU019,2025-04-17,25
SKU019,2025-04-18,16
SKU019,2025-04-19,13
SKU019,2025-04-20,19
SKU019,2025-04-21,22
SKU019,2025-04-22,16
SKU019,2025-04-23,20
SKU019,2025-04-24,28
SKU019,2025-04-25,21
SKU019,2025-04-26,23
SKU019,2025-04-27,12
SKU019,2025-04-28,20
SKU019,2025-04-29,22
SKU019,2025-04-30,15
SKU019,2025-05-01,30
SKU019,2025-05-02,29
SKU019,2025-05-03,23
SKU019,2025-05-04,20
SKU019,2025-05-05,15
SKU019,2025-05-06,17
SKU019,2025-05-07,18
SKU019,2025-05-08,26
SKU019,2025-05-09,24
SKU019,2025-05-10,29
SKU019,2025-05-11,19
SKU019,2025-05-12,13
SKU019,2025-05-13,21
SKU019,2025-05-14,14
SKU019,2025-05-15,31
SKU019,2025-05-16,22
SKU019,2025-05-17,25
SKU019,2025-05-18,14
SKU019,2025-05-19,16
SKU019,2025-05-20,22
SKU019,2025-05-21,25
SKU019,2025-05-22,27
SKU019,2025-05-23,24
SKU019,2025-05-24,21
SKU019,2025-05-25,23
SKU019,2025-05-26,20
SKU019,2025-05-27,18
SKU019,2025-05-28,19
SKU019,2025-05-29,19
SKU019,2025-05-30,23
SKU019,2025-05-31,22
SKU019,2025-06-01,24
SKU019,2025-06-02,25
SKU019,2025-06-03,19
SKU019,2025-06-04,24
SKU019,2025-06-05,23
SKU019,2025-06-06,29
SKU019,2025-06-07,25
SKU019,2025-06-08,11
SKU019,2025-06-09,13
SKU019,2025-06-10,23
SKU019,2025-06-11,24
SKU019,2025-06-12,20
SKU019,2025-06-13,13
SKU019,2025-06-14,23
SKU019,2025-06-15,15
SKU019,2025-06-16,10
SKU019,2025-06-17,21
SKU019,2025-06-18,16
SKU019,2025-06-19,24
SKU019,2025-06-20,27
SKU019,2025-06-21,25
SKU019,2025-06-22,15
SKU019,2025-06-23,15
SKU019,2025-06-24,27
SKU019,2025-06-25,20
SKU019,2025-06-26,15
SKU019,2025-06-27,19
SKU019,2025-06-28,26
SKU019,2025-06-29,17
SKU019,2025-06-30,11
SKU019,2025-07-01,26
SKU019,2025-07-02,18
SKU019,2025-07-03,27
SKU019,2025-07-04,34
SKU019,2025-07-05,21
SKU019,2025-07-06,17
SKU019,2025-07-07,21
SKU019,2025-07-08,18
SKU019,2025-07-09,20
SKU019,2025-07-10,18
SKU019,2025-07-11,25
SKU019,2025-07-12,21
SKU019,2025-07-13,16
SKU019,2025-07-14,15
SKU019,2025-07-15,17
SKU019,2025-07-16,24
SKU019,2025-07-17,24
SKU019,2025-07-18,28
SKU019,2025-07-19,28
SKU019,2025-07-20,11
SKU019,2025-07-21,18
SKU019,2025-07-22,22
SKU019,2025-07-23,17
SKU019,2025-07-24,19
SKU019,2025-07-25,21
SKU019,2025-07-26,32
SKU019,2025-07-27,16
SKU019,2025-07-28,15
SKU019,2025-07-29,16
SKU019,2025-07-30,21
SKU019,2025-07-31,27
SKU019,2025-08-01,22
SKU019,2025-08-02,18
SKU019,2025-08-03,10
SKU019,2025-08-04,11
SKU019,2025-08-05,24
SKU019,2025-08-06,17
SKU019,2025-08-07,26
SKU019,2025-08-08,29
SKU019,2025-08-09,19
SKU019,2025-08-10,12
SKU019,2025-08-11,22
SKU019,2025-08-12,22
SKU019,2025-08-13,17
SKU019,2025-08-14,23
SKU019,2025-08-15,29
SKU019,2025-08-16,20
SKU019,2025-08-17,13
SKU019,2025-08-18,18
SKU019,2025-08-19,25
SKU019,2025-08-20,16
SKU019,2025-08-21,22
SKU019,2025-08-22,17
SKU019,2025-08-23,25
SKU019,2025-08-24,9
SKU019,2025-08-25,20
SKU019,2025-08-26,20
SKU019,2025-08-27,31
SKU019,2025-08-28,30
SKU019,2025-08-29,24
SKU019,2025-08-30,40
SKU019,2025-08-31,18
SKU019,2025-09-01,15
SKU019,2025-09-02,16
SKU019,2025-09-03,20
SKU019,2025-09-04,8
SKU019,2025-09-05,23
SKU019,2025-09-06,26
SKU019,2025-09-07,16
SKU019,2025-09-08,15
SKU019,2025-09-09,23
SKU019,2025-09-10,18
SKU019,2025-09-11,23
SKU019,2025-09-12,20
SKU019,2025-09-13,21
SKU019,2025-09-14,13
SKU019,2025-09-15,27
SKU019,2025-09-16,34
SKU019,2025-09-17,28
SKU019,2025-09-18,27
SKU019,2025-09-19,24
SKU019,2025-09-20,26
SKU019,2025-09-21,18
SKU019,2025-09-22,22
SKU019,2025-09-23,24
SKU019,2025-09-24,31
SKU019,2025-09-25,25
SKU019,2025-09-26,25
SKU019,2025-09-27,44
SKU019,2025-09-28,12
SKU019,2025-09-29,25
SKU019,2025-09-30,29
SKU020,2025-04-01,52
SKU020,2025-04-02,64
SKU020,2025-04-03,70
SKU020,2025-04-04,71
SKU020,2025-04-05,62
SKU020,2025-04-06,16
SKU020,2025-04-07,65
SKU020,2025-04-08,45
SKU020,2025-04-09,51
SKU020,2025-04-10,58
SKU020,2025-04-11,85
SKU020,2025-04-12,57
SKU020,2025-04-13,50
SKU020,2025-04-14,34
SKU020,2025-04-15,65
SKU020,2025-04-16,64
SKU020,2025-04-17,53
SKU020,2025-04-18,73
SKU020,2025-04-19,76
SKU020,2025-04-20,39
SKU020,2025-04-21,57
SKU020,2025-04-22,78
SKU020,2025-04-23,67
SKU020,2025-04-24,57
SKU020,2025-04-25,71
SKU020,2025-04-26,62
SKU020,2025-04-27,45
SKU020,2025-04-28,43
SKU020,2025-04-29,63
SKU020,2025-04-30,55
SKU020,2025-05-01,78
SKU020,2025-05-02,84
SKU020,2025-05-03,89
SKU020,2025-05-04,59
SKU020,2025-05-05,76
SKU020,2025-05-06,64
SKU020,2025-05-07,62
SKU020,2025-05-08,44
SKU020,2025-05-09,89
SKU020,2025-05-10,96
SKU020,2025-05-11,60
SKU020,2025-05-12,45
SKU020,2025-05-13,60
SKU020,2025-05-14,81
SKU020,2025-05-15,68
SKU020,2025-05-16,76
SKU020,2025-05-17,75
SKU020,2025-05-18,38
SKU020,2025-05-19,62
SKU020,2025-05-20,65
SKU020,2025-05-21,65
SKU020,2025-05-22,80
SKU020,2025-05-23,72
SKU020,2025-05-24,84
SKU020,2025-05-25,44
SKU020,2025-05-26,80
SKU020,2025-05-27,69
SKU020,2025-05-28,80
SKU020,2025-05-29,44
SKU020,2025-05-30,77
SKU020,2025-05-31,106
SKU020,2025-06-01,41
SKU020,2025-06-02,55
SKU020,2025-06-03,72
SKU020,2025-06-04,66
SKU020,2025-06-05,78
SKU020,2025-06-06,67
SKU020,2025-06-07,87
SKU020,2025-06-08,59
SKU020,2025-06-09,60
SKU020,2025-06-10,63
SKU020,2025-06-11,67
SKU020,2025-06-12,65
SKU020,2025-06-13,84
SKU020,2025-06-14,99
SKU020,2025-06-15,58
SKU020,2025-06-16,59
SKU020,2025-06-17,66
SKU020,2025-06-18,72
SKU020,2025-06-19,73
SKU020,2025-06-20,83
SKU020,2025-06-21,76
SKU020,2025-06-22,41
SKU020,2025-06-23,64
SKU020,2025-06-24,61
SKU020,2025-06-25,71
SKU020,2025-06-26,74
SKU020,2025-06-27,85
SKU020,2025-06-28,54
SKU020,2025-06-29,48
SKU020,2025-06-30,62
SKU020,2025-07-01,43
SKU020,2025-07-02,81
SKU020,2025-07-03,63
SKU020,2025-07-04,59
SKU020,2025-07-05,76
SKU020,2025-07-06,36
SKU020,2025-07-07,57
SKU020,2025-07-08,70
SKU020,2025-07-09,74
SKU020,2025-07-10,79
SKU020,2025-07-11,58
SKU020,2025-07-12,58
SKU020,2025-07-13,38
SKU020,2025-07-14,51
SKU020,2025-07-15,70
SKU020,2025-07-16,49
SKU020,2025-07-17,71
SKU020,2025-07-18,82
SKU020,2025-07-19,68
SKU020,2025-07-20,36
SKU020,2025-07-21,71
SKU020,2025-07-22,82
SKU020,2025-07-23,75
SKU020,2025-07-24,82
SKU020,2025-07-25,73
SKU020,2025-07-26,80
SKU020,2025-07-27,55
SKU020,2025-07-28,70
SKU020,2025-07-29,76
SKU020,2025-07-30,71
SKU020,2025-07-31,55
SKU020,2025-08-01,71
SKU020,2025-08-02,75
SKU020,2025-08-03,47
SKU020,2025-08-04,58
SKU020,2025-08-05,67
SKU020,2025-08-06,77
SKU020,2025-08-07,57
SKU020,2025-08-08,59
SKU020,2025-08-09,66
SKU020,2025-08-10,25
SKU020,2025-08-11,68
SKU020,2025-08-12,60
SKU020,2025-08-13,72
SKU020,2025-08-14,57
SKU020,2025-08-15,59
SKU020,2025-08-16,78
SKU020,2025-08-17,62
SKU020,2025-08-18,61
SKU020,2025-08-19,40
SKU020,2025-08-20,47
SKU020,2025-08-21,81
SKU020,2025-08-22,72
SKU020,2025-08-23,68
SKU020,2025-08-24,38
SKU020,2025-08-25,65
SKU020,2025-08-26,71
SKU020,2025-08-27,102
SKU020,2025-08-28,98
SKU020,2025-08-29,102
SKU020,2025-08-30,82
SKU020,2025-08-31,72
SKU020,2025-09-01,65
SKU020,2025-09-02,68
SKU020,2025-09-03,86
SKU020,2025-09-04,56
SKU020,2025-09-05,96
SKU020,2025-09-06,71
SKU020,2025-09-07,30
SKU020,2025-09-08,52
SKU020,2025-09-09,96
SKU020,2025-09-10,58
SKU020,2025-09-11,71
SKU020,2025-09-12,66
SKU020,2025-09-13,65
SKU020,2025-09-14,55
SKU020,2025-09-15,67
SKU020,2025-09-16,85
SKU020,2025-09-17,79
SKU020,2025-09-18,83
SKU020,2025-09-19,90
SKU020,2025-09-20,85
SKU020,2025-09-21,61
SKU020,2025-09-22,88
SKU020,2025-09-23,96
SKU020,2025-09-24,101
SKU020,2025-09-25,92
SKU020,2025-09-26,74
SKU020,2025-09-27,100
SKU020,2025-09-28,61
SKU020,2025-09-29,75
SKU020,2025-09-30,92
SKU021,2025-04-01,18
SKU021,2025-04-02,40
SKU021,2025-04-03,39
SKU021,2025-04-04,39
SKU021,2025-04-05,35
SKU021,2025-04-06,24
SKU021,2025-04-07,37
SKU021,2025-04-08,37
SKU021,2025-04-09,39
SKU021,2025-04-10,25
SKU021,2025-04-11,39
SKU021,2025-04-12,55
SKU021,2025-04-13,33
SKU021,2025-04-14,32
SKU021,2025-04-15,40
SKU021,2025-04-16,53
SKU021,2025-04-17,47
SKU021,2025-04-18,54
SKU021,2025-04-19,42
SKU021,2025-04-20,40
SKU021,2025-04-21,42
SKU021,2025-04-22,35
SKU021,2025-04-23,44
SKU021,2025-04-24,36
SKU021,2025-04-25,45
SKU021,2025-04-26,38
SKU021,2025-04-27,30
SKU021,2025-04-28,33
SKU021,2025-04-29,42
SKU021,2025-04-30,30
SKU021,2025-05-01,67
SKU021,2025-05-02,54
SKU021,2025-05-03,58
SKU021,2025-05-04,38
SKU021,2025-05-05,22
SKU021,2025-05-06,57
SKU021,2025-05-07,54
SKU021,2025-05-08,46
SKU021,2025-05-09,38
SKU021,2025-05-10,42
SKU021,2025-05-11,25
SKU021,2025-05-12,19
SKU021,2025-05-13,30
SKU021,2025-05-14,43
SKU021,2025-05-15,32
SKU021,2025-05-16,46
SKU021,2025-05-17,55
SKU021,2025-05-18,35
SKU021,2025-05-19,36
SKU021,2025-05-20,41
SKU021,2025-05-21,34
SKU021,2025-05-22,38
SKU021,2025-05-23,57
SKU021,2025-05-24,48
SKU021,2025-05-25,46
SKU021,2025-05-26,38
SKU021,2025-05-27,48
SKU021,2025-05-28,48
SKU021,2025-05-29,37
SKU021,2025-05-30,48
SKU021,2025-05-31,49
SKU021,2025-06-01,48
SKU021,2025-06-02,40
SKU021,2025-06-03,53
SKU021,2025-06-04,28
SKU021,2025-06-05,47
SKU021,2025-06-06,32
SKU021,2025-06-07,43
SKU021,2025-06-08,27
SKU021,2025-06-09,30
SKU021,2025-06-10,47
SKU021,2025-06-11,51
SKU021,2025-06-12,42
SKU021,2025-06-13,42
SKU021,2025-06-14,36
SKU021,2025-06-15,30
SKU021,2025-06-16,32
SKU021,2025-06-17,45
SKU021,2025-06-18,34
SKU021,2025-06-19,54
SKU021,2025-06-20,46
SKU021,2025-06-21,38
SKU021,2025-06-22,33
SKU021,2025-06-23,44
SKU021,2025-06-24,50
SKU021,2025-06-25,32
SKU021,2025-06-26,43
SKU021,2025-06-27,39
SKU021,2025-06-28,56
SKU021,2025-06-29,19
SKU021,2025-06-30,28
SKU021,2025-07-01,37
SKU021,2025-07-02,46
SKU021,2025-07-03,42
SKU021,2025-07-04,38
SKU021,2025-07-05,60
SKU021,2025-07-06,33
SKU021,2025-07-07,56
SKU021,2025-07-08,51
SKU021,2025-07-09,46
SKU021,2025-07-10,56
SKU021,2025-07-11,36
SKU021,2025-07-12,47
SKU021,2025-07-13,20
SKU021,2025-07-14,32
SKU021,2025-07-15,42
SKU021,2025-07-16,40
SKU021,2025-07-17,49
SKU021,2025-07-18,40
SKU021,2025-07-19,47
SKU021,2025-07-20,33
SKU021,2025-07-21,21
SKU021,2025-07-22,39
SKU021,2025-07-23,37
SKU021,2025-07-24,24
SKU021,2025-07-25,35
SKU021,2025-07-26,32
SKU021,2025-07-27,24
SKU021,2025-07-28,46
SKU021,2025-07-29,57
SKU021,2025-07-30,53
SKU021,2025-07-31,39
SKU021,2025-08-01,50
SKU021,2025-08-02,37
SKU021,2025-08-03,27
SKU021,2025-08-04,47
SKU021,2025-08-05,46
SKU021,2025-08-06,48
SKU021,2025-08-07,33
SKU021,2025-08-08,37
SKU021,2025-08-09,51
SKU021,2025-08-10,34
SKU021,2025-08-11,25
SKU021,2025-08-12,49
SKU021,2025-08-13,42
SKU021,2025-08-14,49
SKU021,2025-08-15,43
SKU021,2025-08-16,45
SKU021,2025-08-17,33
SKU021,2025-08-18,47
SKU021,2025-08-19,27
SKU021,2025-08-20,35
SKU021,2025-08-21,34
SKU021,2025-08-22,48
SKU021,2025-08-23,37
SKU021,2025-08-24,33
SKU021,2025-08-25,32
SKU021,2025-08-26,45
SKU021,2025-08-27,67
SKU021,2025-08-28,51
SKU021,2025-08-29,66
SKU021,2025-08-30,73
SKU021,2025-08-31,47
SKU021,2025-09-01,22
SKU021,2025-09-02,40
SKU021,2025-09-03,42
SKU021,2025-09-04,51
SKU021,2025-09-05,41
SKU021,2025-09-06,46
SKU021,2025-09-07,41
SKU021,2025-09-08,28
SKU021,2025-09-09,49
SKU021,2025-09-10,34
SKU021,2025-09-11,31
SKU021,2025-09-12,56
SKU021,2025-09-13,49
SKU021,2025-09-14,43
SKU021,2025-09-15,40
SKU021,2025-09-16,45
SKU021,2025-09-17,67
SKU021,2025-09-18,47
SKU021,2025-09-19,57
SKU021,2025-09-20,45
SKU021,2025-09-21,38
SKU021,2025-09-22,34
SKU021,2025-09-23,50
SKU021,2025-09-24,53
SKU021,2025-09-25,62
SKU021,2025-09-26,51
SKU021,2025-09-27,60
SKU021,2025-09-28,37
SKU021,2025-09-29,37
SKU021,2025-09-30,60
SKU022,2025-04-01,14
SKU022,2025-04-02,11
SKU022,2025-04-03,9
SKU022,2025-04-04,11
SKU022,2025-04-05,16
SKU022,2025-04-06,12
SKU022,2025-04-07,11
SKU022,2025-04-08,13
SKU022,2025-04-09,13
SKU022,2025-04-10,12
SKU022,2025-04-11,16
SKU022,2025-04-12,15
SKU022,2025-04-13,9
SKU022,2025-04-14,8
SKU022,2025-04-15,10
SKU022,2025-04-16,19
SKU022,2025-04-17,14
SKU022,2025-04-18,17
SKU022,2025-04-19,10
SKU022,2025-04-20,11
SKU022,2025-04-21,8
SKU022,2025-04-22,15
SKU022,2025-04-23,19
SKU022,2025-04-24,21
SKU022,2025-04-25,19
SKU022,2025-04-26,17
SKU022,2025-04-27,7
SKU022,2025-04-28,10
SKU022,2025-04-29,11
SKU022,2025-04-30,15
SKU022,2025-05-01,16
SKU022,2025-05-02,24
SKU022,2025-05-03,19
SKU022,2025-05-04,14
SKU022,2025-05-05,12
SKU022,2025-05-06,11
SKU022,2025-05-07,19
SKU022,2025-05-08,16
SKU022,2025-05-09,16
SKU022,2025-05-10,20
SKU022,2025-05-11,12
SKU022,2025-05-12,14
SKU022,2025-05-13,17
SKU022,2025-05-14,11
SKU022,2025-05-15,12
SKU022,2025-05-16,20
SKU022,2025-05-17,16
SKU022,2025-05-18,9
SKU022,2025-05-19,14
SKU022,2025-05-20,15
SKU022,2025-05-21,16
SKU022,2025-05-22,13
SKU022,2025-05-23,10
SKU022,2025-05-24,20
SKU022,2025-05-25,14
SKU022,2025-05-26,7
SKU022,2025-05-27,17
SKU022,2025-05-28,17
SKU022,2025-05-29,17
SKU022,2025-05-30,20
SKU022,2025-05-31,16
SKU022,2025-06-01,9
SKU022,2025-06-02,12
SKU022,2025-06-03,14
SKU022,2025-06-04,14
SKU022,2025-06-05,15
SKU022,2025-06-06,18
SKU022,2025-06-07,18
SKU022,2025-06-08,11
SKU022,2025-06-09,10
SKU022,2025-06-10,16
SKU022,2025-06-11,15
SKU022,2025-06-12,15
SKU022,2025-06-13,18
SKU022,2025-06-14,17
SKU022,2025-06-15,13
SKU022,2025-06-16,8
SKU022,2025-06-17,10
SKU022,2025-06-18,15
SKU022,2025-06-19,16
SKU022,2025-06-20,17
SKU022,2025-06-21,17
SKU022,2025-06-22,10
SKU022,2025-06-23,13
SKU022,2025-06-24,18
SKU022,2025-06-25,12
SKU022,2025-06-26,14
SKU022,2025-06-27,10
SKU022,2025-06-28,19
SKU022,2025-06-29,12
SKU022,2025-06-30,8
SKU022,2025-07-01,15
SKU022,2025-07-02,11
SKU022,2025-07-03,16
SKU022,2025-07-04,19
SKU022,2025-07-05,15
SKU022,2025-07-06,9
SKU022,2025-07-07,14
SKU022,2025-07-08,14
SKU022,2025-07-09,19
SKU022,2025-07-10,16
SKU022,2025-07-11,16
SKU022,2025-07-12,13
SKU022,2025-07-13,13
SKU022,2025-07-14,11
SKU022,2025-07-15,13
SKU022,2025-07-16,12
SKU022,2025-07-17,13
SKU022,2025-07-18,16
SKU022,2025-07-19,19
SKU022,2025-07-20,13
SKU022,2025-07-21,12
SKU022,2025-07-22,12
SKU022,2025-07-23,15
SKU022,2025-07-24,13
SKU022,2025-07-25,13
SKU022,2025-07-26,14
SKU022,2025-07-27,10
SKU022,2025-07-28,10
SKU022,2025-07-29,12
SKU022,2025-07-30,13
SKU022,2025-07-31,11
SKU022,2025-08-01,15
SKU022,2025-08-02,17
SKU022,2025-08-03,18
SKU022,2025-08-04,10
SKU022,2025-08-05,12
SKU022,2025-08-06,20
SKU022,2025-08-07,19
SKU022,2025-08-08,18
SKU022,2025-08-09,12
SKU022,2025-08-10,13
SKU022,2025-08-11,8
SKU022,2025-08-12,14
SKU022,2025-08-13,10
SKU022,2025-08-14,11
SKU022,2025-08-15,11
SKU022,2025-08-16,16
SKU022,2025-08-17,16
SKU022,2025-08-18,10
SKU022,2025-08-19,17
SKU022,2025-08-20,12
SKU022,2025-08-21,11
SKU022,2025-08-22,13
SKU022,2025-08-23,16
SKU022,2025-08-24,9
SKU022,2025-08-25,7
SKU022,2025-08-26,18
SKU022,2025-08-27,27
SKU022,2025-08-28,22
SKU022,2025-08-29,21
SKU022,2025-08-30,21
SKU022,2025-08-31,10
SKU022,2025-09-01,10
SKU022,2025-09-02,12
SKU022,2025-09-03,13
SKU022,2025-09-04,14
SKU022,2025-09-05,15
SKU022,2025-09-06,16
SKU022,2025-09-07,15
SKU022,2025-09-08,8
SKU022,2025-09-09,15
SKU022,2025-09-10,12
SKU022,2025-09-11,18
SKU022,2025-09-12,18
SKU022,2025-09-13,17
SKU022,2025-09-14,9
SKU022,2025-09-15,11
SKU022,2025-09-16,22
SKU022,2025-09-17,18
SKU022,2025-09-18,17
SKU022,2025-09-19,20
SKU022,2025-09-20,18
SKU022,2025-09-21,13
SKU022,2025-09-22,18
SKU022,2025-09-23,19
SKU022,2025-09-24,19
SKU022,2025-09-25,18
SKU022,2025-09-26,20
SKU022,2025-09-27,21
SKU022,2025-09-28,20
SKU022,2025-09-29,16
SKU022,2025-09-30,17
SKU023,2025-04-01,37
SKU023,2025-04-02,41
SKU023,2025-04-03,40
SKU023,2025-04-04,26
SKU023,2025-04-05,31
SKU023,2025-04-06,34
SKU023,2025-04-07,30
SKU023,2025-04-08,41
SKU023,2025-04-09,41
SKU023,2025-04-10,37
SKU023,2025-04-11,43
SKU023,2025-04-12,40
SKU023,2025-04-13,15
SKU023,2025-04-14,29
SKU023,2025-04-15,35
SKU023,2025-04-16,47
SKU023,2025-04-17,49
SKU023,2025-04-18,47
SKU023,2025-04-19,48
SKU023,2025-04-20,35
SKU023,2025-04-21,26
SKU023,2025-04-22,35
SKU023,2025-04-23,36
SKU023,2025-04-24,19
SKU023,2025-04-25,48
SKU023,2025-04-26,38
SKU023,2025-04-27,21
SKU023,2025-04-28,20
SKU023,2025-04-29,28
SKU023,2025-04-30,42
SKU023,2025-05-01,50
SKU023,2025-05-02,49
SKU023,2025-05-03,56
SKU023,2025-05-04,26
SKU023,2025-05-05,28
SKU023,2025-05-06,32
SKU023,2025-05-07,36
SKU023,2025-05-08,38
SKU023,2025-05-09,40
SKU023,2025-05-10,47
SKU023,2025-05-11,26
SKU023,2025-05-12,28
SKU023,2025-05-13,26
SKU023,2025-05-14,56
SKU023,2025-05-15,35
SKU023,2025-05-16,41
SKU023,2025-05-17,46
SKU023,2025-05-18,34
SKU023,2025-05-19,33
SKU023,2025-05-20,49
SKU023,2025-05-21,40
SKU023,2025-05-22,34
SKU023,2025-05-23,27
SKU023,2025-05-24,47
SKU023,2025-05-25,38
SKU023,2025-05-26,39
SKU023,2025-05-27,31
SKU023,2025-05-28,41
SKU023,2025-05-29,38
SKU023,2025-05-30,41
SKU023,2025-05-31,38
SKU023,2025-06-01,43
SKU023,2025-06-02,29
SKU023,2025-06-03,36
SKU023,2025-06-04,29
SKU023,2025-06-05,44
SKU023,2025-06-06,48
SKU023,2025-06-07,46
SKU023,2025-06-08,22
SKU023,2025-06-09,41
SKU023,2025-06-10,47
SKU023,2025-06-11,37
SKU023,2025-06-12,40
SKU023,2025-06-13,39
SKU023,2025-06-14,40
SKU023,2025-06-15,45
SKU023,2025-06-16,35
SKU023,2025-06-17,35
SKU023,2025-06-18,43
SKU023,2025-06-19,38
SKU023,2025-06-20,41
SKU023,2025-06-21,43
SKU023,2025-06-22,19
SKU023,2025-06-23,38
SKU023,2025-06-24,36
SKU023,2025-06-25,45
SKU023,2025-06-26,43
SKU023,2025-06-27,51
SKU023,2025-06-28,31
SKU023,2025-06-29,21
SKU023,2025-06-30,12
SKU023,2025-07-01,37
SKU023,2025-07-02,64
SKU023,2025-07-03,47
SKU023,2025-07-04,52
SKU023,2025-07-05,49
SKU023,2025-07-06,24
SKU023,2025-07-07,34
SKU023,2025-07-08,39
SKU023,2025-07-09,44
SKU023,2025-07-10,36
SKU023,2025-07-11,44
SKU023,2025-07-12,39
SKU023,2025-07-13,33
SKU023,2025-07-14,27
SKU023,2025-07-15,53
SKU023,2025-07-16,32
SKU023,2025-07-17,28
SKU023,2025-07-18,46
SKU023,2025-07-19,54
SKU023,2025-07-20,17
SKU023,2025-07-21,26
SKU023,2025-07-22,42
SKU023,2025-07-23,37
SKU023,2025-07-24,43
SKU023,2025-07-25,48
SKU023,2025-07-26,52
SKU023,2025-07-27,25
SKU023,2025-07-28,42
SKU023,2025-07-29,31
SKU023,2025-07-30,43
SKU023,2025-07-31,27
SKU023,2025-08-01,46
SKU023,2025-08-02,49
SKU023,2025-08-03,23
SKU023,2025-08-04,32
SKU023,2025-08-05,38
SKU023,2025-08-06,36
SKU023,2025-08-07,39
SKU023,2025-08-08,49
SKU023,2025-08-09,46
SKU023,2025-08-10,21
SKU023,2025-08-11,38
SKU023,2025-08-12,45
SKU023,2025-08-13,43
SKU023,2025-08-14,33
SKU023,2025-08-15,35
SKU023,2025-08-16,52
SKU023,2025-08-17,23
SKU023,2025-08-18,19
SKU023,2025-08-19,49
SKU023,2025-08-20,52
SKU023,2025-08-21,35
SKU023,2025-08-22,57
SKU023,2025-08-23,37
SKU023,2025-08-24,20
SKU023,2025-08-25,32
SKU023,2025-08-26,43
SKU023,2025-08-27,58
SKU023,2025-08-28,54
SKU023,2025-08-29,61
SKU023,2025-08-30,76
SKU023,2025-08-31,26
SKU023,2025-09-01,27
SKU023,2025-09-02,31
SKU023,2025-09-03,45
SKU023,2025-09-04,34
SKU023,2025-09-05,39
SKU023,2025-09-06,51
SKU023,2025-09-07,27
SKU023,2025-09-08,19
SKU023,2025-09-09,44
SKU023,2025-09-10,42
SKU023,2025-09-11,39
SKU023,2025-09-12,31
SKU023,2025-09-13,53
SKU023,2025-09-14,34
SKU023,2025-09-15,38
SKU023,2025-09-16,53
SKU023,2025-09-17,43
SKU023,2025-09-18,49
SKU023,2025-09-19,59
SKU023,2025-09-20,62
SKU023,2025-09-21,31
SKU023,2025-09-22,46
SKU023,2025-09-23,42
SKU023,2025-09-24,64
SKU023,2025-09-25,43
SKU023,2025-09-26,62
SKU023,2025-09-27,56
SKU023,2025-09-28,32
SKU023,2025-09-29,41
SKU023,2025-09-30,52
SKU024,2025-04-01,42
SKU024,2025-04-02,36
SKU024,2025-04-03,34
SKU024,2025-04-04,68
SKU024,2025-04-05,25
SKU024,2025-04-06,42
SKU024,2025-04-07,28
SKU024,2025-04-08,38
SKU024,2025-04-09,36
SKU024,2025-04-10,42
SKU024,2025-04-11,39
SKU024,2025-04-12,31
SKU024,2025-04-13,41
SKU024,2025-04-14,40
SKU024,2025-04-15,57
SKU024,2025-04-16,41
SKU024,2025-04-17,53
SKU024,2025-04-18,28
SKU024,2025-04-19,66
SKU024,2025-04-20,37
SKU024,2025-04-21,33
SKU024,2025-04-22,56
SKU024,2025-04-23,38
SKU024,2025-04-24,45
SKU024,2025-04-25,36
SKU024,2025-04-26,48
SKU024,2025-04-27,29
SKU024,2025-04-28,26
SKU024,2025-04-29,46
SKU024,2025-04-30,28
SKU024,2025-05-01,43
SKU024,2025-05-02,63
SKU024,2025-05-03,63
SKU024,2025-05-04,34
SKU024,2025-05-05,28
SKU024,2025-05-06,26
SKU024,2025-05-07,42
SKU024,2025-05-08,22
SKU024,2025-05-09,38
SKU024,2025-05-10,48
SKU024,2025-05-11,34
SKU024,2025-05-12,37
SKU024,2025-05-13,42
SKU024,2025-05-14,61
SKU024,2025-05-15,45
SKU024,2025-05-16,33
SKU024,2025-05-17,36
SKU024,2025-05-18,21
SKU024,2025-05-19,32
SKU024,2025-05-20,42
SKU024,2025-05-21,43
SKU024,2025-05-22,51
SKU024,2025-05-23,33
SKU024,2025-05-24,49
SKU024,2025-05-25,36
SKU024,2025-05-26,42
SKU024,2025-05-27,37
SKU024,2025-05-28,45
SKU024,2025-05-29,51
SKU024,2025-05-30,42
SKU024,2025-05-31,44
SKU024,2025-06-01,28
SKU024,2025-06-02,37
SKU024,2025-06-03,48
SKU024,2025-06-04,55
SKU024,2025-06-05,37
SKU024,2025-06-06,48
SKU024,2025-06-07,69
SKU024,2025-06-08,29
SKU024,2025-06-09,37
SKU024,2025-06-10,39
SKU024,2025-06-11,29
SKU024,2025-06-12,50
SKU024,2025-06-13,51
SKU024,2025-06-14,50
SKU024,2025-06-15,30
SKU024,2025-06-16,30
SKU024,2025-06-17,42
SKU024,2025-06-18,33
SKU024,2025-06-19,44
SKU024,2025-06-20,56
SKU024,2025-06-21,54
SKU024,2025-06-22,17
SKU024,2025-06-23,35
SKU024,2025-06-24,39
SKU024,2025-06-25,57
SKU024,2025-06-26,39
SKU024,2025-06-27,46
SKU024,2025-06-28,57
SKU024,2025-06-29,45
SKU024,2025-06-30,31
SKU024,2025-07-01,45
SKU024,2025-07-02,53
SKU024,2025-07-03,47
SKU024,2025-07-04,31
SKU024,2025-07-05,60
SKU024,2025-07-06,36
SKU024,2025-07-07,27
SKU024,2025-07-08,55
SKU024,2025-07-09,47
SKU024,2025-07-10,46
SKU024,2025-07-11,57
SKU024,2025-07-12,45
SKU024,2025-07-13,20
SKU024,2025-07-14,39
SKU024,2025-07-15,27
SKU024,2025-07-16,33
SKU024,2025-07-17,50
SKU024,2025-07-18,38
SKU024,2025-07-19,43
SKU024,2025-07-20,24
SKU024,2025-07-21,28
SKU024,2025-07-22,36
SKU024,2025-07-23,55
SKU024,2025-07-24,38
SKU024,2025-07-25,49
SKU024,2025-07-26,41
SKU024,2025-07-27,27
SKU024,2025-07-28,24
SKU024,2025-07-29,41
SKU024,2025-07-30,51
SKU024,2025-07-31,57
SKU024,2025-08-01,37
SKU024,2025-08-02,52
SKU024,2025-08-03,27
SKU024,2025-08-04,48
SKU024,2025-08-05,48
SKU024,2025-08-06,51
SKU024,2025-08-07,42
SKU024,2025-08-08,32
SKU024,2025-08-09,40
SKU024,2025-08-10,29
SKU024,2025-08-11,45
SKU024,2025-08-12,30
SKU024,2025-08-13,42
SKU024,2025-08-14,43
SKU024,2025-08-15,46
SKU024,2025-08-16,62
SKU024,2025-08-17,37
SKU024,2025-08-18,35
SKU024,2025-08-19,38
SKU024,2025-08-20,43
SKU024,2025-08-21,37
SKU024,2025-08-22,32
SKU024,2025-08-23,48
SKU024,2025-08-24,37
SKU024,2025-08-25,34
SKU024,2025-08-26,52
SKU024,2025-08-27,63
SKU024,2025-08-28,47
SKU024,2025-08-29,52
SKU024,2025-08-30,77
SKU024,2025-08-31,20
SKU024,2025-09-01,37
SKU024,2025-09-02,43
SKU024,2025-09-03,42
SKU024,2025-09-04,52
SKU024,2025-09-05,41
SKU024,2025-09-06,43
SKU024,2025-09-07,38
SKU024,2025-09-08,43
SKU024,2025-09-09,28
SKU024,2025-09-10,42
SKU024,2025-09-11,47
SKU024,2025-09-12,54
SKU024,2025-09-13,60
SKU024,2025-09-14,15
SKU024,2025-09-15,33
SKU024,2025-09-16,54
SKU024,2025-09-17,42
SKU024,2025-09-18,43
SKU024,2025-09-19,60
SKU024,2025-09-20,75
SKU024,2025-09-21,42
SKU024,2025-09-22,42
SKU024,2025-09-23,67
SKU024,2025-09-24,50
SKU024,2025-09-25,65
SKU024,2025-09-26,56
SKU024,2025-09-27,55
SKU024,2025-09-28,42
SKU024,2025-09-29,52
SKU024,2025-09-30,44
SKU025,2025-04-01,53
SKU025,2025-04-02,69
SKU025,2025-04-03,79
SKU025,2025-04-04,55
SKU025,2025-04-05,100
SKU025,2025-04-06,54
SKU025,2025-04-07,43
SKU025,2025-04-08,68
SKU025,2025-04-09,72
SKU025,2025-04-10,67
SKU025,2025-04-11,79
SKU025,2025-04-12,64
SKU025,2025-04-13,57
SKU025,2025-04-14,53
SKU025,2025-04-15,63
SKU025,2025-04-16,69
SKU025,2025-04-17,72
SKU025,2025-04-18,88
SKU025,2025-04-19,78
SKU025,2025-04-20,36
SKU025,2025-04-21,48
SKU025,2025-04-22,82
SKU025,2025-04-23,57
SKU025,2025-04-24,75
SKU025,2025-04-25,66
SKU025,2025-04-26,45
SKU025,2025-04-27,56
SKU025,2025-04-28,42
SKU025,2025-04-29,53
SKU025,2025-04-30,56
SKU025,2025-05-01,94
SKU025,2025-05-02,102
SKU025,2025-05-03,91
SKU025,2025-05-04,39
SKU025,2025-05-05,73
SKU025,2025-05-06,73
SKU025,2025-05-07,53
SKU025,2025-05-08,56
SKU025,2025-05-09,63
SKU025,2025-05-10,59
SKU025,2025-05-11,27
SKU025,2025-05-12,36
SKU025,2025-05-13,67
SKU025,2025-05-14,80
SKU025,2025-05-15,77
SKU025,2025-05-16,60
SKU025,2025-05-17,81
SKU025,2025-05-18,50
SKU025,2025-05-19,62
SKU025,2025-05-20,37
SKU025,2025-05-21,43
SKU025,2025-05-22,37
SKU025,2025-05-23,82
SKU025,2025-05-24,68
SKU025,2025-05-25,47
SKU025,2025-05-26,32
SKU025,2025-05-27,51
SKU025,2025-05-28,71
SKU025,2025-05-29,92
SKU025,2025-05-30,86
SKU025,2025-05-31,68
SKU025,2025-06-01,48
SKU025,2025-06-02,63
SKU025,2025-06-03,73
SKU025,2025-06-04,77
SKU025,2025-06-05,54
SKU025,2025-06-06,72
SKU025,2025-06-07,76
SKU025,2025-06-08,64
SKU025,2025-06-09,45
SKU025,2025-06-10,69
SKU025,2025-06-11,67
SKU025,2025-06-12,47
SKU025,2025-06-13,58
SKU025,2025-06-14,62
SKU025,2025-06-15,54
SKU025,2025-06-16,37
SKU025,2025-06-17,66
SKU025,2025-06-18,45
SKU025,2025-06-19,67
SKU025,2025-06-20,55
SKU025,2025-06-21,78
SKU025,2025-06-22,58
SKU025,2025-06-23,36
SKU025,2025-06-24,50
SKU025,2025-06-25,73
SKU025,2025-06-26,53
SKU025,2025-06-27,81
SKU025,2025-06-28,66
SKU025,2025-06-29,40
SKU025,2025-06-30,42
SKU025,2025-07-01,41
SKU025,2025-07-02,61
SKU025,2025-07-03,66
SKU025,2025-07-04,78
SKU025,2025-07-05,74
SKU025,2025-07-06,31
SKU025,2025-07-07,41
SKU025,2025-07-08,54
SKU025,2025-07-09,73
SKU025,2025-07-10,60
SKU025,2025-07-11,63
SKU025,2025-07-12,84
SKU025,2025-07-13,47
SKU025,2025-07-14,88
SKU025,2025-07-15,62
SKU025,2025-07-16,45
SKU025,2025-07-17,51
SKU025,2025-07-18,73
SKU025,2025-07-19,65
SKU025,2025-07-20,37
SKU025,2025-07-21,52
SKU025,2025-07-22,77
SKU025,2025-07-23,77
SKU025,2025-07-24,50
SKU025,2025-07-25,91
SKU025,2025-07-26,68
SKU025,2025-07-27,63
SKU025,2025-07-28,55
SKU025,2025-07-29,69
SKU025,2025-07-30,63
SKU025,2025-07-31,49
SKU025,2025-08-01,80
SKU025,2025-08-02,84
SKU025,2025-08-03,48
SKU025,2025-08-04,52
SKU025,2025-08-05,63
SKU025,2025-08-06,50
SKU025,2025-08-07,53
SKU025,2025-08-08,49
SKU025,2025-08-09,87
SKU025,2025-08-10,59
SKU025,2025-08-11,56
SKU025,2025-08-12,70
SKU025,2025-08-13,75
SKU025,2025-08-14,75
SKU025,2025-08-15,70
SKU025,2025-08-16,64
SKU025,2025-08-17,32
SKU025,2025-08-18,54
SKU025,2025-08-19,69
SKU025,2025-08-20,74
SKU025,2025-08-21,71
SKU025,2025-08-22,50
SKU025,2025-08-23,73
SKU025,2025-08-24,31
SKU025,2025-08-25,41
SKU025,2025-08-26,65
SKU025,2025-08-27,89
SKU025,2025-08-28,67
SKU025,2025-08-29,89
SKU025,2025-08-30,80
SKU025,2025-08-31,56
SKU025,2025-09-01,52
SKU025,2025-09-02,40
SKU025,2025-09-03,71
SKU025,2025-09-04,58
SKU025,2025-09-05,76
SKU025,2025-09-06,76
SKU025,2025-09-07,44
SKU025,2025-09-08,76
SKU025,2025-09-09,48
SKU025,2025-09-10,60
SKU025,2025-09-11,57
SKU025,2025-09-12,74
SKU025,2025-09-13,63
SKU025,2025-09-14,53
SKU025,2025-09-15,42
SKU025,2025-09-16,69
SKU025,2025-09-17,87
SKU025,2025-09-18,72
SKU025,2025-09-19,77
SKU025,2025-09-20,87
SKU025,2025-09-21,34
SKU025,2025-09-22,63
SKU025,2025-09-23,57
SKU025,2025-09-24,69
SKU025,2025-09-25,83
SKU025,2025-09-26,46
SKU025,2025-09-27,79
SKU025,2025-09-28,50
SKU025,2025-09-29,74
SKU025,2025-09-30,83
SKU026,2025-04-01,60
SKU026,2025-04-02,82
SKU026,2025-04-03,71
SKU026,2025-04-04,87
SKU026,2025-04-05,85
SKU026,2025-04-06,56
SKU026,2025-04-07,42
SKU026,2025-04-08,44
SKU026,2025-04-09,68
SKU026,2025-04-10,79
SKU026,2025-04-11,87
SKU026,2025-04-12,91
SKU026,2025-04-13,62
SKU026,2025-04-14,53
SKU026,2025-04-15,63
SKU026,2025-04-16,60
SKU026,2025-04-17,75
SKU026,2025-04-18,92
SKU026,2025-04-19,91
SKU026,2025-04-20,53
SKU026,2025-04-21,52
SKU026,2025-04-22,70
SKU026,2025-04-23,71
SKU026,2025-04-24,98
SKU026,2025-04-25,69
SKU026,2025-04-26,69
SKU026,2025-04-27,65
SKU026,2025-04-28,29
SKU026,2025-04-29,63
SKU026,2025-04-30,36
SKU026,2025-05-01,116
SKU026,2025-05-02,80
SKU026,2025-05-03,86
SKU026,2025-05-04,74
SKU026,2025-05-05,68
SKU026,2025-05-06,83
SKU026,2025-05-07,66
SKU026,2025-05-08,94
SKU026,2025-05-09,67
SKU026,2025-05-10,103
SKU026,2025-05-11,24
SKU026,2025-05-12,64
SKU026,2025-05-13,57
SKU026,2025-05-14,97
SKU026,2025-05-15,82
SKU026,2025-05-16,76
SKU026,2025-05-17,84
SKU026,2025-05-18,48
SKU026,2025-05-19,43
SKU026,2025-05-20,56
SKU026,2025-05-21,48
SKU026,2025-05-22,81
SKU026,2025-05-23,80
SKU026,2025-05-24,62
SKU026,2025-05-25,49
SKU026,2025-05-26,57
SKU026,2025-05-27,80
SKU026,2025-05-28,89
SKU026,2025-05-29,62
SKU026,2025-05-30,52
SKU026,2025-05-31,80
SKU026,2025-06-01,46
SKU026,2025-06-02,76
SKU026,2025-06-03,97
SKU026,2025-06-04,58
SKU026,2025-06-05,68
SKU026,2025-06-06,82
SKU026,2025-06-07,79
SKU026,2025-06-08,67
SKU026,2025-06-09,62
SKU026,2025-06-10,76
SKU026,2025-06-11,89
SKU026,2025-06-12,84
SKU026,2025-06-13,60
SKU026,2025-06-14,60
SKU026,2025-06-15,52
SKU026,2025-06-16,59
SKU026,2025-06-17,76
SKU026,2025-06-18,77
SKU026,2025-06-19,69
SKU026,2025-06-20,69
SKU026,2025-06-21,87
SKU026,2025-06-22,28
SKU026,2025-06-23,45
SKU026,2025-06-24,65
SKU026,2025-06-25,75
SKU026,2025-06-26,93
SKU026,2025-06-27,74
SKU026,2025-06-28,81
SKU026,2025-06-29,49
SKU026,2025-06-30,57
SKU026,2025-07-01,78
SKU026,2025-07-02,68
SKU026,2025-07-03,87
SKU026,2025-07-04,72
SKU026,2025-07-05,106
SKU026,2025-07-06,29
SKU026,2025-07-07,67
SKU026,2025-07-08,71
SKU026,2025-07-09,88
SKU026,2025-07-10,88
SKU026,2025-07-11,72
SKU026,2025-07-12,84
SKU026,2025-07-13,41
SKU026,2025-07-14,52
SKU026,2025-07-15,84
SKU026,2025-07-16,92
SKU026,2025-07-17,66
SKU026,2025-07-18,97
SKU026,2025-07-19,95
SKU026,2025-07-20,66
SKU026,2025-07-21,37
SKU026,2025-07-22,100
SKU026,2025-07-23,76
SKU026,2025-07-24,75
SKU026,2025-07-25,109
SKU026,2025-07-26,62
SKU026,2025-07-27,44
SKU026,2025-07-28,57
SKU026,2025-07-29,74
SKU026,2025-07-30,55
SKU026,2025-07-31,70
SKU026,2025-08-01,82
SKU026,2025-08-02,93
SKU026,2025-08-03,34
SKU026,2025-08-04,53
SKU026,2025-08-05,85
SKU026,2025-08-06,83
SKU026,2025-08-07,86
SKU026,2025-08-08,80
SKU026,2025-08-09,99
SKU026,2025-08-10,52
SKU026,2025-08-11,88
SKU026,2025-08-12,65
SKU026,2025-08-13,78
SKU026,2025-08-14,77
SKU026,2025-08-15,77
SKU026,2025-08-16,75
SKU026,2025-08-17,81
SKU026,2025-08-18,13
SKU026,2025-08-19,97
SKU026,2025-08-20,86
SKU026,2025-08-21,98
SKU026,2025-08-22,80
SKU026,2025-08-23,51
SKU026,2025-08-24,78
SKU026,2025-08-25,78
SKU026,2025-08-26,80
SKU026,2025-08-27,90
SKU026,2025-08-28,103
SKU026,2025-08-29,117
SKU026,2025-08-30,103
SKU026,2025-08-31,88
SKU026,2025-09-01,50
SKU026,2025-09-02,81
SKU026,2025-09-03,62
SKU026,2025-09-04,91
SKU026,2025-09-05,77
SKU026,2025-09-06,81
SKU026,2025-09-07,61
SKU026,2025-09-08,65
SKU026,2025-09-09,74
SKU026,2025-09-10,67
SKU026,2025-09-11,56
SKU026,2025-09-12,80
SKU026,2025-09-13,63
SKU026,2025-09-14,63
SKU026,2025-09-15,70
SKU026,2025-09-16,94
SKU026,2025-09-17,107
SKU026,2025-09-18,73
SKU026,2025-09-19,93
SKU026,2025-09-20,114
SKU026,2025-09-21,75
SKU026,2025-09-22,87
SKU026,2025-09-23,112
SKU026,2025-09-24,76
SKU026,2025-09-25,96
SKU026,2025-09-26,119
SKU026,2025-09-27,119
SKU026,2025-09-28,64
SKU026,2025-09-29,54
SKU026,2025-09-30,94
SKU027,2025-04-01,49
SKU027,2025-04-02,51
SKU027,2025-04-03,43
SKU027,2025-04-04,45
SKU027,2025-04-05,45
SKU027,2025-04-06,37
SKU027,2025-04-07,30
SKU027,2025-04-08,65
SKU027,2025-04-09,48
SKU027,2025-04-10,54
SKU027,2025-04-11,36
SKU027,2025-04-12,43
SKU027,2025-04-13,37
SKU027,2025-04-14,36
SKU027,2025-04-15,37
SKU027,2025-04-16,44
SKU027,2025-04-17,28
SKU027,2025-04-18,44
SKU027,2025-04-19,51
SKU027,2025-04-20,29
SKU027,2025-04-21,41
SKU027,2025-04-22,65
SKU027,2025-04-23,30
SKU027,2025-04-24,58
SKU027,2025-04-25,54
SKU027,2025-04-26,58
SKU027,2025-04-27,49
SKU027,2025-04-28,38
SKU027,2025-04-29,56
SKU027,2025-04-30,61
SKU027,2025-05-01,75
SKU027,2025-05-02,61
SKU027,2025-05-03,80
SKU027,2025-05-04,32
SKU027,2025-05-05,28
SKU027,2025-05-06,60
SKU027,2025-05-07,51
SKU027,2025-05-08,58
SKU027,2025-05-09,50
SKU027,2025-05-10,34
SKU027,2025-05-11,26
SKU027,2025-05-12,19
SKU027,2025-05-13,54
SKU027,2025-05-14,56
SKU027,2025-05-15,52
SKU027,2025-05-16,52
SKU027,2025-05-17,70
SKU027,2025-05-18,46
SKU027,2025-05-19,40
SKU027,2025-05-20,52
SKU027,2025-05-21,42
SKU027,2025-05-22,60
SKU027,2025-05-23,79
SKU027,2025-05-24,59
SKU027,2025-05-25,25
SKU027,2025-05-26,50
SKU027,2025-05-27,66
SKU027,2025-05-28,49
SKU027,2025-05-29,58
SKU027,2025-05-30,60
SKU027,2025-05-31,69
SKU027,2025-06-01,35
SKU027,2025-06-02,43
SKU027,2025-06-03,42
SKU027,2025-06-04,42
SKU027,2025-06-05,48
SKU027,2025-06-06,39
SKU027,2025-06-07,64
SKU027,2025-06-08,54
SKU027,2025-06-09,45
SKU027,2025-06-10,51
SKU027,2025-06-11,49
SKU027,2025-06-12,46
SKU027,2025-06-13,70
SKU027,2025-06-14,62
SKU027,2025-06-15,45
SKU027,2025-06-16,36
SKU027,2025-06-17,34
SKU027,2025-06-18,73
SKU027,2025-06-19,46
SKU027,2025-06-20,64
SKU027,2025-06-21,58
SKU027,2025-06-22,39
SKU027,2025-06-23,48
SKU027,2025-06-24,63
SKU027,2025-06-25,56
SKU027,2025-06-26,52
SKU027,2025-06-27,60
SKU027,2025-06-28,57
SKU027,2025-06-29,35
SKU027,2025-06-30,37
SKU027,2025-07-01,61
SKU027,2025-07-02,69
SKU027,2025-07-03,52
SKU027,2025-07-04,71
SKU027,2025-07-05,61
SKU027,2025-07-06,26
SKU027,2025-07-07,42
SKU027,2025-07-08,48
SKU027,2025-07-09,67
SKU027,2025-07-10,62
SKU027,2025-07-11,63
SKU027,2025-07-12,45
SKU027,2025-07-13,44
SKU027,2025-07-14,38
SKU027,2025-07-15,58
SKU027,2025-07-16,55
SKU027,2025-07-17,48
SKU027,2025-07-18,59
SKU027,2025-07-19,58
SKU027,2025-07-20,50
SKU027,2025-07-21,39
SKU027,2025-07-22,52
SKU027,2025-07-23,53
SKU027,2025-07-24,53
SKU027,2025-07-25,53
SKU027,2025-07-26,54
SKU027,2025-07-27,33
SKU027,2025-07-28,28
SKU027,2025-07-29,47
SKU027,2025-07-30,58
SKU027,2025-07-31,54
SKU027,2025-08-01,52
SKU027,2025-08-02,40
SKU027,2025-08-03,32
SKU027,2025-08-04,34
SKU027,2025-08-05,39
SKU027,2025-08-06,47
SKU027,2025-08-07,72
SKU027,2025-08-08,67
SKU027,2025-08-09,67
SKU027,2025-08-10,28
SKU027,2025-08-11,41
SKU027,2025-08-12,66
SKU027,2025-08-13,50
SKU027,2025-08-14,50
SKU027,2025-08-15,34
SKU027,2025-08-16,49
SKU027,2025-08-17,53
SKU027,2025-08-18,50
SKU027,2025-08-19,33
SKU027,2025-08-20,39
SKU027,2025-08-21,41
SKU027,2025-08-22,39
SKU027,2025-08-23,51
SKU027,2025-08-24,38
SKU027,2025-08-25,43
SKU027,2025-08-26,42
SKU027,2025-08-27,86
SKU027,2025-08-28,99
SKU027,2025-08-29,77
SKU027,2025-08-30,72
SKU027,2025-08-31,46
SKU027,2025-09-01,31
SKU027,2025-09-02,50
SKU027,2025-09-03,43
SKU027,2025-09-04,37
SKU027,2025-09-05,49
SKU027,2025-09-06,42
SKU027,2025-09-07,45
SKU027,2025-09-08,41
SKU027,2025-09-09,53
SKU027,2025-09-10,32
SKU027,2025-09-11,52
SKU027,2025-09-12,39
SKU027,2025-09-13,59
SKU027,2025-09-14,43
SKU027,2025-09-15,56
SKU027,2025-09-16,76
SKU027,2025-09-17,57
SKU027,2025-09-18,53
SKU027,2025-09-19,79
SKU027,2025-09-20,61
SKU027,2025-09-21,50
SKU027,2025-09-22,50
SKU027,2025-09-23,65
SKU027,2025-09-24,93
SKU027,2025-09-25,61
SKU027,2025-09-26,59
SKU027,2025-09-27,82
SKU027,2025-09-28,50
SKU027,2025-09-29,51
SKU027,2025-09-30,61
SKU028,2025-04-01,66
SKU028,2025-04-02,59
SKU028,2025-04-03,80
SKU028,2025-04-04,83
SKU028,2025-04-05,72
SKU028,2025-04-06,37
SKU028,2025-04-07,48
SKU028,2025-04-08,71
SKU028,2025-04-09,79
SKU028,2025-04-10,31
SKU028,2025-04-11,87
SKU028,2025-04-12,65
SKU028,2025-04-13,29
SKU028,2025-04-14,69
SKU028,2025-04-15,78
SKU028,2025-04-16,46
SKU028,2025-04-17,65
SKU028,2025-04-18,67
SKU028,2025-04-19,59
SKU028,2025-04-20,44
SKU028,2025-04-21,79
SKU028,2025-04-22,86
SKU028,2025-04-23,83
SKU028,2025-04-24,67
SKU028,2025-04-25,62
SKU028,2025-04-26,87
SKU028,2025-04-27,42
SKU028,2025-04-28,44
SKU028,2025-04-29,56
SKU028,2025-04-30,65
SKU028,2025-05-01,90
SKU028,2025-05-02,81
SKU028,2025-05-03,105
SKU028,2025-05-04,74
SKU028,2025-05-05,49
SKU028,2025-05-06,67
SKU028,2025-05-07,67
SKU028,2025-05-08,66
SKU028,2025-05-09,66
SKU028,2025-05-10,68
SKU028,2025-05-11,36
SKU028,2025-05-12,61
SKU028,2025-05-13,50
SKU028,2025-05-14,92
SKU028,2025-05-15,75
SKU028,2025-05-16,82
SKU028,2025-05-17,86
SKU028,2025-05-18,32
SKU028,2025-05-19,57
SKU028,2025-05-20,82
SKU028,2025-05-21,54
SKU028,2025-05-22,60
SKU028,2025-05-23,55
SKU028,2025-05-24,88
SKU028,2025-05-25,33
SKU028,2025-05-26,58
SKU028,2025-05-27,98
SKU028,2025-05-28,77
SKU028,2025-05-29,85
SKU028,2025-05-30,59
SKU028,2025-05-31,93
SKU028,2025-06-01,53
SKU028,2025-06-02,38
SKU028,2025-06-03,49
SKU028,2025-06-04,60
SKU028,2025-06-05,91
SKU028,2025-06-06,59
SKU028,2025-06-07,70
SKU028,2025-06-08,19
SKU028,2025-06-09,58
SKU028,2025-06-10,96
SKU028,2025-06-11,59
SKU028,2025-06-12,65
SKU028,2025-06-13,99
SKU028,2025-06-14,66
SKU028,2025-06-15,38
SKU028,2025-06-16,49
SKU028,2025-06-17,60
SKU028,2025-06-18,69
SKU028,2025-06-19,81
SKU028,2025-06-20,73
SKU028,2025-06-21,84
SKU028,2025-06-22,54
SKU028,2025-06-23,62
SKU028,2025-06-24,63
SKU028,2025-06-25,65
SKU028,2025-06-26,80
SKU028,2025-06-27,68
SKU028,2025-06-28,72
SKU028,2025-06-29,59
SKU028,2025-06-30,57
SKU028,2025-07-01,75
SKU028,2025-07-02,76
SKU028,2025-07-03,90
SKU028,2025-07-04,72
SKU028,2025-07-05,77
SKU028,2025-07-06,42
SKU028,2025-07-07,39
SKU028,2025-07-08,61
SKU028,2025-07-09,98
SKU028,2025-07-10,86
SKU028,2025-07-11,77
SKU028,2025-07-12,86
SKU028,2025-07-13,66
SKU028,2025-07-14,62
SKU028,2025-07-15,59
SKU028,2025-07-16,81
SKU028,2025-07-17,72
SKU028,2025-07-18,60
SKU028,2025-07-19,66
SKU028,2025-07-20,38
SKU028,2025-07-21,47
SKU028,2025-07-22,90
SKU028,2025-07-23,74
SKU028,2025-07-24,71
SKU028,2025-07-25,82
SKU028,2025-07-26,86
SKU028,2025-07-27,66
SKU028,2025-07-28,48
SKU028,2025-07-29,69
SKU028,2025-07-30,50
SKU028,2025-07-31,59
SKU028,2025-08-01,61
SKU028,2025-08-02,84
SKU028,2025-08-03,66
SKU028,2025-08-04,87
SKU028,2025-08-05,50
SKU028,2025-08-06,94
SKU028,2025-08-07,80
SKU028,2025-08-08,69
SKU028,2025-08-09,76
SKU028,2025-08-10,63
SKU028,2025-08-11,49
SKU028,2025-08-12,54
SKU028,2025-08-13,63
SKU028,2025-08-14,63
SKU028,2025-08-15,80
SKU028,2025-08-16,79
SKU028,2025-08-17,62
SKU028,2025-08-18,57
SKU028,2025-08-19,79
SKU028,2025-08-20,61
SKU028,2025-08-21,48
SKU028,2025-08-22,72
SKU028,2025-08-23,66
SKU028,2025-08-24,61
SKU028,2025-08-25,58
SKU028,2025-08-26,80
SKU028,2025-08-27,88
SKU028,2025-08-28,74
SKU028,2025-08-29,95
SKU028,2025-08-30,107
SKU028,2025-08-31,67
SKU028,2025-09-01,69
SKU028,2025-09-02,65
SKU028,2025-09-03,62
SKU028,2025-09-04,79
SKU028,2025-09-05,79
SKU028,2025-09-06,79
SKU028,2025-09-07,65
SKU028,2025-09-08,65
SKU028,2025-09-09,72
SKU028,2025-09-10,74
SKU028,2025-09-11,44
SKU028,2025-09-12,46
SKU028,2025-09-13,60
SKU028,2025-09-14,50
SKU028,2025-09-15,82
SKU028,2025-09-16,87
SKU028,2025-09-17,99
SKU028,2025-09-18,81
SKU028,2025-09-19,94
SKU028,2025-09-20,99
SKU028,2025-09-21,57
SKU028,2025-09-22,67
SKU028,2025-09-23,84
SKU028,2025-09-24,93
SKU028,2025-09-25,86
SKU028,2025-09-26,86
SKU028,2025-09-27,131
SKU028,2025-09-28,55
SKU028,2025-09-29,82
SKU028,2025-09-30,73
SKU029,2025-04-01,72
SKU029,2025-04-02,97
SKU029,2025-04-03,42
SKU029,2025-04-04,78
SKU029,2025-04-05,83
SKU029,2025-04-06,59
SKU029,2025-04-07,34
SKU029,2025-04-08,64
SKU029,2025-04-09,56
SKU029,2025-04-10,86
SKU029,2025-04-11,75
SKU029,2025-04-12,87
SKU029,2025-04-13,37
SKU029,2025-04-14,47
SKU029,2025-04-15,84
SKU029,2025-04-16,63
SKU029,2025-04-17,58
SKU029,2025-04-18,74
SKU029,2025-04-19,84
SKU029,2025-04-20,60
SKU029,2025-04-21,57
SKU029,2025-04-22,49
SKU029,2025-04-23,54
SKU029,2025-04-24,70
SKU029,2025-04-25,78
SKU029,2025-04-26,84
SKU029,2025-04-27,37
SKU029,2025-04-28,51
SKU029,2025-04-29,90
SKU029,2025-04-30,69
SKU029,2025-05-01,91
SKU029,2025-05-02,71
SKU029,2025-05-03,91
SKU029,2025-05-04,63
SKU029,2025-05-05,34
SKU029,2025-05-06,78
SKU029,2025-05-07,80
SKU029,2025-05-08,77
SKU029,2025-05-09,73
SKU029,2025-05-10,79
SKU029,2025-05-11,47
SKU029,2025-05-12,53
SKU029,2025-05-13,72
SKU029,2025-05-14,100
SKU029,2025-05-15,60
SKU029,2025-05-16,86
SKU029,2025-05-17,79
SKU029,2025-05-18,29
SKU029,2025-05-19,53
SKU029,2025-05-20,60
SKU029,2025-05-21,100
SKU029,2025-05-22,79
SKU029,2025-05-23,93
SKU029,2025-05-24,81
SKU029,2025-05-25,54
SKU029,2025-05-26,34
SKU029,2025-05-27,89
SKU029,2025-05-28,61
SKU029,2025-05-29,74
SKU029,2025-05-30,89
SKU029,2025-05-31,93
SKU029,2025-06-01,56
SKU029,2025-06-02,44
SKU029,2025-06-03,92
SKU029,2025-06-04,73
SKU029,2025-06-05,90
SKU029,2025-06-06,82
SKU029,2025-06-07,82
SKU029,2025-06-08,23
SKU029,2025-06-09,82
SKU029,2025-06-10,74
SKU029,2025-06-11,74
SKU029,2025-06-12,82
SKU029,2025-06-13,83
SKU029,2025-06-14,75
SKU029,2025-06-15,48
SKU029,2025-06-16,40
SKU029,2025-06-17,55
SKU029,2025-06-18,66
SKU029,2025-06-19,66
SKU029,2025-06-20,103
SKU029,2025-06-21,83
SKU029,2025-06-22,34
SKU029,2025-06-23,67
SKU029,2025-06-24,79
SKU029,2025-06-25,103
SKU029,2025-06-26,56
SKU029,2025-06-27,85
SKU029,2025-06-28,73
SKU029,2025-06-29,67
SKU029,2025-06-30,49
SKU029,2025-07-01,76
SKU029,2025-07-02,79
SKU029,2025-07-03,68
SKU029,2025-07-04,67
SKU029,2025-07-05,89
SKU029,2025-07-06,7
SKU029,2025-07-07,65
SKU029,2025-07-08,57
SKU029,2025-07-09,45
SKU029,2025-07-10,66
SKU029,2025-07-11,69
SKU029,2025-07-12,76
SKU029,2025-07-13,57
SKU029,2025-07-14,67
SKU029,2025-07-15,79
SKU029,2025-07-16,70
SKU029,2025-07-17,88
SKU029,2025-07-18,85
SKU029,2025-07-19,96
SKU029,2025-07-20,61
SKU029,2025-07-21,46
SKU029,2025-07-22,76
SKU029,2025-07-23,104
SKU029,2025-07-24,79
SKU029,2025-07-25,92
SKU029,2025-07-26,67
SKU029,2025-07-27,41
SKU029,2025-07-28,57
SKU029,2025-07-29,85
SKU029,2025-07-30,56
SKU029,2025-07-31,89
SKU029,2025-08-01,71
SKU029,2025-08-02,102
SKU029,2025-08-03,46
SKU029,2025-08-04,35
SKU029,2025-08-05,80
SKU029,2025-08-06,77
SKU029,2025-08-07,99
SKU029,2025-08-08,61
SKU029,2025-08-09,91
SKU029,2025-08-10,59
SKU029,2025-08-11,54
SKU029,2025-08-12,66
SKU029,2025-08-13,82
SKU029,2025-08-14,52
SKU029,2025-08-15,86
SKU029,2025-08-16,103
SKU029,2025-08-17,60
SKU029,2025-08-18,51
SKU029,2025-08-19,84
SKU029,2025-08-20,76
SKU029,2025-08-21,78
SKU029,2025-08-22,74
SKU029,2025-08-23,86
SKU029,2025-08-24,59
SKU029,2025-08-25,63
SKU029,2025-08-26,42
SKU029,2025-08-27,94
SKU029,2025-08-28,94
SKU029,2025-08-29,108
SKU029,2025-08-30,132
SKU029,2025-08-31,62
SKU029,2025-09-01,59
SKU029,2025-09-02,57
SKU029,2025-09-03,69
SKU029,2025-09-04,59
SKU029,2025-09-05,52
SKU029,2025-09-06,61
SKU029,2025-09-07,50
SKU029,2025-09-08,57
SKU029,2025-09-09,96
SKU029,2025-09-10,76
SKU029,2025-09-11,63
SKU029,2025-09-12,66
SKU029,2025-09-13,90
SKU029,2025-09-14,42
SKU029,2025-09-15,74
SKU029,2025-09-16,118
SKU029,2025-09-17,103
SKU029,2025-09-18,72
SKU029,2025-09-19,76
SKU029,2025-09-20,82
SKU029,2025-09-21,61
SKU029,2025-09-22,74
SKU029,2025-09-23,79
SKU029,2025-09-24,86
SKU029,2025-09-25,107
SKU029,2025-09-26,125
SKU029,2025-09-27,102
SKU029,2025-09-28,60
SKU029,2025-09-29,62
SKU029,2025-09-30,80
SKU030,2025-04-01,21
SKU030,2025-04-02,26
SKU030,2025-04-03,25
SKU030,2025-04-04,17
SKU030,2025-04-05,28
SKU030,2025-04-06,9
SKU030,2025-04-07,22
SKU030,2025-04-08,19
SKU030,2025-04-09,24
SKU030,2025-04-10,20
SKU030,2025-04-11,21
SKU030,2025-04-12,16
SKU030,2025-04-13,4
SKU030,2025-04-14,17
SKU030,2025-04-15,20
SKU030,2025-04-16,22
SKU030,2025-04-17,20
SKU030,2025-04-18,13
SKU030,2025-04-19,25
SKU030,2025-04-20,22
SKU030,2025-04-21,22
SKU030,2025-04-22,22
SKU030,2025-04-23,23
SKU030,2025-04-24,24
SKU030,2025-04-25,19
SKU030,2025-04-26,28
SKU030,2025-04-27,17
SKU030,2025-04-28,13
SKU030,2025-04-29,25
SKU030,2025-04-30,22
SKU030,2025-05-01,30
SKU030,2025-05-02,35
SKU030,2025-05-03,30
SKU030,2025-05-04,18
SKU030,2025-05-05,19
SKU030,2025-05-06,20
SKU030,2025-05-07,23
SKU030,2025-05-08,28
SKU030,2025-05-09,21
SKU030,2025-05-10,24
SKU030,2025-05-11,18
SKU030,2025-05-12,27
SKU030,2025-05-13,21
SKU030,2025-05-14,27
SKU030,2025-05-15,27
SKU030,2025-05-16,18
SKU030,2025-05-17,24
SKU030,2025-05-18,23
SKU030,2025-05-19,16
SKU030,2025-05-20,17
SKU030,2025-05-21,29
SKU030,2025-05-22,21
SKU030,2025-05-23,21
SKU030,2025-05-24,31
SKU030,2025-05-25,4
SKU030,2025-05-26,24
SKU030,2025-05-27,25
SKU030,2025-05-28,21
SKU030,2025-05-29,29
SKU030,2025-05-30,31
SKU030,2025-05-31,25
SKU030,2025-06-01,11
SKU030,2025-06-02,14
SKU030,2025-06-03,16
SKU030,2025-06-04,28
SKU030,2025-06-05,28
SKU030,2025-06-06,29
SKU030,2025-06-07,25
SKU030,2025-06-08,12
SKU030,2025-06-09,19
SKU030,2025-06-10,34
SKU030,2025-06-11,33
SKU030,2025-06-12,20
SKU030,2025-06-13,21
SKU030,2025-06-14,31
SKU030,2025-06-15,10
SKU030,2025-06-16,20
SKU030,2025-06-17,24
SKU030,2025-06-18,24
SKU030,2025-06-19,28
SKU030,2025-06-20,23
SKU030,2025-06-21,27
SKU030,2025-06-22,21
SKU030,2025-06-23,14
SKU030,2025-06-24,26
SKU030,2025-06-25,28
SKU030,2025-06-26,21
SKU030,2025-06-27,27
SKU030,2025-06-28,30
SKU030,2025-06-29,19
SKU030,2025-06-30,24
SKU030,2025-07-01,22
SKU030,2025-07-02,22
SKU030,2025-07-03,18
SKU030,2025-07-04,24
SKU030,2025-07-05,24
SKU030,2025-07-06,15
SKU030,2025-07-07,21
SKU030,2025-07-08,21
SKU030,2025-07-09,28
SKU030,2025-07-10,25
SKU030,2025-07-11,24
SKU030,2025-07-12,28
SKU030,2025-07-13,18
SKU030,2025-07-14,20
SKU030,2025-07-15,28
SKU030,2025-07-16,27
SKU030,2025-07-17,21
SKU030,2025-07-18,11
SKU030,2025-07-19,28
SKU030,2025-07-20,21
SKU030,2025-07-21,18
SKU030,2025-07-22,20
SKU030,2025-07-23,21
SKU030,2025-07-24,22
SKU030,2025-07-25,28
SKU030,2025-07-26,29
SKU030,2025-07-27,13
SKU030,2025-07-28,14
SKU030,2025-07-29,20
SKU030,2025-07-30,20
SKU030,2025-07-31,25
SKU030,2025-08-01,27
SKU030,2025-08-02,26
SKU030,2025-08-03,11
SKU030,2025-08-04,20
SKU030,2025-08-05,18
SKU030,2025-08-06,27
SKU030,2025-08-07,23
SKU030,2025-08-08,17
SKU030,2025-08-09,25
SKU030,2025-08-10,14
SKU030,2025-08-11,24
SKU030,2025-08-12,16
SKU030,2025-08-13,21
SKU030,2025-08-14,17
SKU030,2025-08-15,27
SKU030,2025-08-16,24
SKU030,2025-08-17,20
SKU030,2025-08-18,18
SKU030,2025-08-19,19
SKU030,2025-08-20,29
SKU030,2025-08-21,22
SKU030,2025-08-22,27
SKU030,2025-08-23,22
SKU030,2025-08-24,11
SKU030,2025-08-25,18
SKU030,2025-08-26,21
SKU030,2025-08-27,28
SKU030,2025-08-28,25
SKU030,2025-08-29,36
SKU030,2025-08-30,33
SKU030,2025-08-31,16
SKU030,2025-09-01,13
SKU030,2025-09-02,22
SKU030,2025-09-03,20
SKU030,2025-09-04,26
SKU030,2025-09-05,27
SKU030,2025-09-06,28
SKU030,2025-09-07,12
SKU030,2025-09-08,18
SKU030,2025-09-09,27
SKU030,2025-09-10,28
SKU030,2025-09-11,26
SKU030,2025-09-12,19
SKU030,2025-09-13,20
SKU030,2025-09-14,15
SKU030,2025-09-15,23
SKU030,2025-09-16,32
SKU030,2025-09-17,30
SKU030,2025-09-18,33
SKU030,2025-09-19,24
SKU030,2025-09-20,29
SKU030,2025-09-21,22
SKU030,2025-09-22,23
SKU030,2025-09-23,30
SKU030,2025-09-24,24
SKU030,2025-09-25,35
SKU030,2025-09-26,27
SKU030,2025-09-27,29
SKU030,2025-09-28,17
SKU030,2025-09-29,27
SKU030,2025-09-30,25
SKU031,2025-04-01,48
SKU031,2025-04-02,82
SKU031,2025-04-03,65
SKU031,2025-04-04,68
SKU031,2025-04-05,72
SKU031,2025-04-06,32
SKU031,2025-04-07,47
SKU031,2025-04-08,55
SKU031,2025-04-09,82
SKU031,2025-04-10,72
SKU031,2025-04-11,90
SKU031,2025-04-12,84
SKU031,2025-04-13,65
SKU031,2025-04-14,49
SKU031,2025-04-15,98
SKU031,2025-04-16,101
SKU031,2025-04-17,67
SKU031,2025-04-18,123
SKU031,2025-04-19,110
SKU031,2025-04-20,66
SKU031,2025-04-21,89
SKU031,2025-04-22,97
SKU031,2025-04-23,90
SKU031,2025-04-24,74
SKU031,2025-04-25,103
SKU031,2025-04-26,92
SKU031,2025-04-27,55
SKU031,2025-04-28,54
SKU031,2025-04-29,65
SKU031,2025-04-30,86
SKU031,2025-05-01,115
SKU031,2025-05-02,132
SKU031,2025-05-03,105
SKU031,2025-05-04,82
SKU031,2025-05-05,48
SKU031,2025-05-06,78
SKU031,2025-05-07,106
SKU031,2025-05-08,77
SKU031,2025-05-09,91
SKU031,2025-05-10,107
SKU031,2025-05-11,58
SKU031,2025-05-12,87
SKU031,2025-05-13,108
SKU031,2025-05-14,100
SKU031,2025-05-15,107
SKU031,2025-05-16,101
SKU031,2025-05-17,102
SKU031,2025-05-18,80
SKU031,2025-05-19,55
SKU031,2025-05-20,108
SKU031,2025-05-21,68
SKU031,2025-05-22,85
SKU031,2025-05-23,61
SKU031,2025-05-24,96
SKU031,2025-05-25,41
SKU031,2025-05-26,92
SKU031,2025-05-27,82
SKU031,2025-05-28,80
SKU031,2025-05-29,89
SKU031,2025-05-30,88
SKU031,2025-05-31,95
SKU031,2025-06-01,28
SKU031,2025-06-02,82
SKU031,2025-06-03,96
SKU031,2025-06-04,54
SKU031,2025-06-05,94
SKU031,2025-06-06,78
SKU031,2025-06-07,114
SKU031,2025-06-08,32
SKU031,2025-06-09,55
SKU031,2025-06-10,64
SKU031,2025-06-11,85
SKU031,2025-06-12,72
SKU031,2025-06-13,64
SKU031,2025-06-14,94
SKU031,2025-06-15,64
SKU031,2025-06-16,90
SKU031,2025-06-17,91
SKU031,2025-06-18,101
SKU031,2025-06-19,86
SKU031,2025-06-20,106
SKU031,2025-06-21,99
SKU031,2025-06-22,83
SKU031,2025-06-23,57
SKU031,2025-06-24,50
SKU031,2025-06-25,61
SKU031,2025-06-26,102
SKU031,2025-06-27,95
SKU031,2025-06-28,76
SKU031,2025-06-29,51
SKU031,2025-06-30,47
SKU031,2025-07-01,84
SKU031,2025-07-02,115
SKU031,2025-07-03,74
SKU031,2025-07-04,90
SKU031,2025-07-05,106
SKU031,2025-07-06,84
SKU031,2025-07-07,64
SKU031,2025-07-08,99
SKU031,2025-07-09,124
SKU031,2025-07-10,102
SKU031,2025-07-11,69
SKU031,2025-07-12,95
SKU031,2025-07-13,60
SKU031,2025-07-14,81
SKU031,2025-07-15,65
SKU031,2025-07-16,85
SKU031,2025-07-17,78
SKU031,2025-07-18,92
SKU031,2025-07-19,100
SKU031,2025-07-20,58
SKU031,2025-07-21,45
SKU031,2025-07-22,73
SKU031,2025-07-23,109
SKU031,2025-07-24,115
SKU031,2025-07-25,87
SKU031,2025-07-26,104
SKU031,2025-07-27,54
SKU031,2025-07-28,86
SKU031,2025-07-29,101
SKU031,2025-07-30,94
SKU031,2025-07-31,93
SKU031,2025-08-01,90
SKU031,2025-08-02,112
SKU031,2025-08-03,59
SKU031,2025-08-04,57
SKU031,2025-08-05,120
SKU031,2025-08-06,94
SKU031,2025-08-07,83
SKU031,2025-08-08,96
SKU031,2025-08-09,109
SKU031,2025-08-10,52
SKU031,2025-08-11,45
SKU031,2025-08-12,59
SKU031,2025-08-13,64
SKU031,2025-08-14,67
SKU031,2025-08-15,62
SKU031,2025-08-16,87
SKU031,2025-08-17,67
SKU031,2025-08-18,46
SKU031,2025-08-19,104
SKU031,2025-08-20,95
SKU031,2025-08-21,45
SKU031,2025-08-22,82
SKU031,2025-08-23,86
SKU031,2025-08-24,59
SKU031,2025-08-25,55
SKU031,2025-08-26,74
SKU031,2025-08-27,125
SKU031,2025-08-28,116
SKU031,2025-08-29,138
SKU031,2025-08-30,126
SKU031,2025-08-31,75
SKU031,2025-09-01,74
SKU031,2025-09-02,84
SKU031,2025-09-03,93
SKU031,2025-09-04,50
SKU031,2025-09-05,76
SKU031,2025-09-06,114
SKU031,2025-09-07,78
SKU031,2025-09-08,67
SKU031,2025-09-09,77
SKU031,2025-09-10,79
SKU031,2025-09-11,108
SKU031,2025-09-12,102
SKU031,2025-09-13,78
SKU031,2025-09-14,64
SKU031,2025-09-15,79
SKU031,2025-09-16,91
SKU031,2025-09-17,105
SKU031,2025-09-18,63
SKU031,2025-09-19,94
SKU031,2025-09-20,111
SKU031,2025-09-21,75
SKU031,2025-09-22,79
SKU031,2025-09-23,90
SKU031,2025-09-24,105
SKU031,2025-09-25,99
SKU031,2025-09-26,108
SKU031,2025-09-27,135
SKU031,2025-09-28,69
SKU031,2025-09-29,56
SKU031,2025-09-30,107
SKU032,2025-04-01,45
SKU032,2025-04-02,79
SKU032,2025-04-03,78
SKU032,2025-04-04,55
SKU032,2025-04-05,83
SKU032,2025-04-06,26
SKU032,2025-04-07,48
SKU032,2025-04-08,68
SKU032,2025-04-09,73
SKU032,2025-04-10,90
SKU032,2025-04-11,70
SKU032,2025-04-12,75
SKU032,2025-04-13,25
SKU032,2025-04-14,59
SKU032,2025-04-15,85
SKU032,2025-04-16,95
SKU032,2025-04-17,64
SKU032,2025-04-18,82
SKU032,2025-04-19,50
SKU032,2025-04-20,67
SKU032,2025-04-21,61
SKU032,2025-04-22,46
SKU032,2025-04-23,79
SKU032,2025-04-24,85
SKU032,2025-04-25,51
SKU032,2025-04-26,83
SKU032,2025-04-27,46
SKU032,2025-04-28,45
SKU032,2025-04-29,65
SKU032,2025-04-30,84
SKU032,2025-05-01,118
SKU032,2025-05-02,113
SKU032,2025-05-03,89
SKU032,2025-05-04,81
SKU032,2025-05-05,54
SKU032,2025-05-06,76
SKU032,2025-05-07,57
SKU032,2025-05-08,95
SKU032,2025-05-09,90
SKU032,2025-05-10,96
SKU032,2025-05-11,56
SKU032,2025-05-12,49
SKU032,2025-05-13,85
SKU032,2025-05-14,86
SKU032,2025-05-15,94
SKU032,2025-05-16,81
SKU032,2025-05-17,73
SKU032,2025-05-18,60
SKU032,2025-05-19,54
SKU032,2025-05-20,76
SKU032,2025-05-21,76
SKU032,2025-05-22,66
SKU032,2025-05-23,85
SKU032,2025-05-24,81
SKU032,2025-05-25,65
SKU032,2025-05-26,59
SKU032,2025-05-27,84
SKU032,2025-05-28,79
SKU032,2025-05-29,74
SKU032,2025-05-30,85
SKU032,2025-05-31,77
SKU032,2025-06-01,60
SKU032,2025-06-02,63
SKU032,2025-06-03,71
SKU032,2025-06-04,75
SKU032,2025-06-05,92
SKU032,2025-06-06,81
SKU032,2025-06-07,96
SKU032,2025-06-08,41
SKU032,2025-06-09,40
SKU032,2025-06-10,65
SKU032,2025-06-11,59
SKU032,2025-06-12,83
SKU032,2025-06-13,87
SKU032,2025-06-14,121
SKU032,2025-06-15,39
SKU032,2025-06-16,58
SKU032,2025-06-17,65
SKU032,2025-06-18,75
SKU032,2025-06-19,77
SKU032,2025-06-20,90
SKU032,2025-06-21,91
SKU032,2025-06-22,65
SKU032,2025-06-23,67
SKU032,2025-06-24,81
SKU032,2025-06-25,70
SKU032,2025-06-26,92
SKU032,2025-06-27,111
SKU032,2025-06-28,80
SKU032,2025-06-29,43
SKU032,2025-06-30,85
SKU032,2025-07-01,77
SKU032,2025-07-02,105
SKU032,2025-07-03,70
SKU032,2025-07-04,79
SKU032,2025-07-05,93
SKU032,2025-07-06,46
SKU032,2025-07-07,47
SKU032,2025-07-08,52
SKU032,2025-07-09,44
SKU032,2025-07-10,66
SKU032,2025-07-11,71
SKU032,2025-07-12,73
SKU032,2025-07-13,60
SKU032,2025-07-14,39
SKU032,2025-07-15,67
SKU032,2025-07-16,94
SKU032,2025-07-17,89
SKU032,2025-07-18,63
SKU032,2025-07-19,107
SKU032,2025-07-20,52
SKU032,2025-07-21,66
SKU032,2025-07-22,49
SKU032,2025-07-23,82
SKU032,2025-07-24,99
SKU032,2025-07-25,79
SKU032,2025-07-26,73
SKU032,2025-07-27,64
SKU032,2025-07-28,53
SKU032,2025-07-29,75
SKU032,2025-07-30,97
SKU032,2025-07-31,81
SKU032,2025-08-01,69
SKU032,2025-08-02,95
SKU032,2025-08-03,54
SKU032,2025-08-04,67
SKU032,2025-08-05,74
SKU032,2025-08-06,102
SKU032,2025-08-07,88
SKU032,2025-08-08,67
SKU032,2025-08-09,94
SKU032,2025-08-10,53
SKU032,2025-08-11,18
SKU032,2025-08-12,83
SKU032,2025-08-13,77
SKU032,2025-08-14,100
SKU032,2025-08-15,81
SKU032,2025-08-16,84
SKU032,2025-08-17,51
SKU032,2025-08-18,66
SKU032,2025-08-19,61
SKU032,2025-08-20,70
SKU032,2025-08-21,95
SKU032,2025-08-22,103
SKU032,2025-08-23,68
SKU032,2025-08-24,81
SKU032,2025-08-25,82
SKU032,2025-08-26,55
SKU032,2025-08-27,109
SKU032,2025-08-28,124
SKU032,2025-08-29,95
SKU032,2025-08-30,86
SKU032,2025-08-31,63
SKU032,2025-09-01,71
SKU032,2025-09-02,93
SKU032,2025-09-03,65
SKU032,2025-09-04,88
SKU032,2025-09-05,77
SKU032,2025-09-06,110
SKU032,2025-09-07,42
SKU032,2025-09-08,65
SKU032,2025-09-09,80
SKU032,2025-09-10,67
SKU032,2025-09-11,80
SKU032,2025-09-12,79
SKU032,2025-09-13,116
SKU032,2025-09-14,66
SKU032,2025-09-15,95
SKU032,2025-09-16,68
SKU032,2025-09-17,84
SKU032,2025-09-18,94
SKU032,2025-09-19,124
SKU032,2025-09-20,134
SKU032,2025-09-21,71
SKU032,2025-09-22,69
SKU032,2025-09-23,97
SKU032,2025-09-24,94
SKU032,2025-09-25,102
SKU032,2025-09-26,89
SKU032,2025-09-27,94
SKU032,2025-09-28,42
SKU032,2025-09-29,69
SKU032,2025-09-30,92
SKU033,2025-04-01,44
SKU033,2025-04-02,59
SKU033,2025-04-03,57
SKU033,2025-04-04,51
SKU033,2025-04-05,43
SKU033,2025-04-06,37
SKU033,2025-04-07,46
SKU033,2025-04-08,54
SKU033,2025-04-09,74
SKU033,2025-04-10,62
SKU033,2025-04-11,62
SKU033,2025-04-12,69
SKU033,2025-04-13,51
SKU033,2025-04-14,33
SKU033,2025-04-15,43
SKU033,2025-04-16,44
SKU033,2025-04-17,48
SKU033,2025-04-18,56
SKU033,2025-04-19,41
SKU033,2025-04-20,30
SKU033,2025-04-21,37
SKU033,2025-04-22,46
SKU033,2025-04-23,51
SKU033,2025-04-24,67
SKU033,2025-04-25,49
SKU033,2025-04-26,54
SKU033,2025-04-27,35
SKU033,2025-04-28,57
SKU033,2025-04-29,62
SKU033,2025-04-30,65
SKU033,2025-05-01,75
SKU033,2025-05-02,79
SKU033,2025-05-03,92
SKU033,2025-05-04,37
SKU033,2025-05-05,38
SKU033,2025-05-06,46
SKU033,2025-05-07,41
SKU033,2025-05-08,56
SKU033,2025-05-09,54
SKU033,2025-05-10,52
SKU033,2025-05-11,36
SKU033,2025-05-12,33
SKU033,2025-05-13,57
SKU033,2025-05-14,82
SKU033,2025-05-15,61
SKU033,2025-05-16,77
SKU033,2025-05-17,61
SKU033,2025-05-18,52
SKU033,2025-05-19,33
SKU033,2025-05-20,48
SKU033,2025-05-21,80
SKU033,2025-05-22,63
SKU033,2025-05-23,45
SKU033,2025-05-24,71
SKU033,2025-05-25,49
SKU033,2025-05-26,33
SKU033,2025-05-27,49
SKU033,2025-05-28,38
SKU033,2025-05-29,50
SKU033,2025-05-30,83
SKU033,2025-05-31,69
SKU033,2025-06-01,50
SKU033,2025-06-02,20
SKU033,2025-06-03,49
SKU033,2025-06-04,71
SKU033,2025-06-05,52
SKU033,2025-06-06,63
SKU033,2025-06-07,68
SKU033,2025-06-08,21
SKU033,2025-06-09,56
SKU033,2025-06-10,62
SKU033,2025-06-11,79
SKU033,2025-06-12,67
SKU033,2025-06-13,87
SKU033,2025-06-14,60
SKU033,2025-06-15,54
SKU033,2025-06-16,52
SKU033,2025-06-17,74
SKU033,2025-06-18,52
SKU033,2025-06-19,69
SKU033,2025-06-20,62
SKU033,2025-06-21,99
SKU033,2025-06-22,39
SKU033,2025-06-23,28
SKU033,2025-06-24,34
SKU033,2025-06-25,37
SKU033,2025-06-26,72
SKU033,2025-06-27,74
SKU033,2025-06-28,86
SKU033,2025-06-29,59
SKU033,2025-06-30,38
SKU033,2025-07-01,60
SKU033,2025-07-02,65
SKU033,2025-07-03,58
SKU033,2025-07-04,53
SKU033,2025-07-05,72
SKU033,2025-07-06,67
SKU033,2025-07-07,63
SKU033,2025-07-08,45
SKU033,2025-07-09,32
SKU033,2025-07-10,69
SKU033,2025-07-11,78
SKU033,2025-07-12,74
SKU033,2025-07-13,44
SKU033,2025-07-14,63
SKU033,2025-07-15,68
SKU033,2025-07-16,64
SKU033,2025-07-17,74
SKU033,2025-07-18,44
SKU033,2025-07-19,75
SKU033,2025-07-20,45
SKU033,2025-07-21,80
SKU033,2025-07-22,73
SKU033,2025-07-23,60
SKU033,2025-07-24,73
SKU033,2025-07-25,81
SKU033,2025-07-26,69
SKU033,2025-07-27,50
SKU033,2025-07-28,42
SKU033,2025-07-29,62
SKU033,2025-07-30,57
SKU033,2025-07-31,78
SKU033,2025-08-01,69
SKU033,2025-08-02,66
SKU033,2025-08-03,52
SKU033,2025-08-04,56
SKU033,2025-08-05,75
SKU033,2025-08-06,74
SKU033,2025-08-07,45
SKU033,2025-08-08,48
SKU033,2025-08-09,78
SKU033,2025-08-10,60
SKU033,2025-08-11,50
SKU033,2025-08-12,40
SKU033,2025-08-13,48
SKU033,2025-08-14,59
SKU033,2025-08-15,64
SKU033,2025-08-16,66
SKU033,2025-08-17,47
SKU033,2025-08-18,51
SKU033,2025-08-19,51
SKU033,2025-08-20,63
SKU033,2025-08-21,63
SKU033,2025-08-22,64
SKU033,2025-08-23,58
SKU033,2025-08-24,64
SKU033,2025-08-25,38
SKU033,2025-08-26,66
SKU033,2025-08-27,104
SKU033,2025-08-28,73
SKU033,2025-08-29,102
SKU033,2025-08-30,88
SKU033,2025-08-31,50
SKU033,2025-09-01,43
SKU033,2025-09-02,75
SKU033,2025-09-03,89
SKU033,2025-09-04,53
SKU033,2025-09-05,63
SKU033,2025-09-06,66
SKU033,2025-09-07,32
SKU033,2025-09-08,57
SKU033,2025-09-09,49
SKU033,2025-09-10,61
SKU033,2025-09-11,61
SKU033,2025-09-12,70
SKU033,2025-09-13,60
SKU033,2025-09-14,42
SKU033,2025-09-15,81
SKU033,2025-09-16,73
SKU033,2025-09-17,66
SKU033,2025-09-18,61
SKU033,2025-09-19,95
SKU033,2025-09-20,82
SKU033,2025-09-21,55
SKU033,2025-09-22,68
SKU033,2025-09-23,70
SKU033,2025-09-24,96
SKU033,2025-09-25,61
SKU033,2025-09-26,56
SKU033,2025-09-27,83
SKU033,2025-09-28,46
SKU033,2025-09-29,69
SKU033,2025-09-30,77
SKU034,2025-04-01,36
SKU034,2025-04-02,36
SKU034,2025-04-03,33
SKU034,2025-04-04,26
SKU034,2025-04-05,56
SKU034,2025-04-06,22
SKU034,2025-04-07,51
SKU034,2025-04-08,54
SKU034,2025-04-09,36
SKU034,2025-04-10,34
SKU034,2025-04-11,61
SKU034,2025-04-12,47
SKU034,2025-04-13,38
SKU034,2025-04-14,39
SKU034,2025-04-15,41
SKU034,2025-04-16,42
SKU034,2025-04-17,39
SKU034,2025-04-18,41
SKU034,2025-04-19,45
SKU034,2025-04-20,33
SKU034,2025-04-21,37
SKU034,2025-04-22,50
SKU034,2025-04-23,39
SKU034,2025-04-24,42
SKU034,2025-04-25,67
SKU034,2025-04-26,47
SKU034,2025-04-27,22
SKU034,2025-04-28,42
SKU034,2025-04-29,43
SKU034,2025-04-30,58
SKU034,2025-05-01,63
SKU034,2025-05-02,36
SKU034,2025-05-03,65
SKU034,2025-05-04,42
SKU034,2025-05-05,43
SKU034,2025-05-06,52
SKU034,2025-05-07,37
SKU034,2025-05-08,63
SKU034,2025-05-09,44
SKU034,2025-05-10,67
SKU034,2025-05-11,29
SKU034,2025-05-12,47
SKU034,2025-05-13,40
SKU034,2025-05-14,51
SKU034,2025-05-15,46
SKU034,2025-05-16,32
SKU034,2025-05-17,55
SKU034,2025-05-18,33
SKU034,2025-05-19,38
SKU034,2025-05-20,49
SKU034,2025-05-21,57
SKU034,2025-05-22,53
SKU034,2025-05-23,38
SKU034,2025-05-24,33
SKU034,2025-05-25,36
SKU034,2025-05-26,38
SKU034,2025-05-27,44
SKU034,2025-05-28,52
SKU034,2025-05-29,48
SKU034,2025-05-30,41
SKU034,2025-05-31,44
SKU034,2025-06-01,37
SKU034,2025-06-02,29
SKU034,2025-06-03,44
SKU034,2025-06-04,44
SKU034,2025-06-05,51
SKU034,2025-06-06,33
SKU034,2025-06-07,64
SKU034,2025-06-08,40
SKU034,2025-06-09,36
SKU034,2025-06-10,39
SKU034,2025-06-11,42
SKU034,2025-06-12,52
SKU034,2025-06-13,50
SKU034,2025-06-14,67
SKU034,2025-06-15,29
SKU034,2025-06-16,45
SKU034,2025-06-17,41
SKU034,2025-06-18,45
SKU034,2025-06-19,38
SKU034,2025-06-20,41
SKU034,2025-06-21,36
SKU034,2025-06-22,21
SKU034,2025-06-23,35
SKU034,2025-06-24,50
SKU034,2025-06-25,31
SKU034,2025-06-26,47
SKU034,2025-06-27,49
SKU034,2025-06-28,58
SKU034,2025-06-29,33
SKU034,2025-06-30,41
SKU034,2025-07-01,44
SKU034,2025-07-02,50
SKU034,2025-07-03,50
SKU034,2025-07-04,73
SKU034,2025-07-05,56
SKU034,2025-07-06,40
SKU034,2025-07-07,36
SKU034,2025-07-08,59
SKU034,2025-07-09,51
SKU034,2025-07-10,47
SKU034,2025-07-11,48
SKU034,2025-07-12,40
SKU034,2025-07-13,45
SKU034,2025-07-14,31
SKU034,2025-07-15,59
SKU034,2025-07-16,43
SKU034,2025-07-17,51
SKU034,2025-07-18,41
SKU034,2025-07-19,47
SKU034,2025-07-20,26
SKU034,2025-07-21,51
SKU034,2025-07-22,33
SKU034,2025-07-23,47
SKU034,2025-07-24,39
SKU034,2025-07-25,43
SKU034,2025-07-26,38
SKU034,2025-07-27,36
SKU034,2025-07-28,32
SKU034,2025-07-29,40
SKU034,2025-07-30,31
SKU034,2025-07-31,43
SKU034,2025-08-01,66
SKU034,2025-08-02,56
SKU034,2025-08-03,30
SKU034,2025-08-04,46
SKU034,2025-08-05,42
SKU034,2025-08-06,48
SKU034,2025-08-07,58
SKU034,2025-08-08,43
SKU034,2025-08-09,40
SKU034,2025-08-10,38
SKU034,2025-08-11,32
SKU034,2025-08-12,29
SKU034,2025-08-13,59
SKU034,2025-08-14,55
SKU034,2025-08-15,37
SKU034,2025-08-16,46
SKU034,2025-08-17,28
SKU034,2025-08-18,20
SKU034,2025-08-19,52
SKU034,2025-08-20,41
SKU034,2025-08-21,57
SKU034,2025-08-22,37
SKU034,2025-08-23,43
SKU034,2025-08-24,30
SKU034,2025-08-25,42
SKU034,2025-08-26,71
SKU034,2025-08-27,72
SKU034,2025-08-28,57
SKU034,2025-08-29,73
SKU034,2025-08-30,63
SKU034,2025-08-31,30
SKU034,2025-09-01,38
SKU034,2025-09-02,37
SKU034,2025-09-03,38
SKU034,2025-09-04,46
SKU034,2025-09-05,52
SKU034,2025-09-06,41
SKU034,2025-09-07,22
SKU034,2025-09-08,40
SKU034,2025-09-09,55
SKU034,2025-09-10,62
SKU034,2025-09-11,46
SKU034,2025-09-12,40
SKU034,2025-09-13,66
SKU034,2025-09-14,37
SKU034,2025-09-15,41
SKU034,2025-09-16,61
SKU034,2025-09-17,70
SKU034,2025-09-18,68
SKU034,2025-09-19,60
SKU034,2025-09-20,60
SKU034,2025-09-21,35
SKU034,2025-09-22,54
SKU034,2025-09-23,50
SKU034,2025-09-24,62
SKU034,2025-09-25,62
SKU034,2025-09-26,78
SKU034,2025-09-27,72
SKU034,2025-09-28,31
SKU034,2025-09-29,41
SKU034,2025-09-30,41
SKU035,2025-04-01,33
SKU035,2025-04-02,29
SKU035,2025-04-03,37
SKU035,2025-04-04,37
SKU035,2025-04-05,35
SKU035,2025-04-06,16
SKU035,2025-04-07,22
SKU035,2025-04-08,33
SKU035,2025-04-09,35
SKU035,2025-04-10,27
SKU035,2025-04-11,25
SKU035,2025-04-12,36
SKU035,2025-04-13,28
SKU035,2025-04-14,41
SKU035,2025-04-15,37
SKU035,2025-04-16,48
SKU035,2025-04-17,36
SKU035,2025-04-18,44
SKU035,2025-04-19,29
SKU035,2025-04-20,35
SKU035,2025-04-21,28
SKU035,2025-04-22,39
SKU035,2025-04-23,24
SKU035,2025-04-24,25
SKU035,2025-04-25,49
SKU035,2025-04-26,43
SKU035,2025-04-27,14
SKU035,2025-04-28,18
SKU035,2025-04-29,48
SKU035,2025-04-30,26
SKU035,2025-05-01,28
SKU035,2025-05-02,39
SKU035,2025-05-03,58
SKU035,2025-05-04,26
SKU035,2025-05-05,8
SKU035,2025-05-06,37
SKU035,2025-05-07,41
SKU035,2025-05-08,30
SKU035,2025-05-09,38
SKU035,2025-05-10,44
SKU035,2025-05-11,27
SKU035,2025-05-12,17
SKU035,2025-05-13,32
SKU035,2025-05-14,35
SKU035,2025-05-15,34
SKU035,2025-05-16,32
SKU035,2025-05-17,25
SKU035,2025-05-18,22
SKU035,2025-05-19,25
SKU035,2025-05-20,31
SKU035,2025-05-21,39
SKU035,2025-05-22,39
SKU035,2025-05-23,26
SKU035,2025-05-24,23
SKU035,2025-05-25,18
SKU035,2025-05-26,25
SKU035,2025-05-27,36
SKU035,2025-05-28,48
SKU035,2025-05-29,30
SKU035,2025-05-30,41
SKU035,2025-05-31,39
SKU035,2025-06-01,19
SKU035,2025-06-02,29
SKU035,2025-06-03,34
SKU035,2025-06-04,30
SKU035,2025-06-05,36
SKU035,2025-06-06,42
SKU035,2025-06-07,41
SKU035,2025-06-08,12
SKU035,2025-06-09,22
SKU035,2025-06-10,36
SKU035,2025-06-11,22
SKU035,2025-06-12,43
SKU035,2025-06-13,41
SKU035,2025-06-14,43
SKU035,2025-06-15,28
SKU035,2025-06-16,38
SKU035,2025-06-17,27
SKU035,2025-06-18,46
SKU035,2025-06-19,25
SKU035,2025-06-20,46
SKU035,2025-06-21,33
SKU035,2025-06-22,30
SKU035,2025-06-23,19
SKU035,2025-06-24,30
SKU035,2025-06-25,38
SKU035,2025-06-26,44
SKU035,2025-06-27,44
SKU035,2025-06-28,32
SKU035,2025-06-29,16
SKU035,2025-06-30,29
SKU035,2025-07-01,39
SKU035,2025-07-02,32
SKU035,2025-07-03,41
SKU035,2025-07-04,29
SKU035,2025-07-05,31
SKU035,2025-07-06,18
SKU035,2025-07-07,27
SKU035,2025-07-08,26
SKU035,2025-07-09,50
SKU035,2025-07-10,40
SKU035,2025-07-11,29
SKU035,2025-07-12,38
SKU035,2025-07-13,29
SKU035,2025-07-14,19
SKU035,2025-07-15,34
SKU035,2025-07-16,42
SKU035,2025-07-17,37
SKU035,2025-07-18,27
SKU035,2025-07-19,33
SKU035,2025-07-20,21
SKU035,2025-07-21,12
SKU035,2025-07-22,38
SKU035,2025-07-23,45
SKU035,2025-07-24,42
SKU035,2025-07-25,36
SKU035,2025-07-26,45
SKU035,2025-07-27,23
SKU035,2025-07-28,33
SKU035,2025-07-29,33
SKU035,2025-07-30,36
SKU035,2025-07-31,32
SKU035,2025-08-01,27
SKU035,2025-08-02,38
SKU035,2025-08-03,29
SKU035,2025-08-04,28
SKU035,2025-08-05,39
SKU035,2025-08-06,45
SKU035,2025-08-07,28
SKU035,2025-08-08,31
SKU035,2025-08-09,42
SKU035,2025-08-10,15
SKU035,2025-08-11,30
SKU035,2025-08-12,23
SKU035,2025-08-13,33
SKU035,2025-08-14,26
SKU035,2025-08-15,24
SKU035,2025-08-16,42
SKU035,2025-08-17,22
SKU035,2025-08-18,34
SKU035,2025-08-19,24
SKU035,2025-08-20,39
SKU035,2025-08-21,39
SKU035,2025-08-22,46
SKU035,2025-08-23,33
SKU035,2025-08-24,13
SKU035,2025-08-25,14
SKU035,2025-08-26,44
SKU035,2025-08-27,53
SKU035,2025-08-28,50
SKU035,2025-08-29,61
SKU035,2025-08-30,55
SKU035,2025-08-31,23
SKU035,2025-09-01,29
SKU035,2025-09-02,37
SKU035,2025-09-03,36
SKU035,2025-09-04,44
SKU035,2025-09-05,30
SKU035,2025-09-06,54
SKU035,2025-09-07,29
SKU035,2025-09-08,26
SKU035,2025-09-09,25
SKU035,2025-09-10,28
SKU035,2025-09-11,27
SKU035,2025-09-12,31
SKU035,2025-09-13,39
SKU035,2025-09-14,22
SKU035,2025-09-15,37
SKU035,2025-09-16,37
SKU035,2025-09-17,46
SKU035,2025-09-18,43
SKU035,2025-09-19,38
SKU035,2025-09-20,52
SKU035,2025-09-21,27
SKU035,2025-09-22,26
SKU035,2025-09-23,45
SKU035,2025-09-24,55
SKU035,2025-09-25,50
SKU035,2025-09-26,40
SKU035,2025-09-27,43
SKU035,2025-09-28,21
SKU035,2025-09-29,23
SKU035,2025-09-30,38
SKU036,2025-04-01,68
SKU036,2025-04-02,48
SKU036,2025-04-03,59
SKU036,2025-04-04,70
SKU036,2025-04-05,69
SKU036,2025-04-06,34
SKU036,2025-04-07,30
SKU036,2025-04-08,51
SKU036,2025-04-09,62
SKU036,2025-04-10,57
SKU036,2025-04-11,65
SKU036,2025-04-12,72
SKU036,2025-04-13,54
SKU036,2025-04-14,60
SKU036,2025-04-15,48
SKU036,2025-04-16,77
SKU036,2025-04-17,25
SKU036,2025-04-18,84
SKU036,2025-04-19,52
SKU036,2025-04-20,37
SKU036,2025-04-21,38
SKU036,2025-04-22,66
SKU036,2025-04-23,40
SKU036,2025-04-24,62
SKU036,2025-04-25,58
SKU036,2025-04-26,62
SKU036,2025-04-27,47
SKU036,2025-04-28,65
SKU036,2025-04-29,59
SKU036,2025-04-30,45
SKU036,2025-05-01,93
SKU036,2025-05-02,75
SKU036,2025-05-03,89
SKU036,2025-05-04,53
SKU036,2025-05-05,68
SKU036,2025-05-06,61
SKU036,2025-05-07,76
SKU036,2025-05-08,56
SKU036,2025-05-09,70
SKU036,2025-05-10,72
SKU036,2025-05-11,53
SKU036,2025-05-12,52
SKU036,2025-05-13,55
SKU036,2025-05-14,79
SKU036,2025-05-15,69
SKU036,2025-05-16,66
SKU036,2025-05-17,82
SKU036,2025-05-18,33
SKU036,2025-05-19,56
SKU036,2025-05-20,67
SKU036,2025-05-21,70
SKU036,2025-05-22,76
SKU036,2025-05-23,58
SKU036,2025-05-24,70
SKU036,2025-05-25,39
SKU036,2025-05-26,58
SKU036,2025-05-27,52
SKU036,2025-05-28,53
SKU036,2025-05-29,63
SKU036,2025-05-30,48
SKU036,2025-05-31,75
SKU036,2025-06-01,41
SKU036,2025-06-02,53
SKU036,2025-06-03,61
SKU036,2025-06-04,50
SKU036,2025-06-05,29
SKU036,2025-06-06,77
SKU036,2025-06-07,62
SKU036,2025-06-08,32
SKU036,2025-06-09,36
SKU036,2025-06-10,62
SKU036,2025-06-11,63
SKU036,2025-06-12,68
SKU036,2025-06-13,81
SKU036,2025-06-14,69
SKU036,2025-06-15,41
SKU036,2025-06-16,55
SKU036,2025-06-17,67
SKU036,2025-06-18,49
SKU036,2025-06-19,62
SKU036,2025-06-20,60
SKU036,2025-06-21,83
SKU036,2025-06-22,57
SKU036,2025-06-23,40
SKU036,2025-06-24,41
SKU036,2025-06-25,85
SKU036,2025-06-26,47
SKU036,2025-06-27,38
SKU036,2025-06-28,84
SKU036,2025-06-29,25
SKU036,2025-06-30,77
SKU036,2025-07-01,53
SKU036,2025-07-02,63
SKU036,2025-07-03,60
SKU036,2025-07-04,69
SKU036,2025-07-05,63
SKU036,2025-07-06,55
SKU036,2025-07-07,20
SKU036,2025-07-08,59
SKU036,2025-07-09,62
SKU036,2025-07-10,77
SKU036,2025-07-11,77
SKU036,2025-07-12,82
SKU036,2025-07-13,45
SKU036,2025-07-14,42
SKU036,2025-07-15,78
SKU036,2025-07-16,56
SKU036,2025-07-17,43
SKU036,2025-07-18,56
SKU036,2025-07-19,81
SKU036,2025-07-20,36
SKU036,2025-07-21,26
SKU036,2025-07-22,38
SKU036,2025-07-23,63
SKU036,2025-07-24,73
SKU036,2025-07-25,74
SKU036,2025-07-26,71
SKU036,2025-07-27,49
SKU036,2025-07-28,54
SKU036,2025-07-29,72
SKU036,2025-07-30,38
SKU036,2025-07-31,48
SKU036,2025-08-01,59
SKU036,2025-08-02,75
SKU036,2025-08-03,27
SKU036,2025-08-04,34
SKU036,2025-08-05,43
SKU036,2025-08-06,70
SKU036,2025-08-07,62
SKU036,2025-08-08,57
SKU036,2025-08-09,58
SKU036,2025-08-10,43
SKU036,2025-08-11,53
SKU036,2025-08-12,34
SKU036,2025-08-13,63
SKU036,2025-08-14,61
SKU036,2025-08-15,71
SKU036,2025-08-16,85
SKU036,2025-08-17,30
SKU036,2025-08-18,50
SKU036,2025-08-19,69
SKU036,2025-08-20,78
SKU036,2025-08-21,65
SKU036,2025-08-22,85
SKU036,2025-08-23,74
SKU036,2025-08-24,52
SKU036,2025-08-25,60
SKU036,2025-08-26,38
SKU036,2025-08-27,80
SKU036,2025-08-28,77
SKU036,2025-08-29,89
SKU036,2025-08-30,80
SKU036,2025-08-31,66
SKU036,2025-09-01,56
SKU036,2025-09-02,46
SKU036,2025-09-03,57
SKU036,2025-09-04,70
SKU036,2025-09-05,61
SKU036,2025-09-06,72
SKU036,2025-09-07,29
SKU036,2025-09-08,61
SKU036,2025-09-09,54
SKU036,2025-09-10,65
SKU036,2025-09-11,90
SKU036,2025-09-12,68
SKU036,2025-09-13,76
SKU036,2025-09-14,18
SKU036,2025-09-15,86
SKU036,2025-09-16,69
SKU036,2025-09-17,81
SKU036,2025-09-18,79
SKU036,2025-09-19,74
SKU036,2025-09-20,96
SKU036,2025-09-21,26
SKU036,2025-09-22,61
SKU036,2025-09-23,76
SKU036,2025-09-24,76
SKU036,2025-09-25,82
SKU036,2025-09-26,82
SKU036,2025-09-27,77
SKU036,2025-09-28,26
SKU036,2025-09-29,40
SKU036,2025-09-30,56
SKU037,2025-04-01,23
SKU037,2025-04-02,29
SKU037,2025-04-03,19
SKU037,2025-04-04,24
SKU037,2025-04-05,26
SKU037,2025-04-06,19
SKU037,2025-04-07,15
SKU037,2025-04-08,15
SKU037,2025-04-09,27
SKU037,2025-04-10,12
SKU037,2025-04-11,20
SKU037,2025-04-12,13
SKU037,2025-04-13,20
SKU037,2025-04-14,15
SKU037,2025-04-15,18
SKU037,2025-04-16,24
SKU037,2025-04-17,22
SKU037,2025-04-18,24
SKU037,2025-04-19,20
SKU037,2025-04-20,20
SKU037,2025-04-21,13
SKU037,2025-04-22,15
SKU037,2025-04-23,21
SKU037,2025-04-24,23
SKU037,2025-04-25,26
SKU037,2025-04-26,27
SKU037,2025-04-27,24
SKU037,2025-04-28,14
SKU037,2025-04-29,26
SKU037,2025-04-30,27
SKU037,2025-05-01,36
SKU037,2025-05-02,37
SKU037,2025-05-03,27
SKU037,2025-05-04,16
SKU037,2025-05-05,20
SKU037,2025-05-06,30
SKU037,2025-05-07,34
SKU037,2025-05-08,22
SKU037,2025-05-09,23
SKU037,2025-05-10,27
SKU037,2025-05-11,21
SKU037,2025-05-12,23
SKU037,2025-05-13,27
SKU037,2025-05-14,29
SKU037,2025-05-15,28
SKU037,2025-05-16,24
SKU037,2025-05-17,26
SKU037,2025-05-18,20
SKU037,2025-05-19,21
SKU037,2025-05-20,22
SKU037,2025-05-21,30
SKU037,2025-05-22,27
SKU037,2025-05-23,18
SKU037,2025-05-24,34
SKU037,2025-05-25,21
SKU037,2025-05-26,17
SKU037,2025-05-27,30
SKU037,2025-05-28,19
SKU037,2025-05-29,25
SKU037,2025-05-30,29
SKU037,2025-05-31,26
SKU037,2025-06-01,13
SKU037,2025-06-02,24
SKU037,2025-06-03,22
SKU037,2025-06-04,21
SKU037,2025-06-05,20
SKU037,2025-06-06,31
SKU037,2025-06-07,25
SKU037,2025-06-08,11
SKU037,2025-06-09,15
SKU037,2025-06-10,19
SKU037,2025-06-11,19
SKU037,2025-06-12,20
SKU037,2025-06-13,17
SKU037,2025-06-14,14
SKU037,2025-06-15,10
SKU037,2025-06-16,27
SKU037,2025-06-17,28
SKU037,2025-06-18,15
SKU037,2025-06-19,30
SKU037,2025-06-20,29
SKU037,2025-06-21,25
SKU037,2025-06-22,19
SKU037,2025-06-23,21
SKU037,2025-06-24,23
SKU037,2025-06-25,29
SKU037,2025-06-26,29
SKU037,2025-06-27,26
SKU037,2025-06-28,30
SKU037,2025-06-29,7
SKU037,2025-06-30,19
SKU037,2025-07-01,26
SKU037,2025-07-02,31
SKU037,2025-07-03,32
SKU037,2025-07-04,23
SKU037,2025-07-05,29
SKU037,2025-07-06,13
SKU037,2025-07-07,13
SKU037,2025-07-08,35
SKU037,2025-07-09,26
SKU037,2025-07-10,26
SKU037,2025-07-11,27
SKU037,2025-07-12,27
SKU037,2025-07-13,21
SKU037,2025-07-14,23
SKU037,2025-07-15,21
SKU037,2025-07-16,28
SKU037,2025-07-17,20
SKU037,2025-07-18,30
SKU037,2025-07-19,29
SKU037,2025-07-20,12
SKU037,2025-07-21,14
SKU037,2025-07-22,21
SKU037,2025-07-23,27
SKU037,2025-07-24,26
SKU037,2025-07-25,21
SKU037,2025-07-26,27
SKU037,2025-07-27,14
SKU037,2025-07-28,20
SKU037,2025-07-29,27
SKU037,2025-07-30,24
SKU037,2025-07-31,20
SKU037,2025-08-01,29
SKU037,2025-08-02,36
SKU037,2025-08-03,17
SKU037,2025-08-04,14
SKU037,2025-08-05,26
SKU037,2025-08-06,26
SKU037,2025-08-07,26
SKU037,2025-08-08,23
SKU037,2025-08-09,32
SKU037,2025-08-10,25
SKU037,2025-08-11,15
SKU037,2025-08-12,19
SKU037,2025-08-13,23
SKU037,2025-08-14,24
SKU037,2025-08-15,26
SKU037,2025-08-16,25
SKU037,2025-08-17,20
SKU037,2025-08-18,20
SKU037,2025-08-19,17
SKU037,2025-08-20,26
SKU037,2025-08-21,29
SKU037,2025-08-22,37
SKU037,2025-08-23,23
SKU037,2025-08-24,17
SKU037,2025-08-25,19
SKU037,2025-08-26,27
SKU037,2025-08-27,36
SKU037,2025-08-28,27
SKU037,2025-08-29,38
SKU037,2025-08-30,39
SKU037,2025-08-31,23
SKU037,2025-09-01,15
SKU037,2025-09-02,24
SKU037,2025-09-03,28
SKU037,2025-09-04,23
SKU037,2025-09-05,22
SKU037,2025-09-06,33
SKU037,2025-09-07,15
SKU037,2025-09-08,27
SKU037,2025-09-09,30
SKU037,2025-09-10,25
SKU037,2025-09-11,23
SKU037,2025-09-12,27
SKU037,2025-09-13,33
SKU037,2025-09-14,16
SKU037,2025-09-15,35
SKU037,2025-09-16,36
SKU037,2025-09-17,23
SKU037,2025-09-18,34
SKU037,2025-09-19,37
SKU037,2025-09-20,40
SKU037,2025-09-21,17
SKU037,2025-09-22,21
SKU037,2025-09-23,37
SKU037,2025-09-24,34
SKU037,2025-09-25,26
SKU037,2025-09-26,28
SKU037,2025-09-27,38
SKU037,2025-09-28,15
SKU037,2025-09-29,25
SKU037,2025-09-30,29
SKU038,2025-04-01,58
SKU038,2025-04-02,63
SKU038,2025-04-03,65
SKU038,2025-04-04,62
SKU038,2025-04-05,84
SKU038,2025-04-06,2
SKU038,2025-04-07,45
SKU038,2025-04-08,71
SKU038,2025-04-09,72
SKU038,2025-04-10,58
SKU038,2025-04-11,93
SKU038,2025-04-12,92
SKU038,2025-04-13,53
SKU038,2025-04-14,49
SKU038,2025-04-15,92
SKU038,2025-04-16,67
SKU038,2025-04-17,42
SKU038,2025-04-18,73
SKU038,2025-04-19,86
SKU038,2025-04-20,27
SKU038,2025-04-21,46
SKU038,2025-04-22,54
SKU038,2025-04-23,56
SKU038,2025-04-24,73
SKU038,2025-04-25,71
SKU038,2025-04-26,77
SKU038,2025-04-27,33
SKU038,2025-04-28,66
SKU038,2025-04-29,65
SKU038,2025-04-30,76
SKU038,2025-05-01,83
SKU038,2025-05-02,87
SKU038,2025-05-03,85
SKU038,2025-05-04,54
SKU038,2025-05-05,31
SKU038,2025-05-06,57
SKU038,2025-05-07,82
SKU038,2025-05-08,62
SKU038,2025-05-09,86
SKU038,2025-05-10,80
SKU038,2025-05-11,52
SKU038,2025-05-12,61
SKU038,2025-05-13,70
SKU038,2025-05-14,84
SKU038,2025-05-15,83
SKU038,2025-05-16,64
SKU038,2025-05-17,95
SKU038,2025-05-18,46
SKU038,2025-05-19,47
SKU038,2025-05-20,54
SKU038,2025-05-21,67
SKU038,2025-05-22,52
SKU038,2025-05-23,70
SKU038,2025-05-24,56
SKU038,2025-05-25,52
SKU038,2025-05-26,52
SKU038,2025-05-27,75
SKU038,2025-05-28,75
SKU038,2025-05-29,74
SKU038,2025-05-30,81
SKU038,2025-05-31,77
SKU038,2025-06-01,44
SKU038,2025-06-02,39
SKU038,2025-06-03,86
SKU038,2025-06-04,82
SKU038,2025-06-05,64
SKU038,2025-06-06,60
SKU038,2025-06-07,87
SKU038,2025-06-08,56
SKU038,2025-06-09,76
SKU038,2025-06-10,57
SKU038,2025-06-11,69
SKU038,2025-06-12,84
SKU038,2025-06-13,64
SKU038,2025-06-14,58
SKU038,2025-06-15,32
SKU038,2025-06-16,45
SKU038,2025-06-17,60
SKU038,2025-06-18,92
SKU038,2025-06-19,67
SKU038,2025-06-20,86
SKU038,2025-06-21,79
SKU038,2025-06-22,64
SKU038,2025-06-23,87
SKU038,2025-06-24,49
SKU038,2025-06-25,57
SKU038,2025-06-26,94
SKU038,2025-06-27,91
SKU038,2025-06-28,92
SKU038,2025-06-29,36
SKU038,2025-06-30,45
SKU038,2025-07-01,43
SKU038,2025-07-02,86
SKU038,2025-07-03,89
SKU038,2025-07-04,86
SKU038,2025-07-05,64
SKU038,2025-07-06,65
SKU038,2025-07-07,61
SKU038,2025-07-08,55
SKU038,2025-07-09,89
SKU038,2025-07-10,63
SKU038,2025-07-11,58
SKU038,2025-07-12,83
SKU038,2025-07-13,56
SKU038,2025-07-14,57
SKU038,2025-07-15,88
SKU038,2025-07-16,113
SKU038,2025-07-17,80
SKU038,2025-07-18,70
SKU038,2025-07-19,85
SKU038,2025-07-20,29
SKU038,2025-07-21,72
SKU038,2025-07-22,72
SKU038,2025-07-23,82
SKU038,2025-07-24,86
SKU038,2025-07-25,57
SKU038,2025-07-26,60
SKU038,2025-07-27,61
SKU038,2025-07-28,48
SKU038,2025-07-29,88
SKU038,2025-07-30,71
SKU038,2025-07-31,85
SKU038,2025-08-01,96
SKU038,2025-08-02,45
SKU038,2025-08-03,42
SKU038,2025-08-04,37
SKU038,2025-08-05,84
SKU038,2025-08-06,60
SKU038,2025-08-07,64
SKU038,2025-08-08,62
SKU038,2025-08-09,74
SKU038,2025-08-10,53
SKU038,2025-08-11,43
SKU038,2025-08-12,62
SKU038,2025-08-13,62
SKU038,2025-08-14,54
SKU038,2025-08-15,74
SKU038,2025-08-16,85
SKU038,2025-08-17,72
SKU038,2025-08-18,71
SKU038,2025-08-19,85
SKU038,2025-08-20,73
SKU038,2025-08-21,63
SKU038,2025-08-22,96
SKU038,2025-08-23,76
SKU038,2025-08-24,42
SKU038,2025-08-25,47
SKU038,2025-08-26,47
SKU038,2025-08-27,101
SKU038,2025-08-28,92
SKU038,2025-08-29,104
SKU038,2025-08-30,97
SKU038,2025-08-31,83
SKU038,2025-09-01,51
SKU038,2025-09-02,54
SKU038,2025-09-03,48
SKU038,2025-09-04,72
SKU038,2025-09-05,61
SKU038,2025-09-06,83
SKU038,2025-09-07,58
SKU038,2025-09-08,51
SKU038,2025-09-09,81
SKU038,2025-09-10,78
SKU038,2025-09-11,73
SKU038,2025-09-12,88
SKU038,2025-09-13,59
SKU038,2025-09-14,44
SKU038,2025-09-15,85
SKU038,2025-09-16,95
SKU038,2025-09-17,102
SKU038,2025-09-18,80
SKU038,2025-09-19,108
SKU038,2025-09-20,101
SKU038,2025-09-21,66
SKU038,2025-09-22,36
SKU038,2025-09-23,77
SKU038,2025-09-24,92
SKU038,2025-09-25,83
SKU038,2025-09-26,96
SKU038,2025-09-27,99
SKU038,2025-09-28,56
SKU038,2025-09-29,74
SKU038,2025-09-30,102
SKU039,2025-04-01,24
SKU039,2025-04-02,25
SKU039,2025-04-03,29
SKU039,2025-04-04,31
SKU039,2025-04-05,35
SKU039,2025-04-06,19
SKU039,2025-04-07,20
SKU039,2025-04-08,27
SKU039,2025-04-09,29
SKU039,2025-04-10,28
SKU039,2025-04-11,18
SKU039,2025-04-12,31
SKU039,2025-04-13,29
SKU039,2025-04-14,24
SKU039,2025-04-15,28
SKU039,2025-04-16,27
SKU039,2025-04-17,29
SKU039,2025-04-18,49
SKU039,2025-04-19,36
SKU039,2025-04-20,20
SKU039,2025-04-21,16
SKU039,2025-04-22,29
SKU039,2025-04-23,33
SKU039,2025-04-24,21
SKU039,2025-04-25,37
SKU039,2025-04-26,29
SKU039,2025-04-27,28
SKU039,2025-04-28,21
SKU039,2025-04-29,39
SKU039,2025-04-30,36
SKU039,2025-05-01,40
SKU039,2025-05-02,43
SKU039,2025-05-03,41
SKU039,2025-05-04,34
SKU039,2025-05-05,33
SKU039,2025-05-06,25
SKU039,2025-05-07,36
SKU039,2025-05-08,37
SKU039,2025-05-09,35
SKU039,2025-05-10,42
SKU039,2025-05-11,28
SKU039,2025-05-12,30
SKU039,2025-05-13,35
SKU039,2025-05-14,28
SKU039,2025-05-15,29
SKU039,2025-05-16,42
SKU039,2025-05-17,31
SKU039,2025-05-18,20
SKU039,2025-05-19,28
SKU039,2025-05-20,32
SKU039,2025-05-21,30
SKU039,2025-05-22,48
SKU039,2025-05-23,34
SKU039,2025-05-24,32
SKU039,2025-05-25,29
SKU039,2025-05-26,35
SKU039,2025-05-27,28
SKU039,2025-05-28,28
SKU039,2025-05-29,31
SKU039,2025-05-30,31
SKU039,2025-05-31,39
SKU039,2025-06-01,26
SKU039,2025-06-02,24
SKU039,2025-06-03,32
SKU039,2025-06-04,37
SKU039,2025-06-05,26
SKU039,2025-06-06,37
SKU039,2025-06-07,41
SKU039,2025-06-08,28
SKU039,2025-06-09,23
SKU039,2025-06-10,38
SKU039,2025-06-11,35
SKU039,2025-06-12,20
SKU039,2025-06-13,53
SKU039,2025-06-14,28
SKU039,2025-06-15,23
SKU039,2025-06-16,31
SKU039,2025-06-17,35
SKU039,2025-06-18,39
SKU039,2025-06-19,30
SKU039,2025-06-20,31
SKU039,2025-06-21,26
SKU039,2025-06-22,15
SKU039,2025-06-23,28
SKU039,2025-06-24,40
SKU039,2025-06-25,42
SKU039,2025-06-26,36
SKU039,2025-06-27,35
SKU039,2025-06-28,33
SKU039,2025-06-29,32
SKU039,2025-06-30,23
SKU039,2025-07-01,24
SKU039,2025-07-02,32
SKU039,2025-07-03,25
SKU039,2025-07-04,36
SKU039,2025-07-05,34
SKU039,2025-07-06,13
SKU039,2025-07-07,25
SKU039,2025-07-08,23
SKU039,2025-07-09,31
SKU039,2025-07-10,23
SKU039,2025-07-11,28
SKU039,2025-07-12,33
SKU039,2025-07-13,26
SKU039,2025-07-14,26
SKU039,2025-07-15,30
SKU039,2025-07-16,45
SKU039,2025-07-17,35
SKU039,2025-07-18,32
SKU039,2025-07-19,35
SKU039,2025-07-20,33
SKU039,2025-07-21,30
SKU039,2025-07-22,39
SKU039,2025-07-23,28
SKU039,2025-07-24,29
SKU039,2025-07-25,37
SKU039,2025-07-26,46
SKU039,2025-07-27,22
SKU039,2025-07-28,29
SKU039,2025-07-29,35
SKU039,2025-07-30,38
SKU039,2025-07-31,45
SKU039,2025-08-01,35
SKU039,2025-08-02,42
SKU039,2025-08-03,20
SKU039,2025-08-04,27
SKU039,2025-08-05,44
SKU039,2025-08-06,29
SKU039,2025-08-07,32
SKU039,2025-08-08,31
SKU039,2025-08-09,37
SKU039,2025-08-10,20
SKU039,2025-08-11,29
SKU039,2025-08-12,39
SKU039,2025-08-13,44
SKU039,2025-08-14,37
SKU039,2025-08-15,27
SKU039,2025-08-16,35
SKU039,2025-08-17,27
SKU039,2025-08-18,43
SKU039,2025-08-19,31
SKU039,2025-08-20,25
SKU039,2025-08-21,40
SKU039,2025-08-22,41
SKU039,2025-08-23,33
SKU039,2025-08-24,25
SKU039,2025-08-25,27
SKU039,2025-08-26,28
SKU039,2025-08-27,47
SKU039,2025-08-28,45
SKU039,2025-08-29,46
SKU039,2025-08-30,48
SKU039,2025-08-31,30
SKU039,2025-09-01,22
SKU039,2025-09-02,31
SKU039,2025-09-03,33
SKU039,2025-09-04,39
SKU039,2025-09-05,37
SKU039,2025-09-06,34
SKU039,2025-09-07,24
SKU039,2025-09-08,19
SKU039,2025-09-09,37
SKU039,2025-09-10,33
SKU039,2025-09-11,26
SKU039,2025-09-12,46
SKU039,2025-09-13,27
SKU039,2025-09-14,16
SKU039,2025-09-15,31
SKU039,2025-09-16,34
SKU039,2025-09-17,33
SKU039,2025-09-18,40
SKU039,2025-09-19,32
SKU039,2025-09-20,46
SKU039,2025-09-21,34
SKU039,2025-09-22,28
SKU039,2025-09-23,45
SKU039,2025-09-24,52
SKU039,2025-09-25,32
SKU039,2025-09-26,36
SKU039,2025-09-27,43
SKU039,2025-09-28,34
SKU039,2025-09-29,31
SKU039,2025-09-30,34
SKU040,2025-04-01,61
SKU040,2025-04-02,76
SKU040,2025-04-03,48
SKU040,2025-04-04,43
SKU040,2025-04-05,53
SKU040,2025-04-06,60
SKU040,2025-04-07,61
SKU040,2025-04-08,50
SKU040,2025-04-09,49
SKU040,2025-04-10,58
SKU040,2025-04-11,62
SKU040,2025-04-12,57
SKU040,2025-04-13,47
SKU040,2025-04-14,55
SKU040,2025-04-15,70
SKU040,2025-04-16,43
SKU040,2025-04-17,64
SKU040,2025-04-18,81
SKU040,2025-04-19,74
SKU040,2025-04-20,35
SKU040,2025-04-21,58
SKU040,2025-04-22,63
SKU040,2025-04-23,42
SKU040,2025-04-24,69
SKU040,2025-04-25,47
SKU040,2025-04-26,65
SKU040,2025-04-27,37
SKU040,2025-04-28,49
SKU040,2025-04-29,49
SKU040,2025-04-30,53
SKU040,2025-05-01,49
SKU040,2025-05-02,72
SKU040,2025-05-03,96
SKU040,2025-05-04,37
SKU040,2025-05-05,32
SKU040,2025-05-06,47
SKU040,2025-05-07,66
SKU040,2025-05-08,86
SKU040,2025-05-09,49
SKU040,2025-05-10,64
SKU040,2025-05-11,15
SKU040,2025-05-12,54
SKU040,2025-05-13,53
SKU040,2025-05-14,51
SKU040,2025-05-15,61
SKU040,2025-05-16,42
SKU040,2025-05-17,63
SKU040,2025-05-18,28
SKU040,2025-05-19,33
SKU040,2025-05-20,42
SKU040,2025-05-21,55
SKU040,2025-05-22,83
SKU040,2025-05-23,65
SKU040,2025-05-24,68
SKU040,2025-05-25,36
SKU040,2025-05-26,52
SKU040,2025-05-27,80
SKU040,2025-05-28,58
SKU040,2025-05-29,60
SKU040,2025-05-30,64
SKU040,2025-05-31,74
SKU040,2025-06-01,19
SKU040,2025-06-02,55
SKU040,2025-06-03,49
SKU040,2025-06-04,71
SKU040,2025-06-05,63
SKU040,2025-06-06,69
SKU040,2025-06-07,60
SKU040,2025-06-08,37
SKU040,2025-06-09,35
SKU040,2025-06-10,80
SKU040,2025-06-11,58
SKU040,2025-06-12,52
SKU040,2025-06-13,71
SKU040,2025-06-14,58
SKU040,2025-06-15,38
SKU040,2025-06-16,40
SKU040,2025-06-17,66
SKU040,2025-06-18,67
SKU040,2025-06-19,47
SKU040,2025-06-20,98
SKU040,2025-06-21,53
SKU040,2025-06-22,48
SKU040,2025-06-23,40
SKU040,2025-06-24,81
SKU040,2025-06-25,60
SKU040,2025-06-26,44
SKU040,2025-06-27,68
SKU040,2025-06-28,62
SKU040,2025-06-29,62
SKU040,2025-06-30,69
SKU040,2025-07-01,58
SKU040,2025-07-02,77
SKU040,2025-07-03,59
SKU040,2025-07-04,60
SKU040,2025-07-05,75
SKU040,2025-07-06,29
SKU040,2025-07-07,26
SKU040,2025-07-08,82
SKU040,2025-07-09,77
SKU040,2025-07-10,69
SKU040,2025-07-11,69
SKU040,2025-07-12,63
SKU040,2025-07-13,36
SKU040,2025-07-14,44
SKU040,2025-07-15,38
SKU040,2025-07-16,64
SKU040,2025-07-17,70
SKU040,2025-07-18,82
SKU040,2025-07-19,83
SKU040,2025-07-20,48
SKU040,2025-07-21,46
SKU040,2025-07-22,75
SKU040,2025-07-23,64
SKU040,2025-07-24,51
SKU040,2025-07-25,63
SKU040,2025-07-26,75
SKU040,2025-07-27,55
SKU040,2025-07-28,27
SKU040,2025-07-29,57
SKU040,2025-07-30,69
SKU040,2025-07-31,82
SKU040,2025-08-01,63
SKU040,2025-08-02,72
SKU040,2025-08-03,42
SKU040,2025-08-04,38
SKU040,2025-08-05,75
SKU040,2025-08-06,65
SKU040,2025-08-07,72
SKU040,2025-08-08,79
SKU040,2025-08-09,78
SKU040,2025-08-10,33
SKU040,2025-08-11,43
SKU040,2025-08-12,43
SKU040,2025-08-13,69
SKU040,2025-08-14,55
SKU040,2025-08-15,58
SKU040,2025-08-16,58
SKU040,2025-08-17,51
SKU040,2025-08-18,57
SKU040,2025-08-19,65
SKU040,2025-08-20,50
SKU040,2025-08-21,76
SKU040,2025-08-22,65
SKU040,2025-08-23,72
SKU040,2025-08-24,52
SKU040,2025-08-25,28
SKU040,2025-08-26,66
SKU040,2025-08-27,92
SKU040,2025-08-28,93
SKU040,2025-08-29,90
SKU040,2025-08-30,103
SKU040,2025-08-31,66
SKU040,2025-09-01,39
SKU040,2025-09-02,62
SKU040,2025-09-03,71
SKU040,2025-09-04,65
SKU040,2025-09-05,43
SKU040,2025-09-06,91
SKU040,2025-09-07,42
SKU040,2025-09-08,62
SKU040,2025-09-09,66
SKU040,2025-09-10,37
SKU040,2025-09-11,53
SKU040,2025-09-12,61
SKU040,2025-09-13,48
SKU040,2025-09-14,37
SKU040,2025-09-15,56
SKU040,2025-09-16,61
SKU040,2025-09-17,64
SKU040,2025-09-18,78
SKU040,2025-09-19,65
SKU040,2025-09-20,79
SKU040,2025-09-21,52
SKU040,2025-09-22,75
SKU040,2025-09-23,71
SKU040,2025-09-24,89
SKU040,2025-09-25,72
SKU040,2025-09-26,78
SKU040,2025-09-27,80
SKU040,2025-09-28,50
SKU040,2025-09-29,60
SKU040,2025-09-30,68
SKU041,2025-04-01,48
SKU041,2025-04-02,56
SKU041,2025-04-03,38
SKU041,2025-04-04,46
SKU041,2025-04-05,65
SKU041,2025-04-06,33
SKU041,2025-04-07,39
SKU041,2025-04-08,56
SKU041,2025-04-09,54
SKU041,2025-04-10,47
SKU041,2025-04-11,59
SKU041,2025-04-12,62
SKU041,2025-04-13,30
SKU041,2025-04-14,42
SKU041,2025-04-15,54
SKU041,2025-04-16,36
SKU041,2025-04-17,82
SKU041,2025-04-18,52
SKU041,2025-04-19,72
SKU041,2025-04-20,40
SKU041,2025-04-21,32
SKU041,2025-04-22,45
SKU041,2025-04-23,72
SKU041,2025-04-24,55
SKU041,2025-04-25,60
SKU041,2025-04-26,84
SKU041,2025-04-27,36
SKU041,2025-04-28,17
SKU041,2025-04-29,61
SKU041,2025-04-30,53
SKU041,2025-05-01,70
SKU041,2025-05-02,77
SKU041,2025-05-03,76
SKU041,2025-05-04,28
SKU041,2025-05-05,33
SKU041,2025-05-06,48
SKU041,2025-05-07,53
SKU041,2025-05-08,51
SKU041,2025-05-09,59
SKU041,2025-05-10,64
SKU041,2025-05-11,30
SKU041,2025-05-12,53
SKU041,2025-05-13,49
SKU041,2025-05-14,60
SKU041,2025-05-15,62
SKU041,2025-05-16,63
SKU041,2025-05-17,55
SKU041,2025-05-18,19
SKU041,2025-05-19,44
SKU041,2025-05-20,50
SKU041,2025-05-21,61
SKU041,2025-05-22,51
SKU041,2025-05-23,66
SKU041,2025-05-24,65
SKU041,2025-05-25,44
SKU041,2025-05-26,36
SKU041,2025-05-27,57
SKU041,2025-05-28,63
SKU041,2025-05-29,49
SKU041,2025-05-30,52
SKU041,2025-05-31,53
SKU041,2025-06-01,19
SKU041,2025-06-02,32
SKU041,2025-06-03,72
SKU041,2025-06-04,45
SKU041,2025-06-05,64
SKU041,2025-06-06,59
SKU041,2025-06-07,55
SKU041,2025-06-08,30
SKU041,2025-06-09,46
SKU041,2025-06-10,55
SKU041,2025-06-11,63
SKU041,2025-06-12,40
SKU041,2025-06-13,60
SKU041,2025-06-14,62
SKU041,2025-06-15,39
SKU041,2025-06-16,36
SKU041,2025-06-17,64
SKU041,2025-06-18,56
SKU041,2025-06-19,44
SKU041,2025-06-20,59
SKU041,2025-06-21,56
SKU041,2025-06-22,38
SKU041,2025-06-23,54
SKU041,2025-06-24,54
SKU041,2025-06-25,44
SKU041,2025-06-26,47
SKU041,2025-06-27,55
SKU041,2025-06-28,62
SKU041,2025-06-29,47
SKU041,2025-06-30,39
SKU041,2025-07-01,63
SKU041,2025-07-02,52
SKU041,2025-07-03,67
SKU041,2025-07-04,70
SKU041,2025-07-05,45
SKU041,2025-07-06,50
SKU041,2025-07-07,41
SKU041,2025-07-08,42
SKU041,2025-07-09,46
SKU041,2025-07-10,60
SKU041,2025-07-11,69
SKU041,2025-07-12,71
SKU041,2025-07-13,60
SKU041,2025-07-14,55
SKU041,2025-07-15,43
SKU041,2025-07-16,69
SKU041,2025-07-17,45
SKU041,2025-07-18,44
SKU041,2025-07-19,67
SKU041,2025-07-20,42
SKU041,2025-07-21,37
SKU041,2025-07-22,50
SKU041,2025-07-23,37
SKU041,2025-07-24,46
SKU041,2025-07-25,48
SKU041,2025-07-26,65
SKU041,2025-07-27,28
SKU041,2025-07-28,61
SKU041,2025-07-29,41
SKU041,2025-07-30,81
SKU041,2025-07-31,52
SKU041,2025-08-01,57
SKU041,2025-08-02,45
SKU041,2025-08-03,37
SKU041,2025-08-04,21
SKU041,2025-08-05,44
SKU041,2025-08-06,68
SKU041,2025-08-07,55
SKU041,2025-08-08,69
SKU041,2025-08-09,48
SKU041,2025-08-10,43
SKU041,2025-08-11,46
SKU041,2025-08-12,66
SKU041,2025-08-13,62
SKU041,2025-08-14,56
SKU041,2025-08-15,51
SKU041,2025-08-16,62
SKU041,2025-08-17,37
SKU041,2025-08-18,34
SKU041,2025-08-19,60
SKU041,2025-08-20,67
SKU041,2025-08-21,58
SKU041,2025-08-22,57
SKU041,2025-08-23,63
SKU041,2025-08-24,33
SKU041,2025-08-25,28
SKU041,2025-08-26,53
SKU041,2025-08-27,82
SKU041,2025-08-28,72
SKU041,2025-08-29,73
SKU041,2025-08-30,62
SKU041,2025-08-31,66
SKU041,2025-09-01,60
SKU041,2025-09-02,49
SKU041,2025-09-03,51
SKU041,2025-09-04,49
SKU041,2025-09-05,58
SKU041,2025-09-06,56
SKU041,2025-09-07,33
SKU041,2025-09-08,28
SKU041,2025-09-09,31
SKU041,2025-09-10,59
SKU041,2025-09-11,42
SKU041,2025-09-12,56
SKU041,2025-09-13,60
SKU041,2025-09-14,41
SKU041,2025-09-15,37
SKU041,2025-09-16,66
SKU041,2025-09-17,56
SKU041,2025-09-18,59
SKU041,2025-09-19,63
SKU041,2025-09-20,82
SKU041,2025-09-21,57
SKU041,2025-09-22,65
SKU041,2025-09-23,75
SKU041,2025-09-24,63
SKU041,2025-09-25,66
SKU041,2025-09-26,95
SKU041,2025-09-27,77
SKU041,2025-09-28,34
SKU041,2025-09-29,61
SKU041,2025-09-30,62
SKU042,2025-04-01,76
SKU042,2025-04-02,77
SKU042,2025-04-03,71
SKU042,2025-04-04,64
SKU042,2025-04-05,63
SKU042,2025-04-06,64
SKU042,2025-04-07,40
SKU042,2025-04-08,54
SKU042,2025-04-09,61
SKU042,2025-04-10,40
SKU042,2025-04-11,44
SKU042,2025-04-12,54
SKU042,2025-04-13,47
SKU042,2025-04-14,55
SKU042,2025-04-15,59
SKU042,2025-04-16,59
SKU042,2025-04-17,52
SKU042,2025-04-18,56
SKU042,2025-04-19,58
SKU042,2025-04-20,39
SKU042,2025-04-21,54
SKU042,2025-04-22,80
SKU042,2025-04-23,36
SKU042,2025-04-24,47
SKU042,2025-04-25,96
SKU042,2025-04-26,72
SKU042,2025-04-27,45
SKU042,2025-04-28,47
SKU042,2025-04-29,66
SKU042,2025-04-30,79
SKU042,2025-05-01,71
SKU042,2025-05-02,97
SKU042,2025-05-03,87
SKU042,2025-05-04,49
SKU042,2025-05-05,60
SKU042,2025-05-06,67
SKU042,2025-05-07,66
SKU042,2025-05-08,70
SKU042,2025-05-09,55
SKU042,2025-05-10,85
SKU042,2025-05-11,39
SKU042,2025-05-12,61
SKU042,2025-05-13,58
SKU042,2025-05-14,51
SKU042,2025-05-15,90
SKU042,2025-05-16,64
SKU042,2025-05-17,79
SKU042,2025-05-18,44
SKU042,2025-05-19,67
SKU042,2025-05-20,81
SKU042,2025-05-21,75
SKU042,2025-05-22,74
SKU042,2025-05-23,109
SKU042,2025-05-24,82
SKU042,2025-05-25,44
SKU042,2025-05-26,47
SKU042,2025-05-27,57
SKU042,2025-05-28,83
SKU042,2025-05-29,85
SKU042,2025-05-30,84
SKU042,2025-05-31,67
SKU042,2025-06-01,46
SKU042,2025-06-02,38
SKU042,2025-06-03,70
SKU042,2025-06-04,83
SKU042,2025-06-05,62
SKU042,2025-06-06,66
SKU042,2025-06-07,87
SKU042,2025-06-08,55
SKU042,2025-06-09,63
SKU042,2025-06-10,67
SKU042,2025-06-11,73
SKU042,2025-06-12,80
SKU042,2025-06-13,85
SKU042,2025-06-14,78
SKU042,2025-06-15,52
SKU042,2025-06-16,42
SKU042,2025-06-17,62
SKU042,2025-06-18,82
SKU042,2025-06-19,56
SKU042,2025-06-20,65
SKU042,2025-06-21,79
SKU042,2025-06-22,48
SKU042,2025-06-23,31
SKU042,2025-06-24,80
SKU042,2025-06-25,43
SKU042,2025-06-26,72
SKU042,2025-06-27,61
SKU042,2025-06-28,72
SKU042,2025-06-29,33
SKU042,2025-06-30,44
SKU042,2025-07-01,86
SKU042,2025-07-02,57
SKU042,2025-07-03,44
SKU042,2025-07-04,64
SKU042,2025-07-05,80
SKU042,2025-07-06,30
SKU042,2025-07-07,67
SKU042,2025-07-08,66
SKU042,2025-07-09,81
SKU042,2025-07-10,65
SKU042,2025-07-11,101
SKU042,2025-07-12,81
SKU042,2025-07-13,42
SKU042,2025-07-14,62
SKU042,2025-07-15,61
SKU042,2025-07-16,65
SKU042,2025-07-17,77
SKU042,2025-07-18,60
SKU042,2025-07-19,68
SKU042,2025-07-20,43
SKU042,2025-07-21,45
SKU042,2025-07-22,47
SKU042,2025-07-23,84
SKU042,2025-07-24,86
SKU042,2025-07-25,61
SKU042,2025-07-26,75
SKU042,2025-07-27,48
SKU042,2025-07-28,68
SKU042,2025-07-29,70
SKU042,2025-07-30,83
SKU042,2025-07-31,64
SKU042,2025-08-01,61
SKU042,2025-08-02,58
SKU042,2025-08-03,51
SKU042,2025-08-04,28
SKU042,2025-08-05,51
SKU042,2025-08-06,78
SKU042,2025-08-07,55
SKU042,2025-08-08,101
SKU042,2025-08-09,66
SKU042,2025-08-10,48
SKU042,2025-08-11,58
SKU042,2025-08-12,69
SKU042,2025-08-13,65
SKU042,2025-08-14,57
SKU042,2025-08-15,52
SKU042,2025-08-16,61
SKU042,2025-08-17,66
SKU042,2025-08-18,53
SKU042,2025-08-19,49
SKU042,2025-08-20,61
SKU042,2025-08-21,64
SKU042,2025-08-22,91
SKU042,2025-08-23,56
SKU042,2025-08-24,37
SKU042,2025-08-25,40
SKU042,2025-08-26,43
SKU042,2025-08-27,86
SKU042,2025-08-28,81
SKU042,2025-08-29,93
SKU042,2025-08-30,96
SKU042,2025-08-31,81
SKU042,2025-09-01,31
SKU042,2025-09-02,68
SKU042,2025-09-03,93
SKU042,2025-09-04,63
SKU042,2025-09-05,75
SKU042,2025-09-06,84
SKU042,2025-09-07,58
SKU042,2025-09-08,38
SKU042,2025-09-09,67
SKU042,2025-09-10,70
SKU042,2025-09-11,85
SKU042,2025-09-12,84
SKU042,2025-09-13,64
SKU042,2025-09-14,58
SKU042,2025-09-15,90
SKU042,2025-09-16,76
SKU042,2025-09-17,62
SKU042,2025-09-18,109
SKU042,2025-09-19,70
SKU042,2025-09-20,81
SKU042,2025-09-21,52
SKU042,2025-09-22,57
SKU042,2025-09-23,98
SKU042,2025-09-24,97
SKU042,2025-09-25,77
SKU042,2025-09-26,65
SKU042,2025-09-27,97
SKU042,2025-09-28,46
SKU042,2025-09-29,52
SKU042,2025-09-30,66
SKU043,2025-04-01,39
SKU043,2025-04-02,35
SKU043,2025-04-03,27
SKU043,2025-04-04,53
SKU043,2025-04-05,38
SKU043,2025-04-06,14
SKU043,2025-04-07,29
SKU043,2025-04-08,35
SKU043,2025-04-09,51
SKU043,2025-04-10,32
SKU043,2025-04-11,52
SKU043,2025-04-12,37
SKU043,2025-04-13,28
SKU043,2025-04-14,20
SKU043,2025-04-15,37
SKU043,2025-04-16,37
SKU043,2025-04-17,40
SKU043,2025-04-18,40
SKU043,2025-04-19,31
SKU043,2025-04-20,36
SKU043,2025-04-21,39
SKU043,2025-04-22,54
SKU043,2025-04-23,40
SKU043,2025-04-24,39
SKU043,2025-04-25,37
SKU043,2025-04-26,43
SKU043,2025-04-27,40
SKU043,2025-04-28,24
SKU043,2025-04-29,52
SKU043,2025-04-30,48
SKU043,2025-05-01,47
SKU043,2025-05-02,55
SKU043,2025-05-03,58
SKU043,2025-05-04,30
SKU043,2025-05-05,31
SKU043,2025-05-06,44
SKU043,2025-05-07,47
SKU043,2025-05-08,48
SKU043,2025-05-09,44
SKU043,2025-05-10,64
SKU043,2025-05-11,19
SKU043,2025-05-12,37
SKU043,2025-05-13,21
SKU043,2025-05-14,19
SKU043,2025-05-15,37
SKU043,2025-05-16,53
SKU043,2025-05-17,50
SKU043,2025-05-18,40
SKU043,2025-05-19,37
SKU043,2025-05-20,39
SKU043,2025-05-21,38
SKU043,2025-05-22,38
SKU043,2025-05-23,34
SKU043,2025-05-24,49
SKU043,2025-05-25,27
SKU043,2025-05-26,36
SKU043,2025-05-27,40
SKU043,2025-05-28,48
SKU043,2025-05-29,33
SKU043,2025-05-30,30
SKU043,2025-05-31,39
SKU043,2025-06-01,31
SKU043,2025-06-02,19
SKU043,2025-06-03,35
SKU043,2025-06-04,40
SKU043,2025-06-05,48
SKU043,2025-06-06,51
SKU043,2025-06-07,50
SKU043,2025-06-08,24
SKU043,2025-06-09,25
SKU043,2025-06-10,43
SKU043,2025-06-11,43
SKU043,2025-06-12,45
SKU043,2025-06-13,45
SKU043,2025-06-14,54
SKU043,2025-06-15,20
SKU043,2025-06-16,29
SKU043,2025-06-17,33
SKU043,2025-06-18,44
SKU043,2025-06-19,31
SKU043,2025-06-20,49
SKU043,2025-06-21,50
SKU043,2025-06-22,15
SKU043,2025-06-23,27
SKU043,2025-06-24,43
SKU043,2025-06-25,53
SKU043,2025-06-26,43
SKU043,2025-06-27,29
SKU043,2025-06-28,53
SKU043,2025-06-29,35
SKU043,2025-06-30,51
SKU043,2025-07-01,38
SKU043,2025-07-02,53
SKU043,2025-07-03,35
SKU043,2025-07-04,35
SKU043,2025-07-05,45
SKU043,2025-07-06,31
SKU043,2025-07-07,48
SKU043,2025-07-08,42
SKU043,2025-07-09,47
SKU043,2025-07-10,41
SKU043,2025-07-11,44
SKU043,2025-07-12,42
SKU043,2025-07-13,36
SKU043,2025-07-14,32
SKU043,2025-07-15,42
SKU043,2025-07-16,29
SKU043,2025-07-17,22
SKU043,2025-07-18,46
SKU043,2025-07-19,49
SKU043,2025-07-20,27
SKU043,2025-07-21,31
SKU043,2025-07-22,37
SKU043,2025-07-23,50
SKU043,2025-07-24,51
SKU043,2025-07-25,46
SKU043,2025-07-26,59
SKU043,2025-07-27,32
SKU043,2025-07-28,37
SKU043,2025-07-29,56
SKU043,2025-07-30,46
SKU043,2025-07-31,36
SKU043,2025-08-01,53
SKU043,2025-08-02,40
SKU043,2025-08-03,35
SKU043,2025-08-04,41
SKU043,2025-08-05,42
SKU043,2025-08-06,40
SKU043,2025-08-07,47
SKU043,2025-08-08,34
SKU043,2025-08-09,49
SKU043,2025-08-10,19
SKU043,2025-08-11,21
SKU043,2025-08-12,29
SKU043,2025-08-13,44
SKU043,2025-08-14,35
SKU043,2025-08-15,49
SKU043,2025-08-16,34
SKU043,2025-08-17,33
SKU043,2025-08-18,27
SKU043,2025-08-19,44
SKU043,2025-08-20,56
SKU043,2025-08-21,36
SKU043,2025-08-22,43
SKU043,2025-08-23,43
SKU043,2025-08-24,30
SKU043,2025-08-25,18
SKU043,2025-08-26,38
SKU043,2025-08-27,55
SKU043,2025-08-28,50
SKU043,2025-08-29,65
SKU043,2025-08-30,61
SKU043,2025-08-31,41
SKU043,2025-09-01,36
SKU043,2025-09-02,34
SKU043,2025-09-03,43
SKU043,2025-09-04,41
SKU043,2025-09-05,39
SKU043,2025-09-06,46
SKU043,2025-09-07,17
SKU043,2025-09-08,43
SKU043,2025-09-09,39
SKU043,2025-09-10,53
SKU043,2025-09-11,36
SKU043,2025-09-12,36
SKU043,2025-09-13,62
SKU043,2025-09-14,25
SKU043,2025-09-15,23
SKU043,2025-09-16,46
SKU043,2025-09-17,50
SKU043,2025-09-18,39
SKU043,2025-09-19,48
SKU043,2025-09-20,47
SKU043,2025-09-21,38
SKU043,2025-09-22,38
SKU043,2025-09-23,60
SKU043,2025-09-24,63
SKU043,2025-09-25,51
SKU043,2025-09-26,57
SKU043,2025-09-27,64
SKU043,2025-09-28,33
SKU043,2025-09-29,43
SKU043,2025-09-30,40
SKU044,2025-04-01,16
SKU044,2025-04-02,17
SKU044,2025-04-03,13
SKU044,2025-04-04,16
SKU044,2025-04-05,20
SKU044,2025-04-06,18
SKU044,2025-04-07,16
SKU044,2025-04-08,10
SKU044,2025-04-09,21
SKU044,2025-04-10,19
SKU044,2025-04-11,16
SKU044,2025-04-12,20
SKU044,2025-04-13,7
SKU044,2025-04-14,14
SKU044,2025-04-15,23
SKU044,2025-04-16,18
SKU044,2025-04-17,15
SKU044,2025-04-18,22
SKU044,2025-04-19,19
SKU044,2025-04-20,11
SKU044,2025-04-21,9
SKU044,2025-04-22,15
SKU044,2025-04-23,19
SKU044,2025-04-24,16
SKU044,2025-04-25,20
SKU044,2025-04-26,16
SKU044,2025-04-27,17
SKU044,2025-04-28,16
SKU044,2025-04-29,21
SKU044,2025-04-30,23
SKU044,2025-05-01,34
SKU044,2025-05-02,30
SKU044,2025-05-03,31
SKU044,2025-05-04,11
SKU044,2025-05-05,22
SKU044,2025-05-06,19
SKU044,2025-05-07,21
SKU044,2025-05-08,22
SKU044,2025-05-09,25
SKU044,2025-05-10,25
SKU044,2025-05-11,21
SKU044,2025-05-12,13
SKU044,2025-05-13,18
SKU044,2025-05-14,24
SKU044,2025-05-15,18
SKU044,2025-05-16,26
SKU044,2025-05-17,22
SKU044,2025-05-18,11
SKU044,2025-05-19,19
SKU044,2025-05-20,18
SKU044,2025-05-21,17
SKU044,2025-05-22,13
SKU044,2025-05-23,20
SKU044,2025-05-24,14
SKU044,2025-05-25,10
SKU044,2025-05-26,25
SKU044,2025-05-27,21
SKU044,2025-05-28,14
SKU044,2025-05-29,15
SKU044,2025-05-30,24
SKU044,2025-05-31,25
SKU044,2025-06-01,18
SKU044,2025-06-02,19
SKU044,2025-06-03,17
SKU044,2025-06-04,21
SKU044,2025-06-05,20
SKU044,2025-06-06,21
SKU044,2025-06-07,20
SKU044,2025-06-08,12
SKU044,2025-06-09,10
SKU044,2025-06-10,17
SKU044,2025-06-11,14
SKU044,2025-06-12,20
SKU044,2025-06-13,25
SKU044,2025-06-14,24
SKU044,2025-06-15,17
SKU044,2025-06-16,16
SKU044,2025-06-17,26
SKU044,2025-06-18,19
SKU044,2025-06-19,19
SKU044,2025-06-20,28
SKU044,2025-06-21,25
SKU044,2025-06-22,12
SKU044,2025-06-23,19
SKU044,2025-06-24,16
SKU044,2025-06-25,26
SKU044,2025-06-26,16
SKU044,2025-06-27,23
SKU044,2025-06-28,24
SKU044,2025-06-29,12
SKU044,2025-06-30,20
SKU044,2025-07-01,22
SKU044,2025-07-02,8
SKU044,2025-07-03,21
SKU044,2025-07-04,21
SKU044,2025-07-05,20
SKU044,2025-07-06,12
SKU044,2025-07-07,12
SKU044,2025-07-08,25
SKU044,2025-07-09,18
SKU044,2025-07-10,17
SKU044,2025-07-11,21
SKU044,2025-07-12,24
SKU044,2025-07-13,6
SKU044,2025-07-14,23
SKU044,2025-07-15,28
SKU044,2025-07-16,21
SKU044,2025-07-17,26
SKU044,2025-07-18,24
SKU044,2025-07-19,29
SKU044,2025-07-20,12
SKU044,2025-07-21,20
SKU044,2025-07-22,23
SKU044,2025-07-23,18
SKU044,2025-07-24,22
SKU044,2025-07-25,24
SKU044,2025-07-26,20
SKU044,2025-07-27,12
SKU044,2025-07-28,18
SKU044,2025-07-29,27
SKU044,2025-07-30,23
SKU044,2025-07-31,17
SKU044,2025-08-01,23
SKU044,2025-08-02,19
SKU044,2025-08-03,7
SKU044,2025-08-04,15
SKU044,2025-08-05,17
SKU044,2025-08-06,24
SKU044,2025-08-07,19
SKU044,2025-08-08,21
SKU044,2025-08-09,25
SKU044,2025-08-10,6
SKU044,2025-08-11,18
SKU044,2025-08-12,29
SKU044,2025-08-13,18
SKU044,2025-08-14,25
SKU044,2025-08-15,16
SKU044,2025-08-16,23
SKU044,2025-08-17,10
SKU044,2025-08-18,15
SKU044,2025-08-19,20
SKU044,2025-08-20,18
SKU044,2025-08-21,20
SKU044,2025-08-22,24
SKU044,2025-08-23,24
SKU044,2025-08-24,10
SKU044,2025-08-25,20
SKU044,2025-08-26,15
SKU044,2025-08-27,29
SKU044,2025-08-28,28
SKU044,2025-08-29,34
SKU044,2025-08-30,39
SKU044,2025-08-31,27
SKU044,2025-09-01,17
SKU044,2025-09-02,23
SKU044,2025-09-03,26
SKU044,2025-09-04,21
SKU044,2025-09-05,22
SKU044,2025-09-06,21
SKU044,2025-09-07,11
SKU044,2025-09-08,15
SKU044,2025-09-09,17
SKU044,2025-09-10,19
SKU044,2025-09-11,14
SKU044,2025-09-12,20
SKU044,2025-09-13,24
SKU044,2025-09-14,13
SKU044,2025-09-15,18
SKU044,2025-09-16,27
SKU044,2025-09-17,33
SKU044,2025-09-18,35
SKU044,2025-09-19,27
SKU044,2025-09-20,28
SKU044,2025-09-21,27
SKU044,2025-09-22,13
SKU044,2025-09-23,29
SKU044,2025-09-24,25
SKU044,2025-09-25,27
SKU044,2025-09-26,33
SKU044,2025-09-27,30
SKU044,2025-09-28,21
SKU044,2025-09-29,21
SKU044,2025-09-30,25
SKU045,2025-04-01,90
SKU045,2025-04-02,72
SKU045,2025-04-03,76
SKU045,2025-04-04,90
SKU045,2025-04-05,83
SKU045,2025-04-06,56
SKU045,2025-04-07,66
SKU045,2025-04-08,61
SKU045,2025-04-09,64
SKU045,2025-04-10,59
SKU045,2025-04-11,97
SKU045,2025-04-12,99
SKU045,2025-04-13,33
SKU045,2025-04-14,55
SKU045,2025-04-15,61
SKU045,2025-04-16,45
SKU045,2025-04-17,86
SKU045,2025-04-18,86
SKU045,2025-04-19,108
SKU045,2025-04-20,31
SKU045,2025-04-21,56
SKU045,2025-04-22,45
SKU045,2025-04-23,68
SKU045,2025-04-24,74
SKU045,2025-04-25,76
SKU045,2025-04-26,103
SKU045,2025-04-27,48
SKU045,2025-04-28,92
SKU045,2025-04-29,61
SKU045,2025-04-30,93
SKU045,2025-05-01,86
SKU045,2025-05-02,131
SKU045,2025-05-03,133
SKU045,2025-05-04,66
SKU045,2025-05-05,75
SKU045,2025-05-06,83
SKU045,2025-05-07,91
SKU045,2025-05-08,84
SKU045,2025-05-09,100
SKU045,2025-05-10,85
SKU045,2025-05-11,65
SKU045,2025-05-12,82
SKU045,2025-05-13,86
SKU045,2025-05-14,95
SKU045,2025-05-15,98
SKU045,2025-05-16,89
SKU045,2025-05-17,110
SKU045,2025-05-18,57
SKU045,2025-05-19,65
SKU045,2025-05-20,82
SKU045,2025-05-21,109
SKU045,2025-05-22,68
SKU045,2025-05-23,104
SKU045,2025-05-24,117
SKU045,2025-05-25,49
SKU045,2025-05-26,92
SKU045,2025-05-27,68
SKU045,2025-05-28,116
SKU045,2025-05-29,82
SKU045,2025-05-30,104
SKU045,2025-05-31,137
SKU045,2025-06-01,46
SKU045,2025-06-02,52
SKU045,2025-06-03,76
SKU045,2025-06-04,75
SKU045,2025-06-05,99
SKU045,2025-06-06,67
SKU045,2025-06-07,130
SKU045,2025-06-08,30
SKU045,2025-06-09,38
SKU045,2025-06-10,80
SKU045,2025-06-11,82
SKU045,2025-06-12,66
SKU045,2025-06-13,90
SKU045,2025-06-14,116
SKU045,2025-06-15,93
SKU045,2025-06-16,63
SKU045,2025-06-17,94
SKU045,2025-06-18,98
SKU045,2025-06-19,112
SKU045,2025-06-20,92
SKU045,2025-06-21,77
SKU045,2025-06-22,81
SKU045,2025-06-23,41
SKU045,2025-06-24,95
SKU045,2025-06-25,104
SKU045,2025-06-26,68
SKU045,2025-06-27,80
SKU045,2025-06-28,80
SKU045,2025-06-29,78
SKU045,2025-06-30,83
SKU045,2025-07-01,101
SKU045,2025-07-02,98
SKU045,2025-07-03,83
SKU045,2025-07-04,81
SKU045,2025-07-05,87
SKU045,2025-07-06,43
SKU045,2025-07-07,50
SKU045,2025-07-08,117
SKU045,2025-07-09,106
SKU045,2025-07-10,77
SKU045,2025-07-11,80
SKU045,2025-07-12,108
SKU045,2025-07-13,47
SKU045,2025-07-14,61
SKU045,2025-07-15,88
SKU045,2025-07-16,93
SKU045,2025-07-17,108
SKU045,2025-07-18,76
SKU045,2025-07-19,103
SKU045,2025-07-20,73
SKU045,2025-07-21,52
SKU045,2025-07-22,74
SKU045,2025-07-23,78
SKU045,2025-07-24,112
SKU045,2025-07-25,65
SKU045,2025-07-26,129
SKU045,2025-07-27,65
SKU045,2025-07-28,55
SKU045,2025-07-29,84
SKU045,2025-07-30,74
SKU045,2025-07-31,89
SKU045,2025-08-01,87
SKU045,2025-08-02,71
SKU045,2025-08-03,67
SKU045,2025-08-04,83
SKU045,2025-08-05,142
SKU045,2025-08-06,104
SKU045,2025-08-07,71
SKU045,2025-08-08,96
SKU045,2025-08-09,69
SKU045,2025-08-10,53
SKU045,2025-08-11,31
SKU045,2025-08-12,103
SKU045,2025-08-13,79
SKU045,2025-08-14,94
SKU045,2025-08-15,100
SKU045,2025-08-16,97
SKU045,2025-08-17,69
SKU045,2025-08-18,46
SKU045,2025-08-19,103
SKU045,2025-08-20,95
SKU045,2025-08-21,83
SKU045,2025-08-22,52
SKU045,2025-08-23,92
SKU045,2025-08-24,72
SKU045,2025-08-25,55
SKU045,2025-08-26,89
SKU045,2025-08-27,106
SKU045,2025-08-28,126
SKU045,2025-08-29,137
SKU045,2025-08-30,88
SKU045,2025-08-31,70
SKU045,2025-09-01,51
SKU045,2025-09-02,45
SKU045,2025-09-03,101
SKU045,2025-09-04,76
SKU045,2025-09-05,65
SKU045,2025-09-06,103
SKU045,2025-09-07,74
SKU045,2025-09-08,76
SKU045,2025-09-09,80
SKU045,2025-09-10,77
SKU045,2025-09-11,79
SKU045,2025-09-12,92
SKU045,2025-09-13,95
SKU045,2025-09-14,48
SKU045,2025-09-15,87
SKU045,2025-09-16,104
SKU045,2025-09-17,81
SKU045,2025-09-18,103
SKU045,2025-09-19,129
SKU045,2025-09-20,127
SKU045,2025-09-21,54
SKU045,2025-09-22,68
SKU045,2025-09-23,89
SKU045,2025-09-24,119
SKU045,2025-09-25,116
SKU045,2025-09-26,129
SKU045,2025-09-27,115
SKU045,2025-09-28,82
SKU045,2025-09-29,52
SKU045,2025-09-30,105
SKU046,2025-04-01,16
SKU046,2025-04-02,27
SKU046,2025-04-03,29
SKU046,2025-04-04,18
SKU046,2025-04-05,12
SKU046,2025-04-06,13
SKU046,2025-04-07,19
SKU046,2025-04-08,21
SKU046,2025-04-09,43
SKU046,2025-04-10,30
SKU046,2025-04-11,20
SKU046,2025-04-12,36
SKU046,2025-04-13,22
SKU046,2025-04-14,19
SKU046,2025-04-15,27
SKU046,2025-04-16,24
SKU046,2025-04-17,26
SKU046,2025-04-18,22
SKU046,2025-04-19,28
SKU046,2025-04-20,25
SKU046,2025-04-21,23
SKU046,2025-04-22,27
SKU046,2025-04-23,27
SKU046,2025-04-24,15
SKU046,2025-04-25,26
SKU046,2025-04-26,30
SKU046,2025-04-27,23
SKU046,2025-04-28,28
SKU046,2025-04-29,29
SKU046,2025-04-30,30
SKU046,2025-05-01,30
SKU046,2025-05-02,32
SKU046,2025-05-03,41
SKU046,2025-05-04,20
SKU046,2025-05-05,21
SKU046,2025-05-06,24
SKU046,2025-05-07,27
SKU046,2025-05-08,27
SKU046,2025-05-09,22
SKU046,2025-05-10,37
SKU046,2025-05-11,19
SKU046,2025-05-12,13
SKU046,2025-05-13,33
SKU046,2025-05-14,31
SKU046,2025-05-15,24
SKU046,2025-05-16,29
SKU046,2025-05-17,26
SKU046,2025-05-18,15
SKU046,2025-05-19,22
SKU046,2025-05-20,31
SKU046,2025-05-21,29
SKU046,2025-05-22,25
SKU046,2025-05-23,31
SKU046,2025-05-24,20
SKU046,2025-05-25,26
SKU046,2025-05-26,22
SKU046,2025-05-27,32
SKU046,2025-05-28,26
SKU046,2025-05-29,22
SKU046,2025-05-30,25
SKU046,2025-05-31,38
SKU046,2025-06-01,18
SKU046,2025-06-02,14
SKU046,2025-06-03,28
SKU046,2025-06-04,30
SKU046,2025-06-05,27
SKU046,2025-06-06,36
SKU046,2025-06-07,40
SKU046,2025-06-08,23
SKU046,2025-06-09,15
SKU046,2025-06-10,35
SKU046,2025-06-11,24
SKU046,2025-06-12,26
SKU046,2025-06-13,28
SKU046,2025-06-14,27
SKU046,2025-06-15,21
SKU046,2025-06-16,27
SKU046,2025-06-17,28
SKU046,2025-06-18,33
SKU046,2025-06-19,38
SKU046,2025-06-20,28
SKU046,2025-06-21,32
SKU046,2025-06-22,25
SKU046,2025-06-23,16
SKU046,2025-06-24,25
SKU046,2025-06-25,23
SKU046,2025-06-26,30
SKU046,2025-06-27,26
SKU046,2025-06-28,27
SKU046,2025-06-29,23
SKU046,2025-06-30,19
SKU046,2025-07-01,29
SKU046,2025-07-02,25
SKU046,2025-07-03,20
SKU046,2025-07-04,19
SKU046,2025-07-05,21
SKU046,2025-07-06,11
SKU046,2025-07-07,19
SKU046,2025-07-08,31
SKU046,2025-07-09,30
SKU046,2025-07-10,22
SKU046,2025-07-11,24
SKU046,2025-07-12,33
SKU046,2025-07-13,19
SKU046,2025-07-14,15
SKU046,2025-07-15,27
SKU046,2025-07-16,33
SKU046,2025-07-17,38
SKU046,2025-07-18,33
SKU046,2025-07-19,23
SKU046,2025-07-20,21
SKU046,2025-07-21,24
SKU046,2025-07-22,25
SKU046,2025-07-23,26
SKU046,2025-07-24,20
SKU046,2025-07-25,36
SKU046,2025-07-26,25
SKU046,2025-07-27,27
SKU046,2025-07-28,21
SKU046,2025-07-29,28
SKU046,2025-07-30,30
SKU046,2025-07-31,25
SKU046,2025-08-01,31
SKU046,2025-08-02,33
SKU046,2025-08-03,25
SKU046,2025-08-04,26
SKU046,2025-08-05,19
SKU046,2025-08-06,21
SKU046,2025-08-07,26
SKU046,2025-08-08,31
SKU046,2025-08-09,28
SKU046,2025-08-10,18
SKU046,2025-08-11,26
SKU046,2025-08-12,23
SKU046,2025-08-13,26
SKU046,2025-08-14,28
SKU046,2025-08-15,26
SKU046,2025-08-16,23
SKU046,2025-08-17,15
SKU046,2025-08-18,25
SKU046,2025-08-19,25
SKU046,2025-08-20,29
SKU046,2025-08-21,34
SKU046,2025-08-22,32
SKU046,2025-08-23,24
SKU046,2025-08-24,14
SKU046,2025-08-25,25
SKU046,2025-08-26,25
SKU046,2025-08-27,44
SKU046,2025-08-28,39
SKU046,2025-08-29,35
SKU046,2025-08-30,39
SKU046,2025-08-31,25
SKU046,2025-09-01,16
SKU046,2025-09-02,30
SKU046,2025-09-03,33
SKU046,2025-09-04,16
SKU046,2025-09-05,35
SKU046,2025-09-06,36
SKU046,2025-09-07,22
SKU046,2025-09-08,17
SKU046,2025-09-09,24
SKU046,2025-09-10,24
SKU046,2025-09-11,29
SKU046,2025-09-12,25
SKU046,2025-09-13,27
SKU046,2025-09-14,12
SKU046,2025-09-15,27
SKU046,2025-09-16,35
SKU046,2025-09-17,37
SKU046,2025-09-18,34
SKU046,2025-09-19,35
SKU046,2025-09-20,21
SKU046,2025-09-21,20
SKU046,2025-09-22,23
SKU046,2025-09-23,46
SKU046,2025-09-24,26
SKU046,2025-09-25,36
SKU046,2025-09-26,36
SKU046,2025-09-27,41
SKU046,2025-09-28,21
SKU046,2025-09-29,24
SKU046,2025-09-30,37
SKU047,2025-04-01,46
SKU047,2025-04-02,48
SKU047,2025-04-03,32
SKU047,2025-04-04,49
SKU047,2025-04-05,40
SKU047,2025-04-06,57
SKU047,2025-04-07,34
SKU047,2025-04-08,55
SKU047,2025-04-09,51
SKU047,2025-04-10,40
SKU047,2025-04-11,51
SKU047,2025-04-12,55
SKU047,2025-04-13,38
SKU047,2025-04-14,47
SKU047,2025-04-15,29
SKU047,2025-04-16,47
SKU047,2025-04-17,58
SKU047,2025-04-18,51
SKU047,2025-04-19,53
SKU047,2025-04-20,42
SKU047,2025-04-21,28
SKU047,2025-04-22,64
SKU047,2025-04-23,44
SKU047,2025-04-24,43
SKU047,2025-04-25,40
SKU047,2025-04-26,57
SKU047,2025-04-27,44
SKU047,2025-04-28,46
SKU047,2025-04-29,66
SKU047,2025-04-30,51
SKU047,2025-05-01,52
SKU047,2025-05-02,68
SKU047,2025-05-03,58
SKU047,2025-05-04,39
SKU047,2025-05-05,49
SKU047,2025-05-06,43
SKU047,2025-05-07,56
SKU047,2025-05-08,52
SKU047,2025-05-09,57
SKU047,2025-05-10,50
SKU047,2025-05-11,38
SKU047,2025-05-12,43
SKU047,2025-05-13,53
SKU047,2025-05-14,53
SKU047,2025-05-15,47
SKU047,2025-05-16,59
SKU047,2025-05-17,53
SKU047,2025-05-18,31
SKU047,2025-05-19,22
SKU047,2025-05-20,49
SKU047,2025-05-21,46
SKU047,2025-05-22,52
SKU047,2025-05-23,35
SKU047,2025-05-24,40
SKU047,2025-05-25,27
SKU047,2025-05-26,24
SKU047,2025-05-27,55
SKU047,2025-05-28,48
SKU047,2025-05-29,36
SKU047,2025-05-30,51
SKU047,2025-05-31,48
SKU047,2025-06-01,42
SKU047,2025-06-02,43
SKU047,2025-06-03,40
SKU047,2025-06-04,37
SKU047,2025-06-05,48
SKU047,2025-06-06,58
SKU047,2025-06-07,72
SKU047,2025-06-08,36
SKU047,2025-06-09,39
SKU047,2025-06-10,56
SKU047,2025-06-11,56
SKU047,2025-06-12,59
SKU047,2025-06-13,61
SKU047,2025-06-14,62
SKU047,2025-06-15,47
SKU047,2025-06-16,35
SKU047,2025-06-17,55
SKU047,2025-06-18,57
SKU047,2025-06-19,36
SKU047,2025-06-20,56
SKU047,2025-06-21,49
SKU047,2025-06-22,26
SKU047,2025-06-23,40
SKU047,2025-06-24,68
SKU047,2025-06-25,63
SKU047,2025-06-26,56
SKU047,2025-06-27,58
SKU047,2025-06-28,37
SKU047,2025-06-29,34
SKU047,2025-06-30,40
SKU047,2025-07-01,50
SKU047,2025-07-02,63
SKU047,2025-07-03,54
SKU047,2025-07-04,61
SKU047,2025-07-05,48
SKU047,2025-07-06,42
SKU047,2025-07-07,49
SKU047,2025-07-08,50
SKU047,2025-07-09,48
SKU047,2025-07-10,57
SKU047,2025-07-11,49
SKU047,2025-07-12,68
SKU047,2025-07-13,36
SKU047,2025-07-14,49
SKU047,2025-07-15,44
SKU047,2025-07-16,46
SKU047,2025-07-17,36
SKU047,2025-07-18,48
SKU047,2025-07-19,80
SKU047,2025-07-20,33
SKU047,2025-07-21,42
SKU047,2025-07-22,58
SKU047,2025-07-23,67
SKU047,2025-07-24,57
SKU047,2025-07-25,48
SKU047,2025-07-26,67
SKU047,2025-07-27,46
SKU047,2025-07-28,39
SKU047,2025-07-29,60
SKU047,2025-07-30,66
SKU047,2025-07-31,57
SKU047,2025-08-01,53
SKU047,2025-08-02,56
SKU047,2025-08-03,33
SKU047,2025-08-04,45
SKU047,2025-08-05,42
SKU047,2025-08-06,56
SKU047,2025-08-07,60
SKU047,2025-08-08,52
SKU047,2025-08-09,46
SKU047,2025-08-10,44
SKU047,2025-08-11,35
SKU047,2025-08-12,44
SKU047,2025-08-13,53
SKU047,2025-08-14,44
SKU047,2025-08-15,67
SKU047,2025-08-16,64
SKU047,2025-08-17,18
SKU047,2025-08-18,28
SKU047,2025-08-19,46
SKU047,2025-08-20,46
SKU047,2025-08-21,60
SKU047,2025-08-22,56
SKU047,2025-08-23,70
SKU047,2025-08-24,41
SKU047,2025-08-25,50
SKU047,2025-08-26,36
SKU047,2025-08-27,82
SKU047,2025-08-28,82
SKU047,2025-08-29,52
SKU047,2025-08-30,91
SKU047,2025-08-31,58
SKU047,2025-09-01,37
SKU047,2025-09-02,42
SKU047,2025-09-03,59
SKU047,2025-09-04,43
SKU047,2025-09-05,57
SKU047,2025-09-06,59
SKU047,2025-09-07,39
SKU047,2025-09-08,28
SKU047,2025-09-09,50
SKU047,2025-09-10,72
SKU047,2025-09-11,55
SKU047,2025-09-12,42
SKU047,2025-09-13,46
SKU047,2025-09-14,31
SKU047,2025-09-15,41
SKU047,2025-09-16,62
SKU047,2025-09-17,75
SKU047,2025-09-18,54
SKU047,2025-09-19,68
SKU047,2025-09-20,74
SKU047,2025-09-21,34
SKU047,2025-09-22,54
SKU047,2025-09-23,50
SKU047,2025-09-24,61
SKU047,2025-09-25,81
SKU047,2025-09-26,70
SKU047,2025-09-27,69
SKU047,2025-09-28,48
SKU047,2025-09-29,45
SKU047,2025-09-30,73
SKU048,2025-04-01,46
SKU048,2025-04-02,36
SKU048,2025-04-03,27
SKU048,2025-04-04,25
SKU048,2025-04-05,49
SKU048,2025-04-06,39
SKU048,2025-04-07,37
SKU048,2025-04-08,36
SKU048,2025-04-09,53
SKU048,2025-04-10,49
SKU048,2025-04-11,53
SKU048,2025-04-12,53
SKU048,2025-04-13,26
SKU048,2025-04-14,48
SKU048,2025-04-15,46
SKU048,2025-04-16,60
SKU048,2025-04-17,49
SKU048,2025-04-18,60
SKU048,2025-04-19,45
SKU048,2025-04-20,15
SKU048,2025-04-21,44
SKU048,2025-04-22,53
SKU048,2025-04-23,39
SKU048,2025-04-24,47
SKU048,2025-04-25,59
SKU048,2025-04-26,56
SKU048,2025-04-27,37
SKU048,2025-04-28,52
SKU048,2025-04-29,36
SKU048,2025-04-30,49
SKU048,2025-05-01,52
SKU048,2025-05-02,72
SKU048,2025-05-03,63
SKU048,2025-05-04,42
SKU048,2025-05-05,32
SKU048,2025-05-06,47
SKU048,2025-05-07,47
SKU048,2025-05-08,43
SKU048,2025-05-09,45
SKU048,2025-05-10,59
SKU048,2025-05-11,11
SKU048,2025-05-12,37
SKU048,2025-05-13,39
SKU048,2025-05-14,58
SKU048,2025-05-15,42
SKU048,2025-05-16,47
SKU048,2025-05-17,66
SKU048,2025-05-18,21
SKU048,2025-05-19,46
SKU048,2025-05-20,51
SKU048,2025-05-21,41
SKU048,2025-05-22,42
SKU048,2025-05-23,31
SKU048,2025-05-24,42
SKU048,2025-05-25,29
SKU048,2025-05-26,42
SKU048,2025-05-27,24
SKU048,2025-05-28,40
SKU048,2025-05-29,41
SKU048,2025-05-30,26
SKU048,2025-05-31,49
SKU048,2025-06-01,46
SKU048,2025-06-02,38
SKU048,2025-06-03,43
SKU048,2025-06-04,58
SKU048,2025-06-05,47
SKU048,2025-06-06,54
SKU048,2025-06-07,72
SKU048,2025-06-08,40
SKU048,2025-06-09,24
SKU048,2025-06-10,47
SKU048,2025-06-11,44
SKU048,2025-06-12,44
SKU048,2025-06-13,52
SKU048,2025-06-14,51
SKU048,2025-06-15,52
SKU048,2025-06-16,36
SKU048,2025-06-17,58
SKU048,2025-06-18,60
SKU048,2025-06-19,55
SKU048,2025-06-20,56
SKU048,2025-06-21,55
SKU048,2025-06-22,45
SKU048,2025-06-23,37
SKU048,2025-06-24,53
SKU048,2025-06-25,21
SKU048,2025-06-26,40
SKU048,2025-06-27,57
SKU048,2025-06-28,58
SKU048,2025-06-29,44
SKU048,2025-06-30,40
SKU048,2025-07-01,47
SKU048,2025-07-02,60
SKU048,2025-07-03,30
SKU048,2025-07-04,79
SKU048,2025-07-05,38
SKU048,2025-07-06,38
SKU048,2025-07-07,32
SKU048,2025-07-08,51
SKU048,2025-07-09,49
SKU048,2025-07-10,28
SKU048,2025-07-11,39
SKU048,2025-07-12,52
SKU048,2025-07-13,51
SKU048,2025-07-14,33
SKU048,2025-07-15,43
SKU048,2025-07-16,52
SKU048,2025-07-17,61
SKU048,2025-07-18,50
SKU048,2025-07-19,67
SKU048,2025-07-20,24
SKU048,2025-07-21,25
SKU048,2025-07-22,43
SKU048,2025-07-23,53
SKU048,2025-07-24,43
SKU048,2025-07-25,60
SKU048,2025-07-26,43
SKU048,2025-07-27,46
SKU048,2025-07-28,35
SKU048,2025-07-29,50
SKU048,2025-07-30,62
SKU048,2025-07-31,44
SKU048,2025-08-01,55
SKU048,2025-08-02,52
SKU048,2025-08-03,36
SKU048,2025-08-04,45
SKU048,2025-08-05,37
SKU048,2025-08-06,51
SKU048,2025-08-07,57
SKU048,2025-08-08,58
SKU048,2025-08-09,56
SKU048,2025-08-10,14
SKU048,2025-08-11,35
SKU048,2025-08-12,37
SKU048,2025-08-13,67
SKU048,2025-08-14,58
SKU048,2025-08-15,27
SKU048,2025-08-16,64
SKU048,2025-08-17,39
SKU048,2025-08-18,37
SKU048,2025-08-19,50
SKU048,2025-08-20,58
SKU048,2025-08-21,55
SKU048,2025-08-22,64
SKU048,2025-08-23,77
SKU048,2025-08-24,41
SKU048,2025-08-25,21
SKU048,2025-08-26,50
SKU048,2025-08-27,67
SKU048,2025-08-28,63
SKU048,2025-08-29,60
SKU048,2025-08-30,63
SKU048,2025-08-31,37
SKU048,2025-09-01,31
SKU048,2025-09-02,40
SKU048,2025-09-03,45
SKU048,2025-09-04,47
SKU048,2025-09-05,48
SKU048,2025-09-06,40
SKU048,2025-09-07,33
SKU048,2025-09-08,37
SKU048,2025-09-09,46
SKU048,2025-09-10,60
SKU048,2025-09-11,46
SKU048,2025-09-12,47
SKU048,2025-09-13,58
SKU048,2025-09-14,39
SKU048,2025-09-15,55
SKU048,2025-09-16,46
SKU048,2025-09-17,47
SKU048,2025-09-18,51
SKU048,2025-09-19,67
SKU048,2025-09-20,66
SKU048,2025-09-21,56
SKU048,2025-09-22,50
SKU048,2025-09-23,55
SKU048,2025-09-24,53
SKU048,2025-09-25,60
SKU048,2025-09-26,50
SKU048,2025-09-27,71
SKU048,2025-09-28,40
SKU048,2025-09-29,35
SKU048,2025-09-30,69
SKU049,2025-04-01,25
SKU049,2025-04-02,47
SKU049,2025-04-03,35
SKU049,2025-04-04,34
SKU049,2025-04-05,36
SKU049,2025-04-06,31
SKU049,2025-04-07,32
SKU049,2025-04-08,40
SKU049,2025-04-09,30
SKU049,2025-04-10,52
SKU049,2025-04-11,32
SKU049,2025-04-12,36
SKU049,2025-04-13,36
SKU049,2025-04-14,41
SKU049,2025-04-15,31
SKU049,2025-04-16,40
SKU049,2025-04-17,34
SKU049,2025-04-18,46
SKU049,2025-04-19,38
SKU049,2025-04-20,31
SKU049,2025-04-21,38
SKU049,2025-04-22,53
SKU049,2025-04-23,42
SKU049,2025-04-24,47
SKU049,2025-04-25,35
SKU049,2025-04-26,32
SKU049,2025-04-27,29
SKU049,2025-04-28,31
SKU049,2025-04-29,28
SKU049,2025-04-30,39
SKU049,2025-05-01,45
SKU049,2025-05-02,49
SKU049,2025-05-03,64
SKU049,2025-05-04,26
SKU049,2025-05-05,34
SKU049,2025-05-06,33
SKU049,2025-05-07,49
SKU049,2025-05-08,32
SKU049,2025-05-09,48
SKU049,2025-05-10,47
SKU049,2025-05-11,13
SKU049,2025-05-12,23
SKU049,2025-05-13,47
SKU049,2025-05-14,38
SKU049,2025-05-15,47
SKU049,2025-05-16,28
SKU049,2025-05-17,45
SKU049,2025-05-18,37
SKU049,2025-05-19,31
SKU049,2025-05-20,24
SKU049,2025-05-21,53
SKU049,2025-05-22,36
SKU049,2025-05-23,35
SKU049,2025-05-24,40
SKU049,2025-05-25,34
SKU049,2025-05-26,24
SKU049,2025-05-27,33
SKU049,2025-05-28,38
SKU049,2025-05-29,44
SKU049,2025-05-30,47
SKU049,2025-05-31,39
SKU049,2025-06-01,36
SKU049,2025-06-02,25
SKU049,2025-06-03,29
SKU049,2025-06-04,42
SKU049,2025-06-05,37
SKU049,2025-06-06,35
SKU049,2025-06-07,28
SKU049,2025-06-08,46
SKU049,2025-06-09,31
SKU049,2025-06-10,37
SKU049,2025-06-11,32
SKU049,2025-06-12,44
SKU049,2025-06-13,48
SKU049,2025-06-14,54
SKU049,2025-06-15,25
SKU049,2025-06-16,33
SKU049,2025-06-17,41
SKU049,2025-06-18,52
SKU049,2025-06-19,27
SKU049,2025-06-20,41
SKU049,2025-06-21,36
SKU049,2025-06-22,14
SKU049,2025-06-23,29
SKU049,2025-06-24,32
SKU049,2025-06-25,46
SKU049,2025-06-26,53
SKU049,2025-06-27,46
SKU049,2025-06-28,41
SKU049,2025-06-29,28
SKU049,2025-06-30,30
SKU049,2025-07-01,49
SKU049,2025-07-02,39
SKU049,2025-07-03,47
SKU049,2025-07-04,38
SKU049,2025-07-05,56
SKU049,2025-07-06,45
SKU049,2025-07-07,30
SKU049,2025-07-08,27
SKU049,2025-07-09,41
SKU049,2025-07-10,39
SKU049,2025-07-11,35
SKU049,2025-07-12,61
SKU049,2025-07-13,8
SKU049,2025-07-14,31
SKU049,2025-07-15,30
SKU049,2025-07-16,50
SKU049,2025-07-17,38
SKU049,2025-07-18,51
SKU049,2025-07-19,37
SKU049,2025-07-20,30
SKU049,2025-07-21,38
SKU049,2025-07-22,53
SKU049,2025-07-23,45
SKU049,2025-07-24,44
SKU049,2025-07-25,40
SKU049,2025-07-26,46
SKU049,2025-07-27,29
SKU049,2025-07-28,40
SKU049,2025-07-29,32
SKU049,2025-07-30,39
SKU049,2025-07-31,33
SKU049,2025-08-01,38
SKU049,2025-08-02,45
SKU049,2025-08-03,36
SKU049,2025-08-04,29
SKU049,2025-08-05,34
SKU049,2025-08-06,55
SKU049,2025-08-07,44
SKU049,2025-08-08,55
SKU049,2025-08-09,42
SKU049,2025-08-10,33
SKU049,2025-08-11,25
SKU049,2025-08-12,32
SKU049,2025-08-13,39
SKU049,2025-08-14,44
SKU049,2025-08-15,41
SKU049,2025-08-16,33
SKU049,2025-08-17,39
SKU049,2025-08-18,31
SKU049,2025-08-19,33
SKU049,2025-08-20,51
SKU049,2025-08-21,43
SKU049,2025-08-22,29
SKU049,2025-08-23,33
SKU049,2025-08-24,23
SKU049,2025-08-25,23
SKU049,2025-08-26,36
SKU049,2025-08-27,51
SKU049,2025-08-28,50
SKU049,2025-08-29,70
SKU049,2025-08-30,48
SKU049,2025-08-31,26
SKU049,2025-09-01,18
SKU049,2025-09-02,39
SKU049,2025-09-03,44
SKU049,2025-09-04,39
SKU049,2025-09-05,18
SKU049,2025-09-06,36
SKU049,2025-09-07,34
SKU049,2025-09-08,17
SKU049,2025-09-09,43
SKU049,2025-09-10,36
SKU049,2025-09-11,42
SKU049,2025-09-12,28
SKU049,2025-09-13,41
SKU049,2025-09-14,36
SKU049,2025-09-15,35
SKU049,2025-09-16,58
SKU049,2025-09-17,49
SKU049,2025-09-18,42
SKU049,2025-09-19,53
SKU049,2025-09-20,56
SKU049,2025-09-21,35
SKU049,2025-09-22,50
SKU049,2025-09-23,41
SKU049,2025-09-24,54
SKU049,2025-09-25,47
SKU049,2025-09-26,54
SKU049,2025-09-27,60
SKU049,2025-09-28,37
SKU049,2025-09-29,48
SKU049,2025-09-30,47
SKU050,2025-04-01,33
SKU050,2025-04-02,33
SKU050,2025-04-03,50
SKU050,2025-04-04,42
SKU050,2025-04-05,37
SKU050,2025-04-06,21
SKU050,2025-04-07,47
SKU050,2025-04-08,33
SKU050,2025-04-09,24
SKU050,2025-04-10,28
SKU050,2025-04-11,34
SKU050,2025-04-12,40
SKU050,2025-04-13,24
SKU050,2025-04-14,42
SKU050,2025-04-15,50
SKU050,2025-04-16,55
SKU050,2025-04-17,39
SKU050,2025-04-18,60
SKU050,2025-04-19,56
SKU050,2025-04-20,34
SKU050,2025-04-21,32
SKU050,2025-04-22,33
SKU050,2025-04-23,52
SKU050,2025-04-24,35
SKU050,2025-04-25,27
SKU050,2025-04-26,38
SKU050,2025-04-27,35
SKU050,2025-04-28,24
SKU050,2025-04-29,48
SKU050,2025-04-30,42
SKU050,2025-05-01,37
SKU050,2025-05-02,59
SKU050,2025-05-03,58
SKU050,2025-05-04,27
SKU050,2025-05-05,29
SKU050,2025-05-06,37
SKU050,2025-05-07,50
SKU050,2025-05-08,33
SKU050,2025-05-09,46
SKU050,2025-05-10,24
SKU050,2025-05-11,25
SKU050,2025-05-12,37
SKU050,2025-05-13,47
SKU050,2025-05-14,36
SKU050,2025-05-15,61
SKU050,2025-05-16,57
SKU050,2025-05-17,38
SKU050,2025-05-18,46
SKU050,2025-05-19,27
SKU050,2025-05-20,36
SKU050,2025-05-21,38
SKU050,2025-05-22,47
SKU050,2025-05-23,48
SKU050,2025-05-24,50
SKU050,2025-05-25,22
SKU050,2025-05-26,28
SKU050,2025-05-27,32
SKU050,2025-05-28,35
SKU050,2025-05-29,40
SKU050,2025-05-30,41
SKU050,2025-05-31,33
SKU050,2025-06-01,28
SKU050,2025-06-02,23
SKU050,2025-06-03,46
SKU050,2025-06-04,43
SKU050,2025-06-05,48
SKU050,2025-06-06,30
SKU050,2025-06-07,44
SKU050,2025-06-08,35
SKU050,2025-06-09,50
SKU050,2025-06-10,36
SKU050,2025-06-11,47
SKU050,2025-06-12,41
SKU050,2025-06-13,46
SKU050,2025-06-14,44
SKU050,2025-06-15,19
SKU050,2025-06-16,43
SKU050,2025-06-17,35
SKU050,2025-06-18,37
SKU050,2025-06-19,36
SKU050,2025-06-20,50
SKU050,2025-06-21,51
SKU050,2025-06-22,38
SKU050,2025-06-23,25
SKU050,2025-06-24,32
SKU050,2025-06-25,39
SKU050,2025-06-26,27
SKU050,2025-06-27,41
SKU050,2025-06-28,51
SKU050,2025-06-29,33
SKU050,2025-06-30,28
SKU050,2025-07-01,27
SKU050,2025-07-02,49
SKU050,2025-07-03,36
SKU050,2025-07-04,43
SKU050,2025-07-05,50
SKU050,2025-07-06,16
SKU050,2025-07-07,35
SKU050,2025-07-08,42
SKU050,2025-07-09,42
SKU050,2025-07-10,57
SKU050,2025-07-11,53
SKU050,2025-07-12,60
SKU050,2025-07-13,26
SKU050,2025-07-14,47
SKU050,2025-07-15,48
SKU050,2025-07-16,39
SKU050,2025-07-17,49
SKU050,2025-07-18,31
SKU050,2025-07-19,55
SKU050,2025-07-20,32
SKU050,2025-07-21,30
SKU050,2025-07-22,46
SKU050,2025-07-23,35
SKU050,2025-07-24,41
SKU050,2025-07-25,36
SKU050,2025-07-26,40
SKU050,2025-07-27,31
SKU050,2025-07-28,35
SKU050,2025-07-29,47
SKU050,2025-07-30,37
SKU050,2025-07-31,31
SKU050,2025-08-01,49
SKU050,2025-08-02,34
SKU050,2025-08-03,24
SKU050,2025-08-04,29
SKU050,2025-08-05,35
SKU050,2025-08-06,48
SKU050,2025-08-07,42
SKU050,2025-08-08,43
SKU050,2025-08-09,52
SKU050,2025-08-10,40
SKU050,2025-08-11,45
SKU050,2025-08-12,42
SKU050,2025-08-13,41
SKU050,2025-08-14,26
SKU050,2025-08-15,39
SKU050,2025-08-16,47
SKU050,2025-08-17,30
SKU050,2025-08-18,35
SKU050,2025-08-19,27
SKU050,2025-08-20,34
SKU050,2025-08-21,42
SKU050,2025-08-22,53
SKU050,2025-08-23,50
SKU050,2025-08-24,29
SKU050,2025-08-25,43
SKU050,2025-08-26,44
SKU050,2025-08-27,54
SKU050,2025-08-28,43
SKU050,2025-08-29,52
SKU050,2025-08-30,69
SKU050,2025-08-31,32
SKU050,2025-09-01,45
SKU050,2025-09-02,58
SKU050,2025-09-03,49
SKU050,2025-09-04,45
SKU050,2025-09-05,38
SKU050,2025-09-06,44
SKU050,2025-09-07,21
SKU050,2025-09-08,33
SKU050,2025-09-09,33
SKU050,2025-09-10,55
SKU050,2025-09-11,19
SKU050,2025-09-12,35
SKU050,2025-09-13,47
SKU050,2025-09-14,26
SKU050,2025-09-15,46
SKU050,2025-09-16,52
SKU050,2025-09-17,62
SKU050,2025-09-18,58
SKU050,2025-09-19,60
SKU050,2025-09-20,59
SKU050,2025-09-21,32
SKU050,2025-09-22,28
SKU050,2025-09-23,59
SKU050,2025-09-24,62
SKU050,2025-09-25,46
SKU050,2025-09-26,60
SKU050,2025-09-27,58
SKU050,2025-09-28,39
SKU050,2025-09-29,48
SKU050,2025-09-30,50
