item_id,date,qty_on_hand
SKU001,2025-04-01,542
SKU002,2025-04-01,1163
SKU003,2025-04-01,1653
SKU004,2025-04-01,1439
SKU005,2025-04-01,707
SKU006,2025-04-01,691
SKU007,2025-04-01,1256
SKU008,2025-04-01,1256
SKU009,2025-04-01,670
SKU010,2025-04-01,420
SKU011,2025-04-01,2203
SKU012,2025-04-01,1044
SKU013,2025-04-01,1667
SKU014,2025-04-01,1090
SKU015,2025-04-01,1166
SKU016,2025-04-01,513
SKU017,2025-04-01,673
SKU018,2025-04-01,1399
SKU019,2025-04-01,479
SKU020,2025-04-01,2309
SKU021,2025-04-01,1149
SKU022,2025-04-01,279
SKU023,2025-04-01,866
SKU024,2025-04-01,1589
SKU025,2025-04-01,2215
SKU026,2025-04-01,1304
SKU027,2025-04-01,1814
SKU028,2025-04-01,1654
SKU029,2025-04-01,1217
SKU030,2025-04-01,598
SKU031,2025-04-01,1903
SKU032,2025-04-01,2309
SKU033,2025-04-01,2088
SKU034,2025-04-01,1438
SKU035,2025-04-01,692
SKU036,2025-04-01,1419
SKU037,2025-04-01,821
SKU038,2025-04-01,1875
SKU039,2025-04-01,969
SKU040,2025-04-01,1032
SKU041,2025-04-01,1675
SKU042,2025-04-01,1688
SKU043,2025-04-01,781
SKU044,2025-04-01,511
SKU045,2025-04-01,2815
SKU046,2025-04-01,954
SKU047,2025-04-01,1578
SKU048,2025-04-01,1375
SKU049,2025-04-01,899
SKU050,2025-04-01,1349
SKU001,2025-04-02,532
SKU002,2025-04-02,1126
SKU003,2025-04-02,1576
SKU004,2025-04-02,1350
SKU005,2025-04-02,679
SKU006,2025-04-02,668
SKU007,2025-04-02,1203
SKU008,2025-04-02,1216
SKU009,2025-04-02,652
SKU010,2025-04-02,400
SKU011,2025-04-02,2160
SKU012,2025-04-02,1013
SKU013,2025-04-02,1631
SKU014,2025-04-02,1036
SKU015,2025-04-02,1115
SKU016,2025-04-02,498
SKU017,2025-04-02,645
SKU018,2025-04-02,1315
SKU019,2025-04-02,464
SKU020,2025-04-02,2245
SKU021,2025-04-02,1109
SKU022,2025-04-02,268
SKU023,2025-04-02,825
SKU024,2025-04-02,1553
SKU025,2025-04-02,2146
SKU026,2025-04-02,1222
SKU027,2025-04-02,1763
SKU028,2025-04-02,1595
SKU029,2025-04-02,1120
SKU030,2025-04-02,572
SKU031,2025-04-02,1821
SKU032,2025-04-02,2230
SKU033,2025-04-02,2029
SKU034,2025-04-02,1402
SKU035,2025-04-02,663
SKU036,2025-04-02,1371
SKU037,2025-04-02,792
SKU038,2025-04-02,1812
SKU039,2025-04-02,944
SKU040,2025-04-02,956
SKU041,2025-04-02,1619
SKU042,2025-04-02,1611
SKU043,2025-04-02,746
SKU044,2025-04-02,494
SKU045,2025-04-02,2743
SKU046,2025-04-02,927
SKU047,2025-04-02,1530
SKU048,2025-04-02,1339
SKU049,2025-04-02,852
SKU050,2025-04-02,1316
SKU001,2025-04-03,517
SKU002,2025-04-03,1085
SKU003,2025-04-03,1479
SKU004,2025-04-03,1255
SKU005,2025-04-03,654
SKU006,2025-04-03,649
SKU007,2025-04-03,1162
SKU008,2025-04-03,1168
SKU009,2025-04-03,629
SKU010,2025-04-03,375
SKU011,2025-04-03,2091
SKU012,2025-04-03,977
SKU013,2025-04-03,1577
SKU014,2025-04-03,1000
SKU015,2025-04-03,1078
SKU016,2025-04-03,488
SKU017,2025-04-03,616
SKU018,2025-04-03,1221
SKU019,2025-04-03,449
SKU020,2025-04-03,2175
SKU021,2025-04-03,1070
SKU022,2025-04-03,259
SKU023,2025-04-03,785
SKU024,2025-04-03,1519
SKU025,2025-04-03,2067
SKU026,2025-04-03,1151
SKU027,2025-04-03,1720
SKU028,2025-04-03,1515
SKU029,2025-04-03,1078
SKU030,2025-04-03,547
SKU031,2025-04-03,1756
SKU032,2025-04-03,2152
SKU033,2025-04-03,1972
SKU034,2025-04-03,1369
SKU035,2025-04-03,626
SKU036,2025-04-03,1312
SKU037,2025-04-03,773
SKU038,2025-04-03,1747
SKU039,2025-04-03,915
SKU040,2025-04-03,908
SKU041,2025-04-03,1581
SKU042,2025-04-03,1540
SKU043,2025-04-03,719
SKU044,2025-04-03,481
SKU045,2025-04-03,2667
SKU046,2025-04-03,898
SKU047,2025-04-03,1498
SKU048,2025-04-03,1312
SKU049,2025-04-03,817
SKU050,2025-04-03,1266
SKU001,2025-04-04,504
SKU002,2025-04-04,1055
SKU003,2025-04-04,1379
SKU004,2025-04-04,1168
SKU005,2025-04-04,628
SKU006,2025-04-04,620
SKU007,2025-04-04,1110
SKU008,2025-04-04,1128
SKU009,2025-04-04,607
SKU010,2025-04-04,351
SKU011,2025-04-04,2017
SKU012,2025-04-04,941
SKU013,2025-04-04,1535
SKU014,2025-04-04,948
SKU015,2025-04-04,1034
SKU016,2025-04-04,476
SKU017,2025-04-04,601
SKU018,2025-04-04,1174
SKU019,2025-04-04,428
SKU020,2025-04-04,2104
SKU021,2025-04-04,1031
SKU022,2025-04-04,248
SKU023,2025-04-04,759
SKU024,2025-04-04,1451
SKU025,2025-04-04,2012
SKU026,2025-04-04,1064
SKU027,2025-04-04,1675
SKU028,2025-04-04,1432
SKU029,2025-04-04,1000
SKU030,2025-04-04,530
SKU031,2025-04-04,1688
SKU032,2025-04-04,2097
SKU033,2025-04-04,1921
SKU034,2025-04-04,1343
SKU035,2025-04-04,589
SKU036,2025-04-04,1242
SKU037,2025-04-04,749
SKU038,2025-04-04,1685
SKU039,2025-04-04,884
SKU040,2025-04-04,865
SKU041,2025-04-04,1535
SKU042,2025-04-04,1476
SKU043,2025-04-04,666
SKU044,2025-04-04,465
SKU045,2025-04-04,2577
SKU046,2025-04-04,880
SKU047,2025-04-04,1449
SKU048,2025-04-04,1287
SKU049,2025-04-04,783
SKU050,2025-04-04,1224
SKU001,2025-04-05,489
SKU002,2025-04-05,1022
SKU003,2025-04-05,1289
SKU004,2025-04-05,1115
SKU005,2025-04-05,603
SKU006,2025-04-05,590
SKU007,2025-04-05,1052
SKU008,2025-04-05,1059
SKU009,2025-04-05,576
SKU010,2025-04-05,329
SKU011,2025-04-05,1939
SKU012,2025-04-05,907
SKU013,2025-04-05,1506
SKU014,2025-04-05,907
SKU015,2025-04-05,984
SKU016,2025-04-05,465
SKU017,2025-04-05,575
SKU018,2025-04-05,1088
SKU019,2025-04-05,411
SKU020,2025-04-05,2042
SKU021,2025-04-05,996
SKU022,2025-04-05,232
SKU023,2025-04-05,728
SKU024,2025-04-05,1426
SKU025,2025-04-05,1912
SKU026,2025-04-05,979
SKU027,2025-04-05,1630
SKU028,2025-04-05,1360
SKU029,2025-04-05,917
SKU030,2025-04-05,502
SKU031,2025-04-05,1616
SKU032,2025-04-05,2014
SKU033,2025-04-05,1878
SKU034,2025-04-05,1287
SKU035,2025-04-05,554
SKU036,2025-04-05,1173
SKU037,2025-04-05,723
SKU038,2025-04-05,1601
SKU039,2025-04-05,849
SKU040,2025-04-05,812
SKU041,2025-04-05,1470
SKU042,2025-04-05,1413
SKU043,2025-04-05,628
SKU044,2025-04-05,445
SKU045,2025-04-05,2494
SKU046,2025-04-05,868
SKU047,2025-04-05,1409
SKU048,2025-04-05,1238
SKU049,2025-04-05,747
SKU050,2025-04-05,1187
SKU001,2025-04-06,481
SKU002,2025-04-06,994
SKU003,2025-04-06,1251
SKU004,2025-04-06,1068
SKU005,2025-04-06,591
SKU006,2025-04-06,576
SKU007,2025-04-06,1018
SKU008,2025-04-06,1021
SKU009,2025-04-06,560
SKU010,2025-04-06,311
SKU011,2025-04-06,1893
SKU012,2025-04-06,890
SKU013,2025-04-06,1486
SKU014,2025-04-06,868
SKU015,2025-04-06,956
SKU016,2025-04-06,457
SKU017,2025-04-06,558
SKU018,2025-04-06,1035
SKU019,2025-04-06,398
SKU020,2025-04-06,2026
SKU021,2025-04-06,972
SKU022,2025-04-06,220
SKU023,2025-04-06,694
SKU024,2025-04-06,1384
SKU025,2025-04-06,1858
SKU026,2025-04-06,923
SKU027,2025-04-06,1593
SKU028,2025-04-06,1323
SKU029,2025-04-06,858
SKU030,2025-04-06,493
SKU031,2025-04-06,1584
SKU032,2025-04-06,1988
SKU033,2025-04-06,1841
SKU034,2025-04-06,1265
SKU035,2025-04-06,538
SKU036,2025-04-06,1139
SKU037,2025-04-06,704
SKU038,2025-04-06,1599
SKU039,2025-04-06,830
SKU040,2025-04-06,752
SKU041,2025-04-06,1437
SKU042,2025-04-06,1349
SKU043,2025-04-06,614
SKU044,2025-04-06,427
SKU045,2025-04-06,2438
SKU046,2025-04-06,855
SKU047,2025-04-06,1352
SKU048,2025-04-06,1199
SKU049,2025-04-06,716
SKU050,2025-04-06,1166
SKU001,2025-04-07,471
SKU002,2025-04-07,966
SKU003,2025-04-07,1189
SKU004,2025-04-07,983
SKU005,2025-04-07,570
SKU006,2025-04-07,558
SKU007,2025-04-07,987
SKU008,2025-04-07,975
SKU009,2025-04-07,545
SKU010,2025-04-07,293
SKU011,2025-04-07,1826
SKU012,2025-04-07,867
SKU013,2025-04-07,1462
SKU014,2025-04-07,832
SKU015,2025-04-07,929
SKU016,2025-04-07,445
SKU017,2025-04-07,536
SKU018,2025-04-07,956
SKU019,2025-04-07,374
SKU020,2025-04-07,1961
SKU021,2025-04-07,935
SKU022,2025-04-07,209
SKU023,2025-04-07,664
SKU024,2025-04-07,1356
SKU025,2025-04-07,1815
SKU026,2025-04-07,881
SKU027,2025-04-07,1563
SKU028,2025-04-07,1275
SKU029,2025-04-07,824
SKU030,2025-04-07,471
SKU031,2025-04-07,1537
SKU032,2025-04-07,1940
SKU033,2025-04-07,1795
SKU034,2025-04-07,1214
SKU035,2025-04-07,516
SKU036,2025-04-07,1109
SKU037,2025-04-07,689
SKU038,2025-04-07,1554
SKU039,2025-04-07,810
SKU040,2025-04-07,691
SKU041,2025-04-07,1398
SKU042,2025-04-07,1309
SKU043,2025-04-07,585
SKU044,2025-04-07,411
SKU045,2025-04-07,2372
SKU046,2025-04-07,836
SKU047,2025-04-07,1318
SKU048,2025-04-07,1162
SKU049,2025-04-07,684
SKU050,2025-04-07,1119
SKU001,2025-04-08,453
SKU002,2025-04-08,925
SKU003,2025-04-08,1098
SKU004,2025-04-08,907
SKU005,2025-04-08,549
SKU006,2025-04-08,529
SKU007,2025-04-08,908
SKU008,2025-04-08,958
SKU009,2025-04-08,523
SKU010,2025-04-08,269
SKU011,2025-04-08,1749
SKU012,2025-04-08,833
SKU013,2025-04-08,1424
SKU014,2025-04-08,793
SKU015,2025-04-08,883
SKU016,2025-04-08,434
SKU017,2025-04-08,510
SKU018,2025-04-08,905
SKU019,2025-04-08,360
SKU020,2025-04-08,1916
SKU021,2025-04-08,898
SKU022,2025-04-08,196
SKU023,2025-04-08,623
SKU024,2025-04-08,1318
SKU025,2025-04-08,1747
SKU026,2025-04-08,837
SKU027,2025-04-08,1498
SKU028,2025-04-08,1204
SKU029,2025-04-08,760
SKU030,2025-04-08,452
SKU031,2025-04-08,1482
SKU032,2025-04-08,1872
SKU033,2025-04-08,1741
SKU034,2025-04-08,1160
SKU035,2025-04-08,483
SKU036,2025-04-08,1058
SKU037,2025-04-08,674
SKU038,2025-04-08,1483
SKU039,2025-04-08,783
SKU040,2025-04-08,641
SKU041,2025-04-08,1342
SKU042,2025-04-08,1255
SKU043,2025-04-08,550
SKU044,2025-04-08,401
SKU045,2025-04-08,2311
SKU046,2025-04-08,815
SKU047,2025-04-08,1263
SKU048,2025-04-08,1126
SKU049,2025-04-08,644
SKU050,2025-04-08,1086
SKU001,2025-04-09,437
SKU002,2025-04-09,883
SKU003,2025-04-09,1006
SKU004,2025-04-09,832
SKU005,2025-04-09,523
SKU006,2025-04-09,503
SKU007,2025-04-09,833
SKU008,2025-04-09,889
SKU009,2025-04-09,500
SKU010,2025-04-09,248
SKU011,2025-04-09,1698
SKU012,2025-04-09,796
SKU013,2025-04-09,1376
SKU014,2025-04-09,745
SKU015,2025-04-09,844
SKU016,2025-04-09,419
SKU017,2025-04-09,483
SKU018,2025-04-09,827
SKU019,2025-04-09,342
SKU020,2025-04-09,1865
SKU021,2025-04-09,859
SKU022,2025-04-09,183
SKU023,2025-04-09,582
SKU024,2025-04-09,1282
SKU025,2025-04-09,1675
SKU026,2025-04-09,769
SKU027,2025-04-09,1450
SKU028,2025-04-09,1125
SKU029,2025-04-09,704
SKU030,2025-04-09,428
SKU031,2025-04-09,1400
SKU032,2025-04-09,1799
SKU033,2025-04-09,1667
SKU034,2025-04-09,1124
SKU035,2025-04-09,448
SKU036,2025-04-09,996
SKU037,2025-04-09,647
SKU038,2025-04-09,1411
SKU039,2025-04-09,754
SKU040,2025-04-09,592
SKU041,2025-04-09,1288
SKU042,2025-04-09,1194
SKU043,2025-04-09,499
SKU044,2025-04-09,380
SKU045,2025-04-09,2247
SKU046,2025-04-09,772
SKU047,2025-04-09,1212
SKU048,2025-04-09,1073
SKU049,2025-04-09,614
SKU050,2025-04-09,1062
SKU001,2025-04-10,423
SKU002,2025-04-10,834
SKU003,2025-04-10,924
SKU004,2025-04-10,732
SKU005,2025-04-10,506
SKU006,2025-04-10,482
SKU007,2025-04-10,765
SKU008,2025-04-10,839
SKU009,2025-04-10,479
SKU010,2025-04-10,229
SKU011,2025-04-10,1624
SKU012,2025-04-10,755
SKU013,2025-04-10,1336
SKU014,2025-04-10,696
SKU015,2025-04-10,821
SKU016,2025-04-10,407
SKU017,2025-04-10,445
SKU018,2025-04-10,774
SKU019,2025-04-10,313
SKU020,2025-04-10,1807
SKU021,2025-04-10,834
SKU022,2025-04-10,171
SKU023,2025-04-10,545
SKU024,2025-04-10,1240
SKU025,2025-04-10,1608
SKU026,2025-04-10,690
SKU027,2025-04-10,1396
SKU028,2025-04-10,1094
SKU029,2025-04-10,618
SKU030,2025-04-10,408
SKU031,2025-04-10,1328
SKU032,2025-04-10,1709
SKU033,2025-04-10,1605
SKU034,2025-04-10,1090
SKU035,2025-04-10,421
SKU036,2025-04-10,939
SKU037,2025-04-10,635
SKU038,2025-04-10,1353
SKU039,2025-04-10,726
SKU040,2025-04-10,534
SKU041,2025-04-10,1241
SKU042,2025-04-10,1154
SKU043,2025-04-10,467
SKU044,2025-04-10,361
SKU045,2025-04-10,2188
SKU046,2025-04-10,742
SKU047,2025-04-10,1172
SKU048,2025-04-10,1024
SKU049,2025-04-10,562
SKU050,2025-04-10,1034
SKU001,2025-04-11,413
SKU002,2025-04-11,789
SKU003,2025-04-11,849
SKU004,2025-04-11,634
SKU005,2025-04-11,481
SKU006,2025-04-11,452
SKU007,2025-04-11,686
SKU008,2025-04-11,790
SKU009,2025-04-11,455
SKU010,2025-04-11,208
SKU011,2025-04-11,1576
SKU012,2025-04-11,724
SKU013,2025-04-11,1298
SKU014,2025-04-11,642
SKU015,2025-04-11,763
SKU016,2025-04-11,390
SKU017,2025-04-11,422
SKU018,2025-04-11,684
SKU019,2025-04-11,287
SKU020,2025-04-11,1722
SKU021,2025-04-11,795
SKU022,2025-04-11,155
SKU023,2025-04-11,502
SKU024,2025-04-11,1201
SKU025,2025-04-11,1529
SKU026,2025-04-11,603
SKU027,2025-04-11,1360
SKU028,2025-04-11,1007
SKU029,2025-04-11,543
SKU030,2025-04-11,387
SKU031,2025-04-11,1238
SKU032,2025-04-11,1639
SKU033,2025-04-11,1543
SKU034,2025-04-11,1029
SKU035,2025-04-11,396
SKU036,2025-04-11,874
SKU037,2025-04-11,615
SKU038,2025-04-11,1260
SKU039,2025-04-11,708
SKU040,2025-04-11,472
SKU041,2025-04-11,1182
SKU042,2025-04-11,1110
SKU043,2025-04-11,415
SKU044,2025-04-11,345
SKU045,2025-04-11,2091
SKU046,2025-04-11,722
SKU047,2025-04-11,1121
SKU048,2025-04-11,971
SKU049,2025-04-11,530
SKU050,2025-04-11,1000
SKU001,2025-04-12,395
SKU002,2025-04-12,746
SKU003,2025-04-12,768
SKU004,2025-04-12,565
SKU005,2025-04-12,458
SKU006,2025-04-12,417
SKU007,2025-04-12,599
SKU008,2025-04-12,741
SKU009,2025-04-12,428
SKU010,2025-04-12,190
SKU011,2025-04-12,1495
SKU012,2025-04-12,688
SKU013,2025-04-12,1236
SKU014,2025-04-12,598
SKU015,2025-04-12,731
SKU016,2025-04-12,378
SKU017,2025-04-12,395
SKU018,2025-04-12,615
SKU019,2025-04-12,263
SKU020,2025-04-12,1665
SKU021,2025-04-12,740
SKU022,2025-04-12,140
SKU023,2025-04-12,462
SKU024,2025-04-12,1170
SKU025,2025-04-12,1465
SKU026,2025-04-12,512
SKU027,2025-04-12,1317
SKU028,2025-04-12,942
SKU029,2025-04-12,456
SKU030,2025-04-12,371
SKU031,2025-04-12,1154
SKU032,2025-04-12,1564
SKU033,2025-04-12,1474
SKU034,2025-04-12,982
SKU035,2025-04-12,360
SKU036,2025-04-12,802
SKU037,2025-04-12,602
SKU038,2025-04-12,1168
SKU039,2025-04-12,677
SKU040,2025-04-12,415
SKU041,2025-04-12,1120
SKU042,2025-04-12,1056
SKU043,2025-04-12,378
SKU044,2025-04-12,325
SKU045,2025-04-12,1992
SKU046,2025-04-12,686
SKU047,2025-04-12,1066
SKU048,2025-04-12,918
SKU049,2025-04-12,494
SKU050,2025-04-12,960
SKU001,2025-04-13,379
SKU002,2025-04-13,725
SKU003,2025-04-13,686
SKU004,2025-04-13,537
SKU005,2025-04-13,435
SKU006,2025-04-13,398
SKU007,2025-04-13,581
SKU008,2025-04-13,712
SKU009,2025-04-13,411
SKU010,2025-04-13,171
SKU011,2025-04-13,1445
SKU012,2025-04-13,661
SKU013,2025-04-13,1212
SKU014,2025-04-13,554
SKU015,2025-04-13,709
SKU016,2025-04-13,367
SKU017,2025-04-13,374
SKU018,2025-04-13,606
SKU019,2025-04-13,254
SKU020,2025-04-13,1615
SKU021,2025-04-13,707
SKU022,2025-04-13,131
SKU023,2025-04-13,447
SKU024,2025-04-13,1129
SKU025,2025-04-13,1408
SKU026,2025-04-13,450
SKU027,2025-04-13,1280
SKU028,2025-04-13,913
SKU029,2025-04-13,419
SKU030,2025-04-13,367
SKU031,2025-04-13,1089
SKU032,2025-04-13,1539
SKU033,2025-04-13,1423
SKU034,2025-04-13,944
SKU035,2025-04-13,332
SKU036,2025-04-13,748
SKU037,2025-04-13,582
SKU038,2025-04-13,1115
SKU039,2025-04-13,648
SKU040,2025-04-13,368
SKU041,2025-04-13,1090
SKU042,2025-04-13,1009
SKU043,2025-04-13,350
SKU044,2025-04-13,318
SKU045,2025-04-13,1959
SKU046,2025-04-13,664
SKU047,2025-04-13,1028
SKU048,2025-04-13,892
SKU049,2025-04-13,458
SKU050,2025-04-13,936
SKU001,2025-04-14,369
SKU002,2025-04-14,690
SKU003,2025-04-14,612
SKU004,2025-04-14,474
SKU005,2025-04-14,416
SKU006,2025-04-14,378
SKU007,2025-04-14,534
SKU008,2025-04-14,683
SKU009,2025-04-14,398
SKU010,2025-04-14,155
SKU011,2025-04-14,1384
SKU012,2025-04-14,642
SKU013,2025-04-14,1172
SKU014,2025-04-14,508
SKU015,2025-04-14,678
SKU016,2025-04-14,355
SKU017,2025-04-14,356
SKU018,2025-04-14,539
SKU019,2025-04-14,236
SKU020,2025-04-14,1581
SKU021,2025-04-14,675
SKU022,2025-04-14,123
SKU023,2025-04-14,418
SKU024,2025-04-14,1089
SKU025,2025-04-14,1355
SKU026,2025-04-14,2245
SKU027,2025-04-14,1244
SKU028,2025-04-14,844
SKU029,2025-04-14,372
SKU030,2025-04-14,350
SKU031,2025-04-14,1040
SKU032,2025-04-14,1480
SKU033,2025-04-14,1390
SKU034,2025-04-14,905
SKU035,2025-04-14,291
SKU036,2025-04-14,688
SKU037,2025-04-14,567
SKU038,2025-04-14,1066
SKU039,2025-04-14,624
SKU040,2025-04-14,313
SKU041,2025-04-14,1048
SKU042,2025-04-14,954
SKU043,2025-04-14,330
SKU044,2025-04-14,304
SKU045,2025-04-14,1904
SKU046,2025-04-14,645
SKU047,2025-04-14,981
SKU048,2025-04-14,844
SKU049,2025-04-14,417
SKU050,2025-04-14,894
SKU001,2025-04-15,354
SKU002,2025-04-15,651
SKU003,2025-04-15,532
SKU004,2025-04-15,425
SKU005,2025-04-15,392
SKU006,2025-04-15,364
SKU007,2025-04-15,1428
SKU008,2025-04-15,637
SKU009,2025-04-15,385
SKU010,2025-04-15,139
SKU011,2025-04-15,1297
SKU012,2025-04-15,606
SKU013,2025-04-15,1127
SKU014,2025-04-15,481
SKU015,2025-04-15,640
SKU016,2025-04-15,340
SKU017,2025-04-15,332
SKU018,2025-04-15,1540
SKU019,2025-04-15,214
SKU020,2025-04-15,1516
SKU021,2025-04-15,635
SKU022,2025-04-15,407
SKU023,2025-04-15,383
SKU024,2025-04-15,1032
SKU025,2025-04-15,1292
SKU026,2025-04-15,2182
SKU027,2025-04-15,1207
SKU028,2025-04-15,766
SKU029,2025-04-15,288
SKU030,2025-04-15,330
SKU031,2025-04-15,942
SKU032,2025-04-15,1395
SKU033,2025-04-15,1347
SKU034,2025-04-15,864
SKU035,2025-04-15,254
SKU036,2025-04-15,640
SKU037,2025-04-15,549
SKU038,2025-04-15,974
SKU039,2025-04-15,596
SKU040,2025-04-15,1419
SKU041,2025-04-15,994
SKU042,2025-04-15,895
SKU043,2025-04-15,293
SKU044,2025-04-15,281
SKU045,2025-04-15,1843
SKU046,2025-04-15,618
SKU047,2025-04-15,952
SKU048,2025-04-15,798
SKU049,2025-04-15,386
SKU050,2025-04-15,844
SKU001,2025-04-16,343
SKU002,2025-04-16,615
SKU003,2025-04-16,450
SKU004,2025-04-16,1505
SKU005,2025-04-16,367
SKU006,2025-04-16,332
SKU007,2025-04-16,1357
SKU008,2025-04-16,576
SKU009,2025-04-16,358
SKU010,2025-04-16,477
SKU011,2025-04-16,1233
SKU012,2025-04-16,563
SKU013,2025-04-16,1102
SKU014,2025-04-16,421
SKU015,2025-04-16,614
SKU016,2025-04-16,324
SKU017,2025-04-16,310
SKU018,2025-04-16,1464
SKU019,2025-04-16,199
SKU020,2025-04-16,1452
SKU021,2025-04-16,582
SKU022,2025-04-16,388
SKU023,2025-04-16,336
SKU024,2025-04-16,991
SKU025,2025-04-16,1223
SKU026,2025-04-16,2122
SKU027,2025-04-16,1163
SKU028,2025-04-16,720
SKU029,2025-04-16,225
SKU030,2025-04-16,308
SKU031,2025-04-16,841
SKU032,2025-04-16,1300
SKU033,2025-04-16,1303
SKU034,2025-04-16,822
SKU035,2025-04-16,206
SKU036,2025-04-16,563
SKU037,2025-04-16,525
SKU038,2025-04-16,907
SKU039,2025-04-16,569
SKU040,2025-04-16,1376
SKU041,2025-04-16,958
SKU042,2025-04-16,836
SKU043,2025-04-16,1301
SKU044,2025-04-16,263
SKU045,2025-04-16,1798
SKU046,2025-04-16,594
SKU047,2025-04-16,905
SKU048,2025-04-16,738
SKU049,2025-04-16,346
SKU050,2025-04-16,789
SKU001,2025-04-17,326
SKU002,2025-04-17,572
SKU003,2025-04-17,394
SKU004,2025-04-17,1451
SKU005,2025-04-17,342
SKU006,2025-04-17,306
SKU007,2025-04-17,1306
SKU008,2025-04-17,522
SKU009,2025-04-17,341
SKU010,2025-04-17,453
SKU011,2025-04-17,1198
SKU012,2025-04-17,518
SKU013,2025-04-17,1068
SKU014,2025-04-17,369
SKU015,2025-04-17,569
SKU016,2025-04-17,311
SKU017,2025-04-17,285
SKU018,2025-04-17,1384
SKU019,2025-04-17,174
SKU020,2025-04-17,1399
SKU021,2025-04-17,535
SKU022,2025-04-17,374
SKU023,2025-04-17,287
SKU024,2025-04-17,938
SKU025,2025-04-17,1151
SKU026,2025-04-17,2047
SKU027,2025-04-17,1135
SKU028,2025-04-17,655
SKU029,2025-04-17,167
SKU030,2025-04-17,288
SKU031,2025-04-17,774
SKU032,2025-04-17,1236
SKU033,2025-04-17,1255
SKU034,2025-04-17,783
SKU035,2025-04-17,170
SKU036,2025-04-17,538
SKU037,2025-04-17,503
SKU038,2025-04-17,865
SKU039,2025-04-17,540
SKU040,2025-04-17,1312
SKU041,2025-04-17,876
SKU042,2025-04-17,784
SKU043,2025-04-17,1261
SKU044,2025-04-17,248
SKU045,2025-04-17,1712
SKU046,2025-04-17,568
SKU047,2025-04-17,847
SKU048,2025-04-17,689
SKU049,2025-04-17,312
SKU050,2025-04-17,750
SKU001,2025-04-18,314
SKU002,2025-04-18,533
SKU003,2025-04-18,1056
SKU004,2025-04-18,1349
SKU005,2025-04-18,311
SKU006,2025-04-18,277
SKU007,2025-04-18,1243
SKU008,2025-04-18,455
SKU009,2025-04-18,323
SKU010,2025-04-18,435
SKU011,2025-04-18,1133
SKU012,2025-04-18,480
SKU013,2025-04-18,1029
SKU014,2025-04-18,336
SKU015,2025-04-18,529
SKU016,2025-04-18,297
SKU017,2025-04-18,267
SKU018,2025-04-18,1300
SKU019,2025-04-18,158
SKU020,2025-04-18,1326
SKU021,2025-04-18,481
SKU022,2025-04-18,357
SKU023,2025-04-18,240
SKU024,2025-04-18,910
SKU025,2025-04-18,1063
SKU026,2025-04-18,1955
SKU027,2025-04-18,1091
SKU028,2025-04-18,1398
SKU029,2025-04-18,1133
SKU030,2025-04-18,275
SKU031,2025-04-18,651
SKU032,2025-04-18,1154
SKU033,2025-04-18,1199
SKU034,2025-04-18,742
SKU035,2025-04-18,126
SKU036,2025-04-18,454
SKU037,2025-04-18,479
SKU038,2025-04-18,792
SKU039,2025-04-18,491
SKU040,2025-04-18,1231
SKU041,2025-04-18,824
SKU042,2025-04-18,728
SKU043,2025-04-18,1221
SKU044,2025-04-18,226
SKU045,2025-04-18,1626
SKU046,2025-04-18,546
SKU047,2025-04-18,796
SKU048,2025-04-18,629
SKU049,2025-04-18,266
SKU050,2025-04-18,690
SKU001,2025-04-19,296
SKU002,2025-04-19,485
SKU003,2025-04-19,964
SKU004,2025-04-19,1250
SKU005,2025-04-19,280
SKU006,2025-04-19,246
SKU007,2025-04-19,1172
SKU008,2025-04-19,375
SKU009,2025-04-19,302
SKU010,2025-04-19,422
SKU011,2025-04-19,1056
SKU012,2025-04-19,433
SKU013,2025-04-19,973
SKU014,2025-04-19,962
SKU015,2025-04-19,485
SKU016,2025-04-19,282
SKU017,2025-04-19,236
SKU018,2025-04-19,1206
SKU019,2025-04-19,145
SKU020,2025-04-19,1250
SKU021,2025-04-19,439
SKU022,2025-04-19,347
SKU023,2025-04-19,192
SKU024,2025-04-19,844
SKU025,2025-04-19,985
SKU026,2025-04-19,1864
SKU027,2025-04-19,1040
SKU028,2025-04-19,1339
SKU029,2025-04-19,1049
SKU030,2025-04-19,250
SKU031,2025-04-19,541
SKU032,2025-04-19,1104
SKU033,2025-04-19,1158
SKU034,2025-04-19,697
SKU035,2025-04-19,1017
SKU036,2025-04-19,402
SKU037,2025-04-19,459
SKU038,2025-04-19,706
SKU039,2025-04-19,455
SKU040,2025-04-19,1157
SKU041,2025-04-19,752
SKU042,2025-04-19,670
SKU043,2025-04-19,1190
SKU044,2025-04-19,207
SKU045,2025-04-19,1518
SKU046,2025-04-19,518
SKU047,2025-04-19,743
SKU048,2025-04-19,584
SKU049,2025-04-19,228
SKU050,2025-04-19,634
SKU001,2025-04-20,286
SKU002,2025-04-20,459
SKU003,2025-04-20,906
SKU004,2025-04-20,1186
SKU005,2025-04-20,264
SKU006,2025-04-20,228
SKU007,2025-04-20,1123
SKU008,2025-04-20,1350
SKU009,2025-04-20,294
SKU010,2025-04-20,404
SKU011,2025-04-20,1002
SKU012,2025-04-20,402
SKU013,2025-04-20,934
SKU014,2025-04-20,926
SKU015,2025-04-20,446
SKU016,2025-04-20,272
SKU017,2025-04-20,223
SKU018,2025-04-20,1171
SKU019,2025-04-20,126
SKU020,2025-04-20,1211
SKU021,2025-04-20,399
SKU022,2025-04-20,336
SKU023,2025-04-20,925
SKU024,2025-04-20,807
SKU025,2025-04-20,949
SKU026,2025-04-20,1811
SKU027,2025-04-20,1011
SKU028,2025-04-20,1295
SKU029,2025-04-20,989
SKU030,2025-04-20,228
SKU031,2025-04-20,475
SKU032,2025-04-20,1037
SKU033,2025-04-20,1128
SKU034,2025-04-20,664
SKU035,2025-04-20,982
SKU036,2025-04-20,365
SKU037,2025-04-20,439
SKU038,2025-04-20,679
SKU039,2025-04-20,435
SKU040,2025-04-20,1122
SKU041,2025-04-20,712
SKU042,2025-04-20,631
SKU043,2025-04-20,1154
SKU044,2025-04-20,196
SKU045,2025-04-20,1487
SKU046,2025-04-20,493
SKU047,2025-04-20,701
SKU048,2025-04-20,569
SKU049,2025-04-20,197
SKU050,2025-04-20,600
SKU001,2025-04-21,275
SKU002,2025-04-21,421
SKU003,2025-04-21,867
SKU004,2025-04-21,1145
SKU005,2025-04-21,256
SKU006,2025-04-21,215
SKU007,2025-04-21,1060
SKU008,2025-04-21,1325
SKU009,2025-04-21,285
SKU010,2025-04-21,384
SKU011,2025-04-21,971
SKU012,2025-04-21,379
SKU013,2025-04-21,892
SKU014,2025-04-21,888
SKU015,2025-04-21,410
SKU016,2025-04-21,261
SKU017,2025-04-21,199
SKU018,2025-04-21,1094
SKU019,2025-04-21,456
SKU020,2025-04-21,1154
SKU021,2025-04-21,357
SKU022,2025-04-21,328
SKU023,2025-04-21,899
SKU024,2025-04-21,774
SKU025,2025-04-21,901
SKU026,2025-04-21,1759
SKU027,2025-04-21,970
SKU028,2025-04-21,1216
SKU029,2025-04-21,932
SKU030,2025-04-21,206
SKU031,2025-04-21,1610
SKU032,2025-04-21,976
SKU033,2025-04-21,1091
SKU034,2025-04-21,627
SKU035,2025-04-21,954
SKU036,2025-04-21,327
SKU037,2025-04-21,426
SKU038,2025-04-21,633
SKU039,2025-04-21,419
SKU040,2025-04-21,1064
SKU041,2025-04-21,680
SKU042,2025-04-21,577
SKU043,2025-04-21,1115
SKU044,2025-04-21,187
SKU045,2025-04-21,1431
SKU046,2025-04-21,470
SKU047,2025-04-21,673
SKU048,2025-04-21,525
SKU049,2025-04-21,159
SKU050,2025-04-21,568
SKU001,2025-04-22,259
SKU002,2025-04-22,387
SKU003,2025-04-22,813
SKU004,2025-04-22,1085
SKU005,2025-04-22,222
SKU006,2025-04-22,192
SKU007,2025-04-22,1004
SKU008,2025-04-22,1257
SKU009,2025-04-22,268
SKU010,2025-04-22,363
SKU011,2025-04-22,900
SKU012,2025-04-22,340
SKU013,2025-04-22,842
SKU014,2025-04-22,826
SKU015,2025-04-22,367
SKU016,2025-04-22,252
SKU017,2025-04-22,190
SKU018,2025-04-22,1016
SKU019,2025-04-22,440
SKU020,2025-04-22,1076
SKU021,2025-04-22,322
SKU022,2025-04-22,313
SKU023,2025-04-22,864
SKU024,2025-04-22,718
SKU025,2025-04-22,819
SKU026,2025-04-22,1689
SKU027,2025-04-22,905
SKU028,2025-04-22,1130
SKU029,2025-04-22,883
SKU030,2025-04-22,184
SKU031,2025-04-22,1513
SKU032,2025-04-22,930
SKU033,2025-04-22,1045
SKU034,2025-04-22,577
SKU035,2025-04-22,915
SKU036,2025-04-22,1350
SKU037,2025-04-22,411
SKU038,2025-04-22,579
SKU039,2025-04-22,390
SKU040,2025-04-22,1001
SKU041,2025-04-22,635
SKU042,2025-04-22,1615
SKU043,2025-04-22,1061
SKU044,2025-04-22,172
SKU045,2025-04-22,1386
SKU046,2025-04-22,443
SKU047,2025-04-22,609
SKU048,2025-04-22,472
SKU049,2025-04-22,613
SKU050,2025-04-22,535
SKU001,2025-04-23,243
SKU002,2025-04-23,345
SKU003,2025-04-23,748
SKU004,2025-04-23,994
SKU005,2025-04-23,193
SKU006,2025-04-23,167
SKU007,2025-04-23,929
SKU008,2025-04-23,1207
SKU009,2025-04-23,247
SKU010,2025-04-23,341
SKU011,2025-04-23,823
SKU012,2025-04-23,304
SKU013,2025-04-23,793
SKU014,2025-04-23,767
SKU015,2025-04-23,344
SKU016,2025-04-23,243
SKU017,2025-04-23,162
SKU018,2025-04-23,920
SKU019,2025-04-23,420
SKU020,2025-04-23,1009
SKU021,2025-04-23,278
SKU022,2025-04-23,294
SKU023,2025-04-23,828
SKU024,2025-04-23,680
SKU025,2025-04-23,762
SKU026,2025-04-23,1618
SKU027,2025-04-23,875
SKU028,2025-04-23,1047
SKU029,2025-04-23,829
SKU030,2025-04-23,161
SKU031,2025-04-23,1423
SKU032,2025-04-23,851
SKU033,2025-04-23,994
SKU034,2025-04-23,538
SKU035,2025-04-23,891
SKU036,2025-04-23,1310
SKU037,2025-04-23,390
SKU038,2025-04-23,2116
SKU039,2025-04-23,357
SKU040,2025-04-23,959
SKU041,2025-04-23,563
SKU042,2025-04-23,1579
SKU043,2025-04-23,1021
SKU044,2025-04-23,153
SKU045,2025-04-23,1318
SKU046,2025-04-23,416
SKU047,2025-04-23,565
SKU048,2025-04-23,433
SKU049,2025-04-23,571
SKU050,2025-04-23,483
SKU001,2025-04-24,230
SKU002,2025-04-24,294
SKU003,2025-04-24,661
SKU004,2025-04-24,908
SKU005,2025-04-24,573
SKU006,2025-04-24,571
SKU007,2025-04-24,875
SKU008,2025-04-24,1143
SKU009,2025-04-24,221
SKU010,2025-04-24,314
SKU011,2025-04-24,736
SKU012,2025-04-24,276
SKU013,2025-04-24,750
SKU014,2025-04-24,724
SKU015,2025-04-24,311
SKU016,2025-04-24,226
SKU017,2025-04-24,546
SKU018,2025-04-24,849
SKU019,2025-04-24,392
SKU020,2025-04-24,952
SKU021,2025-04-24,242
SKU022,2025-04-24,273
SKU023,2025-04-24,809
SKU024,2025-04-24,635
SKU025,2025-04-24,687
SKU026,2025-04-24,1520
SKU027,2025-04-24,817
SKU028,2025-04-24,980
SKU029,2025-04-24,759
SKU030,2025-04-24,577
SKU031,2025-04-24,1349
SKU032,2025-04-24,766
SKU033,2025-04-24,927
SKU034,2025-04-24,496
SKU035,2025-04-24,866
SKU036,2025-04-24,1248
SKU037,2025-04-24,367
SKU038,2025-04-24,2043
SKU039,2025-04-24,336
SKU040,2025-04-24,890
SKU041,2025-04-24,508
SKU042,2025-04-24,1532
SKU043,2025-04-24,982
SKU044,2025-04-24,137
SKU045,2025-04-24,1244
SKU046,2025-04-24,401
SKU047,2025-04-24,522
SKU048,2025-04-24,386
SKU049,2025-04-24,524
SKU050,2025-04-24,448
SKU001,2025-04-25,212
SKU002,2025-04-25,250
SKU003,2025-04-25,576
SKU004,2025-04-25,818
SKU005,2025-04-25,539
SKU006,2025-04-25,531
SKU007,2025-04-25,800
SKU008,2025-04-25,1076
SKU009,2025-04-25,198
SKU010,2025-04-25,287
SKU011,2025-04-25,643
SKU012,2025-04-25,235
SKU013,2025-04-25,693
SKU014,2025-04-25,683
SKU015,2025-04-25,276
SKU016,2025-04-25,207
SKU017,2025-04-25,518
SKU018,2025-04-25,782
SKU019,2025-04-25,371
SKU020,2025-04-25,881
SKU021,2025-04-25,707
SKU022,2025-04-25,254
SKU023,2025-04-25,761
SKU024,2025-04-25,599
SKU025,2025-04-25,621
SKU026,2025-04-25,1451
SKU027,2025-04-25,763
SKU028,2025-04-25,918
SKU029,2025-04-25,681
SKU030,2025-04-25,558
SKU031,2025-04-25,1246
SKU032,2025-04-25,715
SKU033,2025-04-25,878
SKU034,2025-04-25,429
SKU035,2025-04-25,817
SKU036,2025-04-25,1190
SKU037,2025-04-25,341
SKU038,2025-04-25,1972
SKU039,2025-04-25,299
SKU040,2025-04-25,843
SKU041,2025-04-25,448
SKU042,2025-04-25,1436
SKU043,2025-04-25,945
SKU044,2025-04-25,390
SKU045,2025-04-25,1168
SKU046,2025-04-25,375
SKU047,2025-04-25,482
SKU048,2025-04-25,327
SKU049,2025-04-25,489
SKU050,2025-04-25,421
SKU001,2025-04-26,194
SKU002,2025-04-26,183
SKU003,2025-04-26,490
SKU004,2025-04-26,755
SKU005,2025-04-26,512
SKU006,2025-04-26,499
SKU007,2025-04-26,712
SKU008,2025-04-26,1006
SKU009,2025-04-26,177
SKU010,2025-04-26,263
SKU011,2025-04-26,540
SKU012,2025-04-26,201
SKU013,2025-04-26,661
SKU014,2025-04-26,645
SKU015,2025-04-26,1258
SKU016,2025-04-26,195
SKU017,2025-04-26,490
SKU018,2025-04-26,713
SKU019,2025-04-26,348
SKU020,2025-04-26,819
SKU021,2025-04-26,669
SKU022,2025-04-26,237
SKU023,2025-04-26,723
SKU024,2025-04-26,551
SKU025,2025-04-26,576
SKU026,2025-04-26,1382
SKU027,2025-04-26,705
SKU028,2025-04-26,831
SKU029,2025-04-26,597
SKU030,2025-04-26,530
SKU031,2025-04-26,1154
SKU032,2025-04-26,632
SKU033,2025-04-26,824
SKU034,2025-04-26,382
SKU035,2025-04-26,774
SKU036,2025-04-26,1128
SKU037,2025-04-26,314
SKU038,2025-04-26,1895
SKU039,2025-04-26,270
SKU040,2025-04-26,778
SKU041,2025-04-26,364
SKU042,2025-04-26,1364
SKU043,2025-04-26,902
SKU044,2025-04-26,374
SKU045,2025-04-26,1065
SKU046,2025-04-26,345
SKU047,2025-04-26,425
SKU048,2025-04-26,271
SKU049,2025-04-26,457
SKU050,2025-04-26,383
SKU001,2025-04-27,189
SKU002,2025-04-27,1129
SKU003,2025-04-27,419
SKU004,2025-04-27,703
SKU005,2025-04-27,507
SKU006,2025-04-27,476
SKU007,2025-04-27,663
SKU008,2025-04-27,970
SKU009,2025-04-27,161
SKU010,2025-04-27,239
SKU011,2025-04-27,498
SKU012,2025-04-27,184
SKU013,2025-04-27,620
SKU014,2025-04-27,617
SKU015,2025-04-27,1215
SKU016,2025-04-27,185
SKU017,2025-04-27,477
SKU018,2025-04-27,680
SKU019,2025-04-27,336
SKU020,2025-04-27,774
SKU021,2025-04-27,639
SKU022,2025-04-27,230
SKU023,2025-04-27,702
SKU024,2025-04-27,522
SKU025,2025-04-27,520
SKU026,2025-04-27,1317
SKU027,2025-04-27,656
SKU028,2025-04-27,789
SKU029,2025-04-27,560
SKU030,2025-04-27,513
SKU031,2025-04-27,1099
SKU032,2025-04-27,586
SKU033,2025-04-27,789
SKU034,2025-04-27,360
SKU035,2025-04-27,760
SKU036,2025-04-27,1081
SKU037,2025-04-27,290
SKU038,2025-04-27,1862
SKU039,2025-04-27,242
SKU040,2025-04-27,741
SKU041,2025-04-27,328
SKU042,2025-04-27,1319
SKU043,2025-04-27,862
SKU044,2025-04-27,357
SKU045,2025-04-27,1017
SKU046,2025-04-27,322
SKU047,2025-04-27,381
SKU048,2025-04-27,234
SKU049,2025-04-27,428
SKU050,2025-04-27,348
SKU001,2025-04-28,180
SKU002,2025-04-28,1094
SKU003,2025-04-28,358
SKU004,2025-04-28,663
SKU005,2025-04-28,492
SKU006,2025-04-28,451
SKU007,2025-04-28,616
SKU008,2025-04-28,927
SKU009,2025-04-28,494
SKU010,2025-04-28,220
SKU011,2025-04-28,444
SKU012,2025-04-28,812
SKU013,2025-04-28,601
SKU014,2025-04-28,587
SKU015,2025-04-28,1196
SKU016,2025-04-28,167
SKU017,2025-04-28,453
SKU018,2025-04-28,623
SKU019,2025-04-28,316
SKU020,2025-04-28,731
SKU021,2025-04-28,606
SKU022,2025-04-28,220
SKU023,2025-04-28,682
SKU024,2025-04-28,496
SKU025,2025-04-28,478
SKU026,2025-04-28,1288
SKU027,2025-04-28,618
SKU028,2025-04-28,745
SKU029,2025-04-28,509
SKU030,2025-04-28,500
SKU031,2025-04-28,1045
SKU032,2025-04-28,541
SKU033,2025-04-28,732
SKU034,2025-04-28,318
SKU035,2025-04-28,742
SKU036,2025-04-28,1016
SKU037,2025-04-28,276
SKU038,2025-04-28,1796
SKU039,2025-04-28,221
SKU040,2025-04-28,692
SKU041,2025-04-28,1413
SKU042,2025-04-28,1272
SKU043,2025-04-28,838
SKU044,2025-04-28,341
SKU045,2025-04-28,925
SKU046,2025-04-28,294
SKU047,2025-04-28,335
SKU048,2025-04-28,790
SKU049,2025-04-28,397
SKU050,2025-04-28,324
SKU001,2025-04-29,163
SKU002,2025-04-29,1066
SKU003,2025-04-29,1362
SKU004,2025-04-29,609
SKU005,2025-04-29,472
SKU006,2025-04-29,423
SKU007,2025-04-29,547
SKU008,2025-04-29,889
SKU009,2025-04-29,473
SKU010,2025-04-29,207
SKU011,2025-04-29,372
SKU012,2025-04-29,761
SKU013,2025-04-29,568
SKU014,2025-04-29,527
SKU015,2025-04-29,1160
SKU016,2025-04-29,152
SKU017,2025-04-29,428
SKU018,2025-04-29,1625
SKU019,2025-04-29,294
SKU020,2025-04-29,668
SKU021,2025-04-29,564
SKU022,2025-04-29,209
SKU023,2025-04-29,654
SKU024,2025-04-29,450
SKU025,2025-04-29,425
SKU026,2025-04-29,1225
SKU027,2025-04-29,562
SKU028,2025-04-29,689
SKU029,2025-04-29,419
SKU030,2025-04-29,475
SKU031,2025-04-29,980
SKU032,2025-04-29,476
SKU033,2025-04-29,670
SKU034,2025-04-29,275
SKU035,2025-04-29,694
SKU036,2025-04-29,957
SKU037,2025-04-29,250
SKU038,2025-04-29,1731
SKU039,2025-04-29,182
SKU040,2025-04-29,643
SKU041,2025-04-29,1352
SKU042,2025-04-29,1206
SKU043,2025-04-29,786
SKU044,2025-04-29,320
SKU045,2025-04-29,864
SKU046,2025-04-29,265
SKU047,2025-04-29,269
SKU048,2025-04-29,754
SKU049,2025-04-29,369
SKU050,2025-04-29,1112
SKU001,2025-04-30,149
SKU002,2025-04-30,1030
SKU003,2025-04-30,1264
SKU004,2025-04-30,1940
SKU005,2025-04-30,444
SKU006,2025-04-30,406
SKU007,2025-04-30,477
SKU008,2025-04-30,828
SKU009,2025-04-30,450
SKU010,2025-04-30,184
SKU011,2025-04-30,1644
SKU012,2025-04-30,721
SKU013,2025-04-30,536
SKU014,2025-04-30,475
SKU015,2025-04-30,1119
SKU016,2025-04-30,135
SKU017,2025-04-30,406
SKU018,2025-04-30,1557
SKU019,2025-04-30,279
SKU020,2025-04-30,613
SKU021,2025-04-30,534
SKU022,2025-04-30,194
SKU023,2025-04-30,612
SKU024,2025-04-30,422
SKU025,2025-04-30,369
SKU026,2025-04-30,1189
SKU027,2025-04-30,501
SKU028,2025-04-30,624
SKU029,2025-04-30,350
SKU030,2025-04-30,453
SKU031,2025-04-30,894
SKU032,2025-04-30,392
SKU033,2025-04-30,605
SKU034,2025-04-30,217
SKU035,2025-04-30,668
SKU036,2025-04-30,912
SKU037,2025-04-30,223
SKU038,2025-04-30,1655
SKU039,2025-04-30,784
SKU040,2025-04-30,590
SKU041,2025-04-30,1299
SKU042,2025-04-30,1127
SKU043,2025-04-30,738
SKU044,2025-04-30,297
SKU045,2025-04-30,771
SKU046,2025-04-30,235
SKU047,2025-04-30,1226
SKU048,2025-04-30,705
SKU049,2025-04-30,330
SKU050,2025-04-30,1070
SKU001,2025-05-01,365
SKU002,2025-05-01,973
SKU003,2025-05-01,1196
SKU004,2025-05-01,1822
SKU005,2025-05-01,408
SKU006,2025-05-01,367
SKU007,2025-05-01,1103
SKU008,2025-05-01,761
SKU009,2025-05-01,417
SKU010,2025-05-01,150
SKU011,2025-05-01,1551
SKU012,2025-05-01,665
SKU013,2025-05-01,459
SKU014,2025-05-01,411
SKU015,2025-05-01,1063
SKU016,2025-05-01,118
SKU017,2025-05-01,373
SKU018,2025-05-01,1452
SKU019,2025-05-01,249
SKU020,2025-05-01,535
SKU021,2025-05-01,467
SKU022,2025-05-01,178
SKU023,2025-05-01,562
SKU024,2025-05-01,379
SKU025,2025-05-01,275
SKU026,2025-05-01,1073
SKU027,2025-05-01,426
SKU028,2025-05-01,534
SKU029,2025-05-01,259
SKU030,2025-05-01,423
SKU031,2025-05-01,779
SKU032,2025-05-01,1770
SKU033,2025-05-01,530
SKU034,2025-05-01,154
SKU035,2025-05-01,640
SKU036,2025-05-01,819
SKU037,2025-05-01,187
SKU038,2025-05-01,1572
SKU039,2025-05-01,744
SKU040,2025-05-01,541
SKU041,2025-05-01,1229
SKU042,2025-05-01,1056
SKU043,2025-05-01,691
SKU044,2025-05-01,263
SKU045,2025-05-01,685
SKU046,2025-05-01,205
SKU047,2025-05-01,1174
SKU048,2025-05-01,653
SKU049,2025-05-01,285
SKU050,2025-05-01,1033
SKU001,2025-05-02,338
SKU002,2025-05-02,904
SKU003,2025-05-02,1083
SKU004,2025-05-02,1733
SKU005,2025-05-02,379
SKU006,2025-05-02,335
SKU007,2025-05-02,1021
SKU008,2025-05-02,678
SKU009,2025-05-02,388
SKU010,2025-05-02,122
SKU011,2025-05-02,1421
SKU012,2025-05-02,611
SKU013,2025-05-02,390
SKU014,2025-05-02,351
SKU015,2025-05-02,1015
SKU016,2025-05-02,100
SKU017,2025-05-02,338
SKU018,2025-05-02,1356
SKU019,2025-05-02,220
SKU020,2025-05-02,451
SKU021,2025-05-02,413
SKU022,2025-05-02,154
SKU023,2025-05-02,513
SKU024,2025-05-02,316
SKU025,2025-05-02,173
SKU026,2025-05-02,993
SKU027,2025-05-02,365
SKU028,2025-05-02,453
SKU029,2025-05-02,188
SKU030,2025-05-02,388
SKU031,2025-05-02,647
SKU032,2025-05-02,1657
SKU033,2025-05-02,451
SKU034,2025-05-02,118
SKU035,2025-05-02,601
SKU036,2025-05-02,744
SKU037,2025-05-02,150
SKU038,2025-05-02,1485
SKU039,2025-05-02,701
SKU040,2025-05-02,469
SKU041,2025-05-02,1152
SKU042,2025-05-02,959
SKU043,2025-05-02,636
SKU044,2025-05-02,233
SKU045,2025-05-02,554
SKU046,2025-05-02,173
SKU047,2025-05-02,1106
SKU048,2025-05-02,581
SKU049,2025-05-02,236
SKU050,2025-05-02,974
SKU001,2025-05-03,314
SKU002,2025-05-03,831
SKU003,2025-05-03,963
SKU004,2025-05-03,1617
SKU005,2025-05-03,338
SKU006,2025-05-03,302
SKU007,2025-05-03,921
SKU008,2025-05-03,614
SKU009,2025-05-03,363
SKU010,2025-05-03,93
SKU011,2025-05-03,1297
SKU012,2025-05-03,559
SKU013,2025-05-03,326
SKU014,2025-05-03,293
SKU015,2025-05-03,974
SKU016,2025-05-03,78
SKU017,2025-05-03,297
SKU018,2025-05-03,1232
SKU019,2025-05-03,197
SKU020,2025-05-03,1178
SKU021,2025-05-03,355
SKU022,2025-05-03,135
SKU023,2025-05-03,457
SKU024,2025-05-03,253
SKU025,2025-05-03,1291
SKU026,2025-05-03,907
SKU027,2025-05-03,285
SKU028,2025-05-03,348
SKU029,2025-05-03,97
SKU030,2025-05-03,358
SKU031,2025-05-03,542
SKU032,2025-05-03,1568
SKU033,2025-05-03,1539
SKU034,2025-05-03,53
SKU035,2025-05-03,543
SKU036,2025-05-03,655
SKU037,2025-05-03,417
SKU038,2025-05-03,1400
SKU039,2025-05-03,660
SKU040,2025-05-03,373
SKU041,2025-05-03,1076
SKU042,2025-05-03,872
SKU043,2025-05-03,578
SKU044,2025-05-03,202
SKU045,2025-05-03,421
SKU046,2025-05-03,132
SKU047,2025-05-03,1048
SKU048,2025-05-03,518
SKU049,2025-05-03,952
SKU050,2025-05-03,916
SKU001,2025-05-04,298
SKU002,2025-05-04,807
SKU003,2025-05-04,903
SKU004,2025-05-04,1535
SKU005,2025-05-04,314
SKU006,2025-05-04,284
SKU007,2025-05-04,894
SKU008,2025-05-04,564
SKU009,2025-05-04,339
SKU010,2025-05-04,359
SKU011,2025-05-04,1229
SKU012,2025-05-04,517
SKU013,2025-05-04,280
SKU014,2025-05-04,240
SKU015,2025-05-04,944
SKU016,2025-05-04,515
SKU017,2025-05-04,267
SKU018,2025-05-04,1142
SKU019,2025-05-04,177
SKU020,2025-05-04,1119
SKU021,2025-05-04,317
SKU022,2025-05-04,121
SKU023,2025-05-04,431
SKU024,2025-05-04,219
SKU025,2025-05-04,1252
SKU026,2025-05-04,833
SKU027,2025-05-04,253
SKU028,2025-05-04,274
SKU029,2025-05-04,1178
SKU030,2025-05-04,340
SKU031,2025-05-04,460
SKU032,2025-05-04,1487
SKU033,2025-05-04,1502
SKU034,2025-05-04,923
SKU035,2025-05-04,517
SKU036,2025-05-04,602
SKU037,2025-05-04,401
SKU038,2025-05-04,1346
SKU039,2025-05-04,626
SKU040,2025-05-04,1512
SKU041,2025-05-04,1048
SKU042,2025-05-04,823
SKU043,2025-05-04,548
SKU044,2025-05-04,191
SKU045,2025-05-04,355
SKU046,2025-05-04,112
SKU047,2025-05-04,1009
SKU048,2025-05-04,476
SKU049,2025-05-04,926
SKU050,2025-05-04,889
SKU001,2025-05-05,285
SKU002,2025-05-05,776
SKU003,2025-05-05,827
SKU004,2025-05-05,1479
SKU005,2025-05-05,289
SKU006,2025-05-05,265
SKU007,2025-05-05,853
SKU008,2025-05-05,527
SKU009,2025-05-05,316
SKU010,2025-05-05,346
SKU011,2025-05-05,1198
SKU012,2025-05-05,490
SKU013,2025-05-05,253
SKU014,2025-05-05,221
SKU015,2025-05-05,915
SKU016,2025-05-05,502
SKU017,2025-05-05,244
SKU018,2025-05-05,1073
SKU019,2025-05-05,162
SKU020,2025-05-05,1043
SKU021,2025-05-05,295
SKU022,2025-05-05,109
SKU023,2025-05-05,403
SKU024,2025-05-05,935
SKU025,2025-05-05,1179
SKU026,2025-05-05,765
SKU027,2025-05-05,225
SKU028,2025-05-05,225
SKU029,2025-05-05,1144
SKU030,2025-05-05,321
SKU031,2025-05-05,1600
SKU032,2025-05-05,1433
SKU033,2025-05-05,1464
SKU034,2025-05-05,880
SKU035,2025-05-05,509
SKU036,2025-05-05,534
SKU037,2025-05-05,381
SKU038,2025-05-05,1315
SKU039,2025-05-05,593
SKU040,2025-05-05,1480
SKU041,2025-05-05,1015
SKU042,2025-05-05,763
SKU043,2025-05-05,517
SKU044,2025-05-05,169
SKU045,2025-05-05,1436
SKU046,2025-05-05,791
SKU047,2025-05-05,960
SKU048,2025-05-05,444
SKU049,2025-05-05,892
SKU050,2025-05-05,860
SKU001,2025-05-06,267
SKU002,2025-05-06,734
SKU003,2025-05-06,727
SKU004,2025-05-06,1408
SKU005,2025-05-06,266
SKU006,2025-05-06,238
SKU007,2025-05-06,779
SKU008,2025-05-06,492
SKU009,2025-05-06,292
SKU010,2025-05-06,321
SKU011,2025-05-06,1115
SKU012,2025-05-06,455
SKU013,2025-05-06,209
SKU014,2025-05-06,791
SKU015,2025-05-06,866
SKU016,2025-05-06,484
SKU017,2025-05-06,212
SKU018,2025-05-06,1021
SKU019,2025-05-06,145
SKU020,2025-05-06,979
SKU021,2025-05-06,238
SKU022,2025-05-06,98
SKU023,2025-05-06,371
SKU024,2025-05-06,909
SKU025,2025-05-06,1106
SKU026,2025-05-06,682
SKU027,2025-05-06,165
SKU028,2025-05-06,158
SKU029,2025-05-06,1066
SKU030,2025-05-06,301
SKU031,2025-05-06,1522
SKU032,2025-05-06,1357
SKU033,2025-05-06,1418
SKU034,2025-05-06,828
SKU035,2025-05-06,472
SKU036,2025-05-06,473
SKU037,2025-05-06,351
SKU038,2025-05-06,1258
SKU039,2025-05-06,568
SKU040,2025-05-06,1433
SKU041,2025-05-06,967
SKU042,2025-05-06,696
SKU043,2025-05-06,473
SKU044,2025-05-06,150
SKU045,2025-05-06,1353
SKU046,2025-05-06,767
SKU047,2025-05-06,917
SKU048,2025-05-06,397
SKU049,2025-05-06,859
SKU050,2025-05-06,823
SKU001,2025-05-07,253
SKU002,2025-05-07,685
SKU003,2025-05-07,649
SKU004,2025-05-07,1354
SKU005,2025-05-07,243
SKU006,2025-05-07,218
SKU007,2025-05-07,719
SKU008,2025-05-07,440
SKU009,2025-05-07,271
SKU010,2025-05-07,294
SKU011,2025-05-07,1038
SKU012,2025-05-07,399
SKU013,2025-05-07,865
SKU014,2025-05-07,740
SKU015,2025-05-07,828
SKU016,2025-05-07,469
SKU017,2025-05-07,183
SKU018,2025-05-07,964
SKU019,2025-05-07,127
SKU020,2025-05-07,917
SKU021,2025-05-07,694
SKU022,2025-05-07,373
SKU023,2025-05-07,335
SKU024,2025-05-07,867
SKU025,2025-05-07,1053
SKU026,2025-05-07,616
SKU027,2025-05-07,114
SKU028,2025-05-07,955
SKU029,2025-05-07,986
SKU030,2025-05-07,278
SKU031,2025-05-07,1416
SKU032,2025-05-07,1300
SKU033,2025-05-07,1377
SKU034,2025-05-07,791
SKU035,2025-05-07,431
SKU036,2025-05-07,397
SKU037,2025-05-07,317
SKU038,2025-05-07,1176
SKU039,2025-05-07,532
SKU040,2025-05-07,1367
SKU041,2025-05-07,914
SKU042,2025-05-07,630
SKU043,2025-05-07,426
SKU044,2025-05-07,129
SKU045,2025-05-07,1262
SKU046,2025-05-07,740
SKU047,2025-05-07,861
SKU048,2025-05-07,350
SKU049,2025-05-07,810
SKU050,2025-05-07,773
SKU001,2025-05-08,237
SKU002,2025-05-08,632
SKU003,2025-05-08,532
SKU004,2025-05-08,1271
SKU005,2025-05-08,215
SKU006,2025-05-08,196
SKU007,2025-05-08,654
SKU008,2025-05-08,378
SKU009,2025-05-08,240
SKU010,2025-05-08,270
SKU011,2025-05-08,978
SKU012,2025-05-08,372
SKU013,2025-05-08,835
SKU014,2025-05-08,676
SKU015,2025-05-08,795
SKU016,2025-05-08,453
SKU017,2025-05-08,156
SKU018,2025-05-08,901
SKU019,2025-05-08,101
SKU020,2025-05-08,873
SKU021,2025-05-08,648
SKU022,2025-05-08,357
SKU023,2025-05-08,297
SKU024,2025-05-08,845
SKU025,2025-05-08,997
SKU026,2025-05-08,522
SKU027,2025-05-08,56
SKU028,2025-05-08,889
SKU029,2025-05-08,909
SKU030,2025-05-08,250
SKU031,2025-05-08,1339
SKU032,2025-05-08,1205
SKU033,2025-05-08,1321
SKU034,2025-05-08,728
SKU035,2025-05-08,401
SKU036,2025-05-08,341
SKU037,2025-05-08,295
SKU038,2025-05-08,1114
SKU039,2025-05-08,495
SKU040,2025-05-08,1281
SKU041,2025-05-08,863
SKU042,2025-05-08,560
SKU043,2025-05-08,378
SKU044,2025-05-08,107
SKU045,2025-05-08,1178
SKU046,2025-05-08,713
SKU047,2025-05-08,809
SKU048,2025-05-08,307
SKU049,2025-05-08,778
SKU050,2025-05-08,740
SKU001,2025-05-09,226
SKU002,2025-05-09,593
SKU003,2025-05-09,449
SKU004,2025-05-09,1178
SKU005,2025-05-09,188
SKU006,2025-05-09,174
SKU007,2025-05-09,584
SKU008,2025-05-09,339
SKU009,2025-05-09,218
SKU010,2025-05-09,245
SKU011,2025-05-09,901
SKU012,2025-05-09,344
SKU013,2025-05-09,776
SKU014,2025-05-09,617
SKU015,2025-05-09,758
SKU016,2025-05-09,440
SKU017,2025-05-09,125
SKU018,2025-05-09,837
SKU019,2025-05-09,77
SKU020,2025-05-09,784
SKU021,2025-05-09,610
SKU022,2025-05-09,341
SKU023,2025-05-09,1025
SKU024,2025-05-09,807
SKU025,2025-05-09,934
SKU026,2025-05-09,1687
SKU027,2025-05-09,6
SKU028,2025-05-09,823
SKU029,2025-05-09,836
SKU030,2025-05-09,229
SKU031,2025-05-09,1248
SKU032,2025-05-09,1115
SKU033,2025-05-09,1267
SKU034,2025-05-09,684
SKU035,2025-05-09,363
SKU036,2025-05-09,271
SKU037,2025-05-09,272
SKU038,2025-05-09,1028
SKU039,2025-05-09,460
SKU040,2025-05-09,1232
SKU041,2025-05-09,804
SKU042,2025-05-09,505
SKU043,2025-05-09,334
SKU044,2025-05-09,277
SKU045,2025-05-09,1078
SKU046,2025-05-09,691
SKU047,2025-05-09,752
SKU048,2025-05-09,262
SKU049,2025-05-09,730
SKU050,2025-05-09,694
SKU001,2025-05-10,203
SKU002,2025-05-10,552
SKU003,2025-05-10,363
SKU004,2025-05-10,1095
SKU005,2025-05-10,164
SKU006,2025-05-10,566
SKU007,2025-05-10,509
SKU008,2025-05-10,277
SKU009,2025-05-10,194
SKU010,2025-05-10,218
SKU011,2025-05-10,819
SKU012,2025-05-10,309
SKU013,2025-05-10,734
SKU014,2025-05-10,580
SKU015,2025-05-10,715
SKU016,2025-05-10,428
SKU017,2025-05-10,93
SKU018,2025-05-10,752
SKU019,2025-05-10,400
SKU020,2025-05-10,688
SKU021,2025-05-10,568
SKU022,2025-05-10,321
SKU023,2025-05-10,978
SKU024,2025-05-10,759
SKU025,2025-05-10,875
SKU026,2025-05-10,1584
SKU027,2025-05-10,0
SKU028,2025-05-10,755
SKU029,2025-05-10,757
SKU030,2025-05-10,205
SKU031,2025-05-10,1141
SKU032,2025-05-10,1019
SKU033,2025-05-10,1215
SKU034,2025-05-10,617
SKU035,2025-05-10,319
SKU036,2025-05-10,199
SKU037,2025-05-10,245
SKU038,2025-05-10,948
SKU039,2025-05-10,418
SKU040,2025-05-10,1168
SKU041,2025-05-10,740
SKU042,2025-05-10,420
SKU043,2025-05-10,270
SKU044,2025-05-10,252
SKU045,2025-05-10,993
SKU046,2025-05-10,654
SKU047,2025-05-10,702
SKU048,2025-05-10,203
SKU049,2025-05-10,683
SKU050,2025-05-10,670
SKU001,2025-05-11,191
SKU002,2025-05-11,537
SKU003,2025-05-11,292
SKU004,2025-05-11,1042
SKU005,2025-05-11,155
SKU006,2025-05-11,545
SKU007,2025-05-11,488
SKU008,2025-05-11,984
SKU009,2025-05-11,184
SKU010,2025-05-11,207
SKU011,2025-05-11,768
SKU012,2025-05-11,285
SKU013,2025-05-11,696
SKU014,2025-05-11,541
SKU015,2025-05-11,684
SKU016,2025-05-11,417
SKU017,2025-05-11,488
SKU018,2025-05-11,658
SKU019,2025-05-11,381
SKU020,2025-05-11,628
SKU021,2025-05-11,543
SKU022,2025-05-11,309
SKU023,2025-05-11,952
SKU024,2025-05-11,725
SKU025,2025-05-11,848
SKU026,2025-05-11,1560
SKU027,2025-05-11,943
SKU028,2025-05-11,719
SKU029,2025-05-11,710
SKU030,2025-05-11,187
SKU031,2025-05-11,1083
SKU032,2025-05-11,963
SKU033,2025-05-11,1179
SKU034,2025-05-11,588
SKU035,2025-05-11,292
SKU036,2025-05-11,1136
SKU037,2025-05-11,224
SKU038,2025-05-11,896
SKU039,2025-05-11,390
SKU040,2025-05-11,1153
SKU041,2025-05-11,710
SKU042,2025-05-11,381
SKU043,2025-05-11,251
SKU044,2025-05-11,231
SKU045,2025-05-11,928
SKU046,2025-05-11,635
SKU047,2025-05-11,664
SKU048,2025-05-11,800
SKU049,2025-05-11,670
SKU050,2025-05-11,645
SKU001,2025-05-12,184
SKU002,2025-05-12,499
SKU003,2025-05-12,237
SKU004,2025-05-12,980
SKU005,2025-05-12,137
SKU006,2025-05-12,521
SKU007,2025-05-12,423
SKU008,2025-05-12,950
SKU009,2025-05-12,166
SKU010,2025-05-12,194
SKU011,2025-05-12,724
SKU012,2025-05-12,921
SKU013,2025-05-12,667
SKU014,2025-05-12,494
SKU015,2025-05-12,669
SKU016,2025-05-12,405
SKU017,2025-05-12,462
SKU018,2025-05-12,586
SKU019,2025-05-12,368
SKU020,2025-05-12,583
SKU021,2025-05-12,524
SKU022,2025-05-12,295
SKU023,2025-05-12,924
SKU024,2025-05-12,688
SKU025,2025-05-12,812
SKU026,2025-05-12,1496
SKU027,2025-05-12,924
SKU028,2025-05-12,658
SKU029,2025-05-12,657
SKU030,2025-05-12,160
SKU031,2025-05-12,996
SKU032,2025-05-12,914
SKU033,2025-05-12,1146
SKU034,2025-05-12,541
SKU035,2025-05-12,275
SKU036,2025-05-12,1084
SKU037,2025-05-12,201
SKU038,2025-05-12,835
SKU039,2025-05-12,360
SKU040,2025-05-12,1099
SKU041,2025-05-12,657
SKU042,2025-05-12,320
SKU043,2025-05-12,214
SKU044,2025-05-12,218
SKU045,2025-05-12,846
SKU046,2025-05-12,622
SKU047,2025-05-12,621
SKU048,2025-05-12,763
SKU049,2025-05-12,647
SKU050,2025-05-12,608
SKU001,2025-05-13,167
SKU002,2025-05-13,449
SKU003,2025-05-13,1231
SKU004,2025-05-13,880
SKU005,2025-05-13,107
SKU006,2025-05-13,506
SKU007,2025-05-13,1302
SKU008,2025-05-13,903
SKU009,2025-05-13,140
SKU010,2025-05-13,168
SKU011,2025-05-13,665
SKU012,2025-05-13,881
SKU013,2025-05-13,622
SKU014,2025-05-13,438
SKU015,2025-05-13,619
SKU016,2025-05-13,389
SKU017,2025-05-13,431
SKU018,2025-05-13,488
SKU019,2025-05-13,347
SKU020,2025-05-13,523
SKU021,2025-05-13,494
SKU022,2025-05-13,278
SKU023,2025-05-13,898
SKU024,2025-05-13,646
SKU025,2025-05-13,745
SKU026,2025-05-13,1439
SKU027,2025-05-13,870
SKU028,2025-05-13,608
SKU029,2025-05-13,585
SKU030,2025-05-13,139
SKU031,2025-05-13,888
SKU032,2025-05-13,829
SKU033,2025-05-13,1089
SKU034,2025-05-13,501
SKU035,2025-05-13,243
SKU036,2025-05-13,1029
SKU037,2025-05-13,174
SKU038,2025-05-13,765
SKU039,2025-05-13,325
SKU040,2025-05-13,1046
SKU041,2025-05-13,608
SKU042,2025-05-13,1036
SKU043,2025-05-13,193
SKU044,2025-05-13,200
SKU045,2025-05-13,760
SKU046,2025-05-13,589
SKU047,2025-05-13,568
SKU048,2025-05-13,724
SKU049,2025-05-13,600
SKU050,2025-05-13,561
SKU001,2025-05-14,155
SKU002,2025-05-14,415
SKU003,2025-05-14,1167
SKU004,2025-05-14,787
SKU005,2025-05-14,79
SKU006,2025-05-14,476
SKU007,2025-05-14,1235
SKU008,2025-05-14,842
SKU009,2025-05-14,116
SKU010,2025-05-14,143
SKU011,2025-05-14,615
SKU012,2025-05-14,845
SKU013,2025-05-14,563
SKU014,2025-05-14,387
SKU015,2025-05-14,587
SKU016,2025-05-14,373
SKU017,2025-05-14,403
SKU018,2025-05-14,437
SKU019,2025-05-14,333
SKU020,2025-05-14,442
SKU021,2025-05-14,451
SKU022,2025-05-14,267
SKU023,2025-05-14,842
SKU024,2025-05-14,585
SKU025,2025-05-14,665
SKU026,2025-05-14,1342
SKU027,2025-05-14,814
SKU028,2025-05-14,516
SKU029,2025-05-14,485
SKU030,2025-05-14,112
SKU031,2025-05-14,788
SKU032,2025-05-14,743
SKU033,2025-05-14,1007
SKU034,2025-05-14,450
SKU035,2025-05-14,208
SKU036,2025-05-14,950
SKU037,2025-05-14,145
SKU038,2025-05-14,681
SKU039,2025-05-14,297
SKU040,2025-05-14,995
SKU041,2025-05-14,548
SKU042,2025-05-14,985
SKU043,2025-05-14,934
SKU044,2025-05-14,176
SKU045,2025-05-14,665
SKU046,2025-05-14,558
SKU047,2025-05-14,515
SKU048,2025-05-14,666
SKU049,2025-05-14,562
SKU050,2025-05-14,525
SKU001,2025-05-15,140
SKU002,2025-05-15,374
SKU003,2025-05-15,1054
SKU004,2025-05-15,701
SKU005,2025-05-15,51
SKU006,2025-05-15,449
SKU007,2025-05-15,1167
SKU008,2025-05-15,795
SKU009,2025-05-15,83
SKU010,2025-05-15,418
SKU011,2025-05-15,1870
SKU012,2025-05-15,807
SKU013,2025-05-15,519
SKU014,2025-05-15,346
SKU015,2025-05-15,554
SKU016,2025-05-15,357
SKU017,2025-05-15,365
SKU018,2025-05-15,344
SKU019,2025-05-15,302
SKU020,2025-05-15,374
SKU021,2025-05-15,419
SKU022,2025-05-15,255
SKU023,2025-05-15,807
SKU024,2025-05-15,540
SKU025,2025-05-15,588
SKU026,2025-05-15,1260
SKU027,2025-05-15,762
SKU028,2025-05-15,441
SKU029,2025-05-15,425
SKU030,2025-05-15,85
SKU031,2025-05-15,681
SKU032,2025-05-15,649
SKU033,2025-05-15,946
SKU034,2025-05-15,404
SKU035,2025-05-15,634
SKU036,2025-05-15,881
SKU037,2025-05-15,117
SKU038,2025-05-15,598
SKU039,2025-05-15,268
SKU040,2025-05-15,934
SKU041,2025-05-15,486
SKU042,2025-05-15,895
SKU043,2025-05-15,897
SKU044,2025-05-15,158
SKU045,2025-05-15,567
SKU046,2025-05-15,534
SKU047,2025-05-15,468
SKU048,2025-05-15,624
SKU049,2025-05-15,515
SKU050,2025-05-15,464
SKU001,2025-05-16,348
SKU002,2025-05-16,330
SKU003,2025-05-16,969
SKU004,2025-05-16,615
SKU005,2025-05-16,435
SKU006,2025-05-16,417
SKU007,2025-05-16,1104
SKU008,2025-05-16,731
SKU009,2025-05-16,504
SKU010,2025-05-16,394
SKU011,2025-05-16,1802
SKU012,2025-05-16,776
SKU013,2025-05-16,458
SKU014,2025-05-16,307
SKU015,2025-05-16,511
SKU016,2025-05-16,339
SKU017,2025-05-16,338
SKU018,2025-05-16,1044
SKU019,2025-05-16,280
SKU020,2025-05-16,298
SKU021,2025-05-16,373
SKU022,2025-05-16,235
SKU023,2025-05-16,766
SKU024,2025-05-16,507
SKU025,2025-05-16,528
SKU026,2025-05-16,1184
SKU027,2025-05-16,710
SKU028,2025-05-16,1223
SKU029,2025-05-16,1197
SKU030,2025-05-16,507
SKU031,2025-05-16,580
SKU032,2025-05-16,568
SKU033,2025-05-16,869
SKU034,2025-05-16,372
SKU035,2025-05-16,602
SKU036,2025-05-16,815
SKU037,2025-05-16,429
SKU038,2025-05-16,534
SKU039,2025-05-16,226
SKU040,2025-05-16,892
SKU041,2025-05-16,423
SKU042,2025-05-16,831
SKU043,2025-05-16,844
SKU044,2025-05-16,132
SKU045,2025-05-16,1906
SKU046,2025-05-16,505
SKU047,2025-05-16,409
SKU048,2025-05-16,577
SKU049,2025-05-16,487
SKU050,2025-05-16,407
SKU001,2025-05-17,326
SKU002,2025-05-17,279
SKU003,2025-05-17,875
SKU004,2025-05-17,536
SKU005,2025-05-17,404
SKU006,2025-05-17,384
SKU007,2025-05-17,1038
SKU008,2025-05-17,654
SKU009,2025-05-17,478
SKU010,2025-05-17,364
SKU011,2025-05-17,1721
SKU012,2025-05-17,728
SKU013,2025-05-17,399
SKU014,2025-05-17,249
SKU015,2025-05-17,466
SKU016,2025-05-17,324
SKU017,2025-05-17,305
SKU018,2025-05-17,963
SKU019,2025-05-17,255
SKU020,2025-05-17,223
SKU021,2025-05-17,318
SKU022,2025-05-17,219
SKU023,2025-05-17,720
SKU024,2025-05-17,471
SKU025,2025-05-17,447
SKU026,2025-05-17,1100
SKU027,2025-05-17,640
SKU028,2025-05-17,1137
SKU029,2025-05-17,1118
SKU030,2025-05-17,483
SKU031,2025-05-17,478
SKU032,2025-05-17,1991
SKU033,2025-05-17,808
SKU034,2025-05-17,317
SKU035,2025-05-17,577
SKU036,2025-05-17,733
SKU037,2025-05-17,403
SKU038,2025-05-17,439
SKU039,2025-05-17,195
SKU040,2025-05-17,829
SKU041,2025-05-17,368
SKU042,2025-05-17,752
SKU043,2025-05-17,794
SKU044,2025-05-17,110
SKU045,2025-05-17,1796
SKU046,2025-05-17,479
SKU047,2025-05-17,356
SKU048,2025-05-17,511
SKU049,2025-05-17,442
SKU050,2025-05-17,369
SKU001,2025-05-18,318
SKU002,2025-05-18,244
SKU003,2025-05-18,817
SKU004,2025-05-18,459
SKU005,2025-05-18,391
SKU006,2025-05-18,367
SKU007,2025-05-18,983
SKU008,2025-05-18,611
SKU009,2025-05-18,458
SKU010,2025-05-18,352
SKU011,2025-05-18,1676
SKU012,2025-05-18,688
SKU013,2025-05-18,338
SKU014,2025-05-18,224
SKU015,2025-05-18,441
SKU016,2025-05-18,307
SKU017,2025-05-18,283
SKU018,2025-05-18,901
SKU019,2025-05-18,241
SKU020,2025-05-18,1069
SKU021,2025-05-18,283
SKU022,2025-05-18,210
SKU023,2025-05-18,686
SKU024,2025-05-18,450
SKU025,2025-05-18,397
SKU026,2025-05-18,1052
SKU027,2025-05-18,594
SKU028,2025-05-18,1105
SKU029,2025-05-18,1089
SKU030,2025-05-18,460
SKU031,2025-05-18,398
SKU032,2025-05-18,1931
SKU033,2025-05-18,756
SKU034,2025-05-18,284
SKU035,2025-05-18,555
SKU036,2025-05-18,700
SKU037,2025-05-18,383
SKU038,2025-05-18,393
SKU039,2025-05-18,813
SKU040,2025-05-18,801
SKU041,2025-05-18,349
SKU042,2025-05-18,708
SKU043,2025-05-18,754
SKU044,2025-05-18,99
SKU045,2025-05-18,1739
SKU046,2025-05-18,464
SKU047,2025-05-18,983
SKU048,2025-05-18,490
SKU049,2025-05-18,405
SKU050,2025-05-18,323
SKU001,2025-05-19,306
SKU002,2025-05-19,1179
SKU003,2025-05-19,745
SKU004,2025-05-19,410
SKU005,2025-05-19,363
SKU006,2025-05-19,356
SKU007,2025-05-19,930
SKU008,2025-05-19,561
SKU009,2025-05-19,434
SKU010,2025-05-19,330
SKU011,2025-05-19,1586
SKU012,2025-05-19,656
SKU013,2025-05-19,311
SKU014,2025-05-19,189
SKU015,2025-05-19,416
SKU016,2025-05-19,298
SKU017,2025-05-19,269
SKU018,2025-05-19,827
SKU019,2025-05-19,225
SKU020,2025-05-19,1007
SKU021,2025-05-19,742
SKU022,2025-05-19,196
SKU023,2025-05-19,653
SKU024,2025-05-19,418
SKU025,2025-05-19,335
SKU026,2025-05-19,1009
SKU027,2025-05-19,554
SKU028,2025-05-19,1048
SKU029,2025-05-19,1036
SKU030,2025-05-19,444
SKU031,2025-05-19,1531
SKU032,2025-05-19,1877
SKU033,2025-05-19,723
SKU034,2025-05-19,246
SKU035,2025-05-19,530
SKU036,2025-05-19,644
SKU037,2025-05-19,362
SKU038,2025-05-19,346
SKU039,2025-05-19,785
SKU040,2025-05-19,768
SKU041,2025-05-19,1369
SKU042,2025-05-19,641
SKU043,2025-05-19,717
SKU044,2025-05-19,80
SKU045,2025-05-19,1674
SKU046,2025-05-19,442
SKU047,2025-05-19,961
SKU048,2025-05-19,444
SKU049,2025-05-19,374
SKU050,2025-05-19,296
SKU001,2025-05-20,289
SKU002,2025-05-20,1135
SKU003,2025-05-20,687
SKU004,2025-05-20,329
SKU005,2025-05-20,346
SKU006,2025-05-20,342
SKU007,2025-05-20,896
SKU008,2025-05-20,496
SKU009,2025-05-20,405
SKU010,2025-05-20,295
SKU011,2025-05-20,1523
SKU012,2025-05-20,619
SKU013,2025-05-20,260
SKU014,2025-05-20,138
SKU015,2025-05-20,377
SKU016,2025-05-20,281
SKU017,2025-05-20,242
SKU018,2025-05-20,772
SKU019,2025-05-20,203
SKU020,2025-05-20,942
SKU021,2025-05-20,701
SKU022,2025-05-20,181
SKU023,2025-05-20,604
SKU024,2025-05-20,376
SKU025,2025-05-20,298
SKU026,2025-05-20,953
SKU027,2025-05-20,502
SKU028,2025-05-20,966
SKU029,2025-05-20,976
SKU030,2025-05-20,427
SKU031,2025-05-20,1423
SKU032,2025-05-20,1801
SKU033,2025-05-20,675
SKU034,2025-05-20,197
SKU035,2025-05-20,499
SKU036,2025-05-20,577
SKU037,2025-05-20,340
SKU038,2025-05-20,2239
SKU039,2025-05-20,753
SKU040,2025-05-20,726
SKU041,2025-05-20,1319
SKU042,2025-05-20,560
SKU043,2025-05-20,678
SKU044,2025-05-20,296
SKU045,2025-05-20,1592
SKU046,2025-05-20,411
SKU047,2025-05-20,912
SKU048,2025-05-20,393
SKU049,2025-05-20,350
SKU050,2025-05-20,260
SKU001,2025-05-21,270
SKU002,2025-05-21,1087
SKU003,2025-05-21,629
SKU004,2025-05-21,1396
SKU005,2025-05-21,323
SKU006,2025-05-21,320
SKU007,2025-05-21,826
SKU008,2025-05-21,443
SKU009,2025-05-21,376
SKU010,2025-05-21,278
SKU011,2025-05-21,1452
SKU012,2025-05-21,585
SKU013,2025-05-21,794
SKU014,2025-05-21,84
SKU015,2025-05-21,329
SKU016,2025-05-21,266
SKU017,2025-05-21,217
SKU018,2025-05-21,662
SKU019,2025-05-21,178
SKU020,2025-05-21,877
SKU021,2025-05-21,667
SKU022,2025-05-21,165
SKU023,2025-05-21,564
SKU024,2025-05-21,333
SKU025,2025-05-21,1495
SKU026,2025-05-21,905
SKU027,2025-05-21,460
SKU028,2025-05-21,912
SKU029,2025-05-21,876
SKU030,2025-05-21,398
SKU031,2025-05-21,1355
SKU032,2025-05-21,1725
SKU033,2025-05-21,595
SKU034,2025-05-21,140
SKU035,2025-05-21,460
SKU036,2025-05-21,507
SKU037,2025-05-21,310
SKU038,2025-05-21,2172
SKU039,2025-05-21,723
SKU040,2025-05-21,671
SKU041,2025-05-21,1258
SKU042,2025-05-21,485
SKU043,2025-05-21,640
SKU044,2025-05-21,279
SKU045,2025-05-21,1483
SKU046,2025-05-21,382
SKU047,2025-05-21,866
SKU048,2025-05-21,352
SKU049,2025-05-21,297
SKU050,2025-05-21,222
SKU001,2025-05-22,251
SKU002,2025-05-22,1041
SKU003,2025-05-22,557
SKU004,2025-05-22,1305
SKU005,2025-05-22,296
SKU006,2025-05-22,289
SKU007,2025-05-22,747
SKU008,2025-05-22,391
SKU009,2025-05-22,348
SKU010,2025-05-22,256
SKU011,2025-05-22,1393
SKU012,2025-05-22,554
SKU013,2025-05-22,750
SKU014,2025-05-22,716
SKU015,2025-05-22,297
SKU016,2025-05-22,252
SKU017,2025-05-22,191
SKU018,2025-05-22,591
SKU019,2025-05-22,151
SKU020,2025-05-22,797
SKU021,2025-05-22,629
SKU022,2025-05-22,152
SKU023,2025-05-22,530
SKU024,2025-05-22,282
SKU025,2025-05-22,1458
SKU026,2025-05-22,824
SKU027,2025-05-22,400
SKU028,2025-05-22,852
SKU029,2025-05-22,797
SKU030,2025-05-22,377
SKU031,2025-05-22,1270
SKU032,2025-05-22,1659
SKU033,2025-05-22,532
SKU034,2025-05-22,87
SKU035,2025-05-22,421
SKU036,2025-05-22,431
SKU037,2025-05-22,283
SKU038,2025-05-22,2120
SKU039,2025-05-22,675
SKU040,2025-05-22,588
SKU041,2025-05-22,1207
SKU042,2025-05-22,411
SKU043,2025-05-22,602
SKU044,2025-05-22,266
SKU045,2025-05-22,1415
SKU046,2025-05-22,357
SKU047,2025-05-22,814
SKU048,2025-05-22,310
SKU049,2025-05-22,768
SKU050,2025-05-22,175
SKU001,2025-05-23,232
SKU002,2025-05-23,1001
SKU003,2025-05-23,483
SKU004,2025-05-23,1228
SKU005,2025-05-23,263
SKU006,2025-05-23,261
SKU007,2025-05-23,663
SKU008,2025-05-23,338
SKU009,2025-05-23,312
SKU010,2025-05-23,232
SKU011,2025-05-23,1322
SKU012,2025-05-23,529
SKU013,2025-05-23,705
SKU014,2025-05-23,662
SKU015,2025-05-23,891
SKU016,2025-05-23,237
SKU017,2025-05-23,172
SKU018,2025-05-23,500
SKU019,2025-05-23,127
SKU020,2025-05-23,725
SKU021,2025-05-23,572
SKU022,2025-05-23,142
SKU023,2025-05-23,503
SKU024,2025-05-23,249
SKU025,2025-05-23,1376
SKU026,2025-05-23,744
SKU027,2025-05-23,321
SKU028,2025-05-23,797
SKU029,2025-05-23,704
SKU030,2025-05-23,356
SKU031,2025-05-23,1209
SKU032,2025-05-23,1574
SKU033,2025-05-23,487
SKU034,2025-05-23,657
SKU035,2025-05-23,395
SKU036,2025-05-23,373
SKU037,2025-05-23,265
SKU038,2025-05-23,2050
SKU039,2025-05-23,641
SKU040,2025-05-23,523
SKU041,2025-05-23,1141
SKU042,2025-05-23,302
SKU043,2025-05-23,568
SKU044,2025-05-23,246
SKU045,2025-05-23,1311
SKU046,2025-05-23,326
SKU047,2025-05-23,779
SKU048,2025-05-23,1115
SKU049,2025-05-23,733
SKU050,2025-05-23,583
SKU001,2025-05-24,213
SKU002,2025-05-24,938
SKU003,2025-05-24,407
SKU004,2025-05-24,1141
SKU005,2025-05-24,241
SKU006,2025-05-24,231
SKU007,2025-05-24,592
SKU008,2025-05-24,1383
SKU009,2025-05-24,294
SKU010,2025-05-24,198
SKU011,2025-05-24,1237
SKU012,2025-05-24,491
SKU013,2025-05-24,662
SKU014,2025-05-24,599
SKU015,2025-05-24,854
SKU016,2025-05-24,219
SKU017,2025-05-24,146
SKU018,2025-05-24,444
SKU019,2025-05-24,106
SKU020,2025-05-24,641
SKU021,2025-05-24,524
SKU022,2025-05-24,122
SKU023,2025-05-24,456
SKU024,2025-05-24,1316
SKU025,2025-05-24,1308
SKU026,2025-05-24,682
SKU027,2025-05-24,262
SKU028,2025-05-24,709
SKU029,2025-05-24,623
SKU030,2025-05-24,325
SKU031,2025-05-24,1113
SKU032,2025-05-24,1493
SKU033,2025-05-24,416
SKU034,2025-05-24,624
SKU035,2025-05-24,372
SKU036,2025-05-24,303
SKU037,2025-05-24,231
SKU038,2025-05-24,1994
SKU039,2025-05-24,609
SKU040,2025-05-24,455
SKU041,2025-05-24,1076
SKU042,2025-05-24,220
SKU043,2025-05-24,519
SKU044,2025-05-24,232
SKU045,2025-05-24,1194
SKU046,2025-05-24,306
SKU047,2025-05-24,739
SKU048,2025-05-24,1073
SKU049,2025-05-24,693
SKU050,2025-05-24,533
SKU001,2025-05-25,200
SKU002,2025-05-25,897
SKU003,2025-05-25,1054
SKU004,2025-05-25,1080
SKU005,2025-05-25,222
SKU006,2025-05-25,219
SKU007,2025-05-25,554
SKU008,2025-05-25,1351
SKU009,2025-05-25,270
SKU010,2025-05-25,180
SKU011,2025-05-25,1191
SKU012,2025-05-25,455
SKU013,2025-05-25,618
SKU014,2025-05-25,559
SKU015,2025-05-25,813
SKU016,2025-05-25,205
SKU017,2025-05-25,124
SKU018,2025-05-25,402
SKU019,2025-05-25,83
SKU020,2025-05-25,597
SKU021,2025-05-25,478
SKU022,2025-05-25,108
SKU023,2025-05-25,418
SKU024,2025-05-25,1280
SKU025,2025-05-25,1261
SKU026,2025-05-25,633
SKU027,2025-05-25,864
SKU028,2025-05-25,676
SKU029,2025-05-25,569
SKU030,2025-05-25,321
SKU031,2025-05-25,1072
SKU032,2025-05-25,1428
SKU033,2025-05-25,1547
SKU034,2025-05-25,588
SKU035,2025-05-25,354
SKU036,2025-05-25,264
SKU037,2025-05-25,210
SKU038,2025-05-25,1942
SKU039,2025-05-25,580
SKU040,2025-05-25,419
SKU041,2025-05-25,1032
SKU042,2025-05-25,1294
SKU043,2025-05-25,492
SKU044,2025-05-25,222
SKU045,2025-05-25,1145
SKU046,2025-05-25,280
SKU047,2025-05-25,712
SKU048,2025-05-25,1044
SKU049,2025-05-25,659
SKU050,2025-05-25,511
SKU001,2025-05-26,188
SKU002,2025-05-26,867
SKU003,2025-05-26,1022
SKU004,2025-05-26,1021
SKU005,2025-05-26,216
SKU006,2025-05-26,204
SKU007,2025-05-26,480
SKU008,2025-05-26,1320
SKU009,2025-05-26,258
SKU010,2025-05-26,157
SKU011,2025-05-26,1112
SKU012,2025-05-26,435
SKU013,2025-05-26,557
SKU014,2025-05-26,511
SKU015,2025-05-26,774
SKU016,2025-05-26,194
SKU017,2025-05-26,515
SKU018,2025-05-26,1452
SKU019,2025-05-26,459
SKU020,2025-05-26,517
SKU021,2025-05-26,440
SKU022,2025-05-26,101
SKU023,2025-05-26,379
SKU024,2025-05-26,1238
SKU025,2025-05-26,1229
SKU026,2025-05-26,576
SKU027,2025-05-26,814
SKU028,2025-05-26,618
SKU029,2025-05-26,535
SKU030,2025-05-26,297
SKU031,2025-05-26,980
SKU032,2025-05-26,1369
SKU033,2025-05-26,1514
SKU034,2025-05-26,550
SKU035,2025-05-26,329
SKU036,2025-05-26,1295
SKU037,2025-05-26,193
SKU038,2025-05-26,1890
SKU039,2025-05-26,545
SKU040,2025-05-26,367
SKU041,2025-05-26,996
SKU042,2025-05-26,1247
SKU043,2025-05-26,456
SKU044,2025-05-26,197
SKU045,2025-05-26,1053
SKU046,2025-05-26,258
SKU047,2025-05-26,688
SKU048,2025-05-26,1002
SKU049,2025-05-26,635
SKU050,2025-05-26,483
SKU001,2025-05-27,170
SKU002,2025-05-27,828
SKU003,2025-05-27,918
SKU004,2025-05-27,922
SKU005,2025-05-27,190
SKU006,2025-05-27,183
SKU007,2025-05-27,1693
SKU008,2025-05-27,1263
SKU009,2025-05-27,238
SKU010,2025-05-27,144
SKU011,2025-05-27,1029
SKU012,2025-05-27,388
SKU013,2025-05-27,503
SKU014,2025-05-27,477
SKU015,2025-05-27,738
SKU016,2025-05-27,179
SKU017,2025-05-27,499
SKU018,2025-05-27,1351
SKU019,2025-05-27,441
SKU020,2025-05-27,1264
SKU021,2025-05-27,392
SKU022,2025-05-27,84
SKU023,2025-05-27,348
SKU024,2025-05-27,1201
SKU025,2025-05-27,1178
SKU026,2025-05-27,496
SKU027,2025-05-27,748
SKU028,2025-05-27,520
SKU029,2025-05-27,446
SKU030,2025-05-27,272
SKU031,2025-05-27,898
SKU032,2025-05-27,1285
SKU033,2025-05-27,1465
SKU034,2025-05-27,506
SKU035,2025-05-27,293
SKU036,2025-05-27,1243
SKU037,2025-05-27,163
SKU038,2025-05-27,1815
SKU039,2025-05-27,517
SKU040,2025-05-27,1463
SKU041,2025-05-27,939
SKU042,2025-05-27,1190
SKU043,2025-05-27,416
SKU044,2025-05-27,176
SKU045,2025-05-27,985
SKU046,2025-05-27,226
SKU047,2025-05-27,633
SKU048,2025-05-27,978
SKU049,2025-05-27,602
SKU050,2025-05-27,451
SKU001,2025-05-28,159
SKU002,2025-05-28,781
SKU003,2025-05-28,837
SKU004,2025-05-28,840
SKU005,2025-05-28,166
SKU006,2025-05-28,145
SKU007,2025-05-28,1618
SKU008,2025-05-28,1210
SKU009,2025-05-28,221
SKU010,2025-05-28,123
SKU011,2025-05-28,972
SKU012,2025-05-28,347
SKU013,2025-05-28,476
SKU014,2025-05-28,436
SKU015,2025-05-28,701
SKU016,2025-05-28,166
SKU017,2025-05-28,463
SKU018,2025-05-28,1262
SKU019,2025-05-28,422
SKU020,2025-05-28,1184
SKU021,2025-05-28,344
SKU022,2025-05-28,67
SKU023,2025-05-28,307
SKU024,2025-05-28,1156
SKU025,2025-05-28,1107
SKU026,2025-05-28,407
SKU027,2025-05-28,699
SKU028,2025-05-28,443
SKU029,2025-05-28,385
SKU030,2025-05-28,251
SKU031,2025-05-28,818
SKU032,2025-05-28,1206
SKU033,2025-05-28,1427
SKU034,2025-05-28,454
SKU035,2025-05-28,245
SKU036,2025-05-28,1190
SKU037,2025-05-28,144
SKU038,2025-05-28,1740
SKU039,2025-05-28,489
SKU040,2025-05-28,1405
SKU041,2025-05-28,876
SKU042,2025-05-28,1107
SKU043,2025-05-28,368
SKU044,2025-05-28,162
SKU045,2025-05-28,869
SKU046,2025-05-28,200
SKU047,2025-05-28,585
SKU048,2025-05-28,938
SKU049,2025-05-28,564
SKU050,2025-05-28,416
SKU001,2025-05-29,140
SKU002,2025-05-29,726
SKU003,2025-05-29,747
SKU004,2025-05-29,745
SKU005,2025-05-29,139
SKU006,2025-05-29,756
SKU007,2025-05-29,1539
SKU008,2025-05-29,1150
SKU009,2025-05-29,200
SKU010,2025-05-29,390
SKU011,2025-05-29,892
SKU012,2025-05-29,315
SKU013,2025-05-29,443
SKU014,2025-05-29,385
SKU015,2025-05-29,656
SKU016,2025-05-29,155
SKU017,2025-05-29,433
SKU018,2025-05-29,1189
SKU019,2025-05-29,403
SKU020,2025-05-29,1140
SKU021,2025-05-29,307
SKU022,2025-05-29,344
SKU023,2025-05-29,269
SKU024,2025-05-29,1105
SKU025,2025-05-29,1015
SKU026,2025-05-29,345
SKU027,2025-05-29,641
SKU028,2025-05-29,1114
SKU029,2025-05-29,311
SKU030,2025-05-29,222
SKU031,2025-05-29,729
SKU032,2025-05-29,1132
SKU033,2025-05-29,1377
SKU034,2025-05-29,406
SKU035,2025-05-29,215
SKU036,2025-05-29,1127
SKU037,2025-05-29,119
SKU038,2025-05-29,1666
SKU039,2025-05-29,458
SKU040,2025-05-29,1345
SKU041,2025-05-29,827
SKU042,2025-05-29,1022
SKU043,2025-05-29,335
SKU044,2025-05-29,147
SKU045,2025-05-29,787
SKU046,2025-05-29,178
SKU047,2025-05-29,549
SKU048,2025-05-29,897
SKU049,2025-05-29,520
SKU050,2025-05-29,376
SKU001,2025-05-30,120
SKU002,2025-05-30,677
SKU003,2025-05-30,661
SKU004,2025-05-30,643
SKU005,2025-05-30,108
SKU006,2025-05-30,726
SKU007,2025-05-30,1465
SKU008,2025-05-30,1095
SKU009,2025-05-30,171
SKU010,2025-05-30,370
SKU011,2025-05-30,816
SKU012,2025-05-30,278
SKU013,2025-05-30,400
SKU014,2025-05-30,341
SKU015,2025-05-30,612
SKU016,2025-05-30,143
SKU017,2025-05-30,407
SKU018,2025-05-30,1092
SKU019,2025-05-30,380
SKU020,2025-05-30,1063
SKU021,2025-05-30,259
SKU022,2025-05-30,324
SKU023,2025-05-30,228
SKU024,2025-05-30,1063
SKU025,2025-05-30,929
SKU026,2025-05-30,1833
SKU027,2025-05-30,581
SKU028,2025-05-30,1055
SKU029,2025-05-30,1132
SKU030,2025-05-30,191
SKU031,2025-05-30,641
SKU032,2025-05-30,1047
SKU033,2025-05-30,1294
SKU034,2025-05-30,365
SKU035,2025-05-30,174
SKU036,2025-05-30,1079
SKU037,2025-05-30,90
SKU038,2025-05-30,1585
SKU039,2025-05-30,427
SKU040,2025-05-30,1281
SKU041,2025-05-30,775
SKU042,2025-05-30,938
SKU043,2025-05-30,305
SKU044,2025-05-30,435
SKU045,2025-05-30,683
SKU046,2025-05-30,153
SKU047,2025-05-30,498
SKU048,2025-05-30,871
SKU049,2025-05-30,473
SKU050,2025-05-30,335
SKU001,2025-05-31,98
SKU002,2025-05-31,625
SKU003,2025-05-31,1640
SKU004,2025-05-31,537
SKU005,2025-05-31,83
SKU006,2025-05-31,703
SKU007,2025-05-31,1371
SKU008,2025-05-31,1026
SKU009,2025-05-31,151
SKU010,2025-05-31,347
SKU011,2025-05-31,742
SKU012,2025-05-31,226
SKU013,2025-05-31,344
SKU014,2025-05-31,292
SKU015,2025-05-31,567
SKU016,2025-05-31,130
SKU017,2025-05-31,381
SKU018,2025-05-31,1034
SKU019,2025-05-31,358
SKU020,2025-05-31,957
SKU021,2025-05-31,210
SKU022,2025-05-31,308
SKU023,2025-05-31,190
SKU024,2025-05-31,1019
SKU025,2025-05-31,861
SKU026,2025-05-31,1753
SKU027,2025-05-31,512
SKU028,2025-05-31,962
SKU029,2025-05-31,1039
SKU030,2025-05-31,166
SKU031,2025-05-31,546
SKU032,2025-05-31,970
SKU033,2025-05-31,1225
SKU034,2025-05-31,321
SKU035,2025-05-31,963
SKU036,2025-05-31,1004
SKU037,2025-05-31,358
SKU038,2025-05-31,1508
SKU039,2025-05-31,388
SKU040,2025-05-31,1207
SKU041,2025-05-31,722
SKU042,2025-05-31,871
SKU043,2025-05-31,266
SKU044,2025-05-31,410
SKU045,2025-05-31,546
SKU046,2025-05-31,605
SKU047,2025-05-31,450
SKU048,2025-05-31,822
SKU049,2025-05-31,434
SKU050,2025-05-31,302
SKU001,2025-06-01,86
SKU002,2025-06-01,592
SKU003,2025-06-01,1558
SKU004,2025-06-01,509
SKU005,2025-06-01,575
SKU006,2025-06-01,685
SKU007,2025-06-01,1315
SKU008,2025-06-01,978
SKU009,2025-06-01,132
SKU010,2025-06-01,330
SKU011,2025-06-01,680
SKU012,2025-06-01,863
SKU013,2025-06-01,313
SKU014,2025-06-01,264
SKU015,2025-06-01,536
SKU016,2025-06-01,120
SKU017,2025-06-01,365
SKU018,2025-06-01,972
SKU019,2025-06-01,334
SKU020,2025-06-01,916
SKU021,2025-06-01,162
SKU022,2025-06-01,299
SKU023,2025-06-01,963
SKU024,2025-06-01,991
SKU025,2025-06-01,813
SKU026,2025-06-01,1707
SKU027,2025-06-01,477
SKU028,2025-06-01,909
SKU029,2025-06-01,983
SKU030,2025-06-01,155
SKU031,2025-06-01,518
SKU032,2025-06-01,910
SKU033,2025-06-01,1175
SKU034,2025-06-01,284
SKU035,2025-06-01,944
SKU036,2025-06-01,963
SKU037,2025-06-01,345
SKU038,2025-06-01,1464
SKU039,2025-06-01,362
SKU040,2025-06-01,1188
SKU041,2025-06-01,703
SKU042,2025-06-01,825
SKU043,2025-06-01,235
SKU044,2025-06-01,392
SKU045,2025-06-01,500
SKU046,2025-06-01,587
SKU047,2025-06-01,408
SKU048,2025-06-01,776
SKU049,2025-06-01,398
SKU050,2025-06-01,274
SKU001,2025-06-02,75
SKU002,2025-06-02,560
SKU003,2025-06-02,1490
SKU004,2025-06-02,446
SKU005,2025-06-02,563
SKU006,2025-06-02,669
SKU007,2025-06-02,1264
SKU008,2025-06-02,931
SKU009,2025-06-02,376
SKU010,2025-06-02,305
SKU011,2025-06-02,632
SKU012,2025-06-02,829
SKU013,2025-06-02,280
SKU014,2025-06-02,846
SKU015,2025-06-02,501
SKU016,2025-06-02,105
SKU017,2025-06-02,350
SKU018,2025-06-02,902
SKU019,2025-06-02,309
SKU020,2025-06-02,861
SKU021,2025-06-02,872
SKU022,2025-06-02,287
SKU023,2025-06-02,934
SKU024,2025-06-02,954
SKU025,2025-06-02,750
SKU026,2025-06-02,1631
SKU027,2025-06-02,434
SKU028,2025-06-02,871
SKU029,2025-06-02,939
SKU030,2025-06-02,581
SKU031,2025-06-02,436
SKU032,2025-06-02,847
SKU033,2025-06-02,1155
SKU034,2025-06-02,863
SKU035,2025-06-02,915
SKU036,2025-06-02,910
SKU037,2025-06-02,321
SKU038,2025-06-02,1425
SKU039,2025-06-02,338
SKU040,2025-06-02,1133
SKU041,2025-06-02,671
SKU042,2025-06-02,787
SKU043,2025-06-02,1166
SKU044,2025-06-02,373
SKU045,2025-06-02,1944
SKU046,2025-06-02,573
SKU047,2025-06-02,365
SKU048,2025-06-02,738
SKU049,2025-06-02,373
SKU050,2025-06-02,251
SKU001,2025-06-03,328
SKU002,2025-06-03,502
SKU003,2025-06-03,1423
SKU004,2025-06-03,363
SKU005,2025-06-03,543
SKU006,2025-06-03,644
SKU007,2025-06-03,1202
SKU008,2025-06-03,862
SKU009,2025-06-03,355
SKU010,2025-06-03,274
SKU011,2025-06-03,591
SKU012,2025-06-03,789
SKU013,2025-06-03,922
SKU014,2025-06-03,797
SKU015,2025-06-03,463
SKU016,2025-06-03,88
SKU017,2025-06-03,319
SKU018,2025-06-03,818
SKU019,2025-06-03,290
SKU020,2025-06-03,789
SKU021,2025-06-03,819
SKU022,2025-06-03,273
SKU023,2025-06-03,898
SKU024,2025-06-03,906
SKU025,2025-06-03,677
SKU026,2025-06-03,1534
SKU027,2025-06-03,392
SKU028,2025-06-03,822
SKU029,2025-06-03,847
SKU030,2025-06-03,565
SKU031,2025-06-03,1312
SKU032,2025-06-03,776
SKU033,2025-06-03,1106
SKU034,2025-06-03,819
SKU035,2025-06-03,881
SKU036,2025-06-03,849
SKU037,2025-06-03,299
SKU038,2025-06-03,1339
SKU039,2025-06-03,306
SKU040,2025-06-03,1084
SKU041,2025-06-03,599
SKU042,2025-06-03,717
SKU043,2025-06-03,1131
SKU044,2025-06-03,356
SKU045,2025-06-03,1868
SKU046,2025-06-03,545
SKU047,2025-06-03,325
SKU048,2025-06-03,695
SKU049,2025-06-03,344
SKU050,2025-06-03,775
SKU001,2025-06-04,304
SKU002,2025-06-04,433
SKU003,2025-06-04,1331
SKU004,2025-06-04,1316
SKU005,2025-06-04,514
SKU006,2025-06-04,612
SKU007,2025-06-04,1145
SKU008,2025-06-04,815
SKU009,2025-06-04,331
SKU010,2025-06-04,246
SKU011,2025-06-04,1867
SKU012,2025-06-04,747
SKU013,2025-06-04,862
SKU014,2025-06-04,756
SKU015,2025-06-04,433
SKU016,2025-06-04,67
SKU017,2025-06-04,285
SKU018,2025-06-04,735
SKU019,2025-06-04,266
SKU020,2025-06-04,723
SKU021,2025-06-04,791
SKU022,2025-06-04,259
SKU023,2025-06-04,869
SKU024,2025-06-04,851
SKU025,2025-06-04,600
SKU026,2025-06-04,1476
SKU027,2025-06-04,350
SKU028,2025-06-04,762
SKU029,2025-06-04,774
SKU030,2025-06-04,537
SKU031,2025-06-04,1258
SKU032,2025-06-04,701
SKU033,2025-06-04,1035
SKU034,2025-06-04,775
SKU035,2025-06-04,851
SKU036,2025-06-04,799
SKU037,2025-06-04,278
SKU038,2025-06-04,1257
SKU039,2025-06-04,269
SKU040,2025-06-04,1013
SKU041,2025-06-04,554
SKU042,2025-06-04,634
SKU043,2025-06-04,1091
SKU044,2025-06-04,335
SKU045,2025-06-04,1793
SKU046,2025-06-04,515
SKU047,2025-06-04,288
SKU048,2025-06-04,637
SKU049,2025-06-04,302
SKU050,2025-06-04,732
SKU001,2025-06-05,286
SKU002,2025-06-05,394
SKU003,2025-06-05,1239
SKU004,2025-06-05,1201
SKU005,2025-06-05,494
SKU006,2025-06-05,583
SKU007,2025-06-05,1063
SKU008,2025-06-05,775
SKU009,2025-06-05,311
SKU010,2025-06-05,217
SKU011,2025-06-05,1799
SKU012,2025-06-05,711
SKU013,2025-06-05,799
SKU014,2025-06-05,714
SKU015,2025-06-05,390
SKU016,2025-06-05,347
SKU017,2025-06-05,258
SKU018,2025-06-05,654
SKU019,2025-06-05,243
SKU020,2025-06-05,645
SKU021,2025-06-05,744
SKU022,2025-06-05,244
SKU023,2025-06-05,825
SKU024,2025-06-05,814
SKU025,2025-06-05,546
SKU026,2025-06-05,1408
SKU027,2025-06-05,302
SKU028,2025-06-05,671
SKU029,2025-06-05,684
SKU030,2025-06-05,509
SKU031,2025-06-05,1164
SKU032,2025-06-05,609
SKU033,2025-06-05,983
SKU034,2025-06-05,724
SKU035,2025-06-05,815
SKU036,2025-06-05,770
SKU037,2025-06-05,258
SKU038,2025-06-05,1193
SKU039,2025-06-05,243
SKU040,2025-06-05,950
SKU041,2025-06-05,490
SKU042,2025-06-05,572
SKU043,2025-06-05,1043
SKU044,2025-06-05,315
SKU045,2025-06-05,1694
SKU046,2025-06-05,488
SKU047,2025-06-05,1220
SKU048,2025-06-05,590
SKU049,2025-06-05,265
SKU050,2025-06-05,684
SKU001,2025-06-06,273
SKU002,2025-06-06,346
SKU003,2025-06-06,1178
SKU004,2025-06-06,1085
SKU005,2025-06-06,473
SKU006,2025-06-06,555
SKU007,2025-06-06,1003
SKU008,2025-06-06,716
SKU009,2025-06-06,288
SKU010,2025-06-06,191
SKU011,2025-06-06,1701
SKU012,2025-06-06,668
SKU013,2025-06-06,756
SKU014,2025-06-06,676
SKU015,2025-06-06,349
SKU016,2025-06-06,329
SKU017,2025-06-06,234
SKU018,2025-06-06,582
SKU019,2025-06-06,214
SKU020,2025-06-06,578
SKU021,2025-06-06,712
SKU022,2025-06-06,226
SKU023,2025-06-06,777
SKU024,2025-06-06,766
SKU025,2025-06-06,474
SKU026,2025-06-06,1326
SKU027,2025-06-06,263
SKU028,2025-06-06,612
SKU029,2025-06-06,602
SKU030,2025-06-06,480
SKU031,2025-06-06,1086
SKU032,2025-06-06,528
SKU033,2025-06-06,920
SKU034,2025-06-06,691
SKU035,2025-06-06,773
SKU036,2025-06-06,693
SKU037,2025-06-06,227
SKU038,2025-06-06,1133
SKU039,2025-06-06,206
SKU040,2025-06-06,881
SKU041,2025-06-06,431
SKU042,2025-06-06,506
SKU043,2025-06-06,992
SKU044,2025-06-06,294
SKU045,2025-06-06,1627
SKU046,2025-06-06,452
SKU047,2025-06-06,1162
SKU048,2025-06-06,536
SKU049,2025-06-06,230
SKU050,2025-06-06,654
SKU001,2025-06-07,254
SKU002,2025-06-07,298
SKU003,2025-06-07,1062
SKU004,2025-06-07,987
SKU005,2025-06-07,451
SKU006,2025-06-07,526
SKU007,2025-06-07,921
SKU008,2025-06-07,659
SKU009,2025-06-07,262
SKU010,2025-06-07,165
SKU011,2025-06-07,1641
SKU012,2025-06-07,623
SKU013,2025-06-07,709
SKU014,2025-06-07,630
SKU015,2025-06-07,299
SKU016,2025-06-07,311
SKU017,2025-06-07,201
SKU018,2025-06-07,521
SKU019,2025-06-07,189
SKU020,2025-06-07,491
SKU021,2025-06-07,669
SKU022,2025-06-07,208
SKU023,2025-06-07,731
SKU024,2025-06-07,697
SKU025,2025-06-07,398
SKU026,2025-06-07,1247
SKU027,2025-06-07,826
SKU028,2025-06-07,542
SKU029,2025-06-07,520
SKU030,2025-06-07,455
SKU031,2025-06-07,972
SKU032,2025-06-07,432
SKU033,2025-06-07,852
SKU034,2025-06-07,627
SKU035,2025-06-07,732
SKU036,2025-06-07,631
SKU037,2025-06-07,202
SKU038,2025-06-07,1046
SKU039,2025-06-07,165
SKU040,2025-06-07,821
SKU041,2025-06-07,1440
SKU042,2025-06-07,419
SKU043,2025-06-07,942
SKU044,2025-06-07,274
SKU045,2025-06-07,1497
SKU046,2025-06-07,412
SKU047,2025-06-07,1090
SKU048,2025-06-07,464
SKU049,2025-06-07,670
SKU050,2025-06-07,610
SKU001,2025-06-08,245
SKU002,2025-06-08,270
SKU003,2025-06-08,1031
SKU004,2025-06-08,949
SKU005,2025-06-08,429
SKU006,2025-06-08,501
SKU007,2025-06-08,880
SKU008,2025-06-08,624
SKU009,2025-06-08,243
SKU010,2025-06-08,145
SKU011,2025-06-08,1601
SKU012,2025-06-08,600
SKU013,2025-06-08,677
SKU014,2025-06-08,588
SKU015,2025-06-08,262
SKU016,2025-06-08,301
SKU017,2025-06-08,179
SKU018,2025-06-08,467
SKU019,2025-06-08,178
SKU020,2025-06-08,432
SKU021,2025-06-08,642
SKU022,2025-06-08,197
SKU023,2025-06-08,709
SKU024,2025-06-08,668
SKU025,2025-06-08,334
SKU026,2025-06-08,1180
SKU027,2025-06-08,772
SKU028,2025-06-08,523
SKU029,2025-06-08,497
SKU030,2025-06-08,443
SKU031,2025-06-08,940
SKU032,2025-06-08,391
SKU033,2025-06-08,831
SKU034,2025-06-08,587
SKU035,2025-06-08,720
SKU036,2025-06-08,599
SKU037,2025-06-08,191
SKU038,2025-06-08,990
SKU039,2025-06-08,137
SKU040,2025-06-08,784
SKU041,2025-06-08,1410
SKU042,2025-06-08,1568
SKU043,2025-06-08,918
SKU044,2025-06-08,262
SKU045,2025-06-08,1467
SKU046,2025-06-08,389
SKU047,2025-06-08,1054
SKU048,2025-06-08,424
SKU049,2025-06-08,624
SKU050,2025-06-08,575
SKU001,2025-06-09,234
SKU002,2025-06-09,236
SKU003,2025-06-09,969
SKU004,2025-06-09,871
SKU005,2025-06-09,414
SKU006,2025-06-09,474
SKU007,2025-06-09,816
SKU008,2025-06-09,566
SKU009,2025-06-09,225
SKU010,2025-06-09,127
SKU011,2025-06-09,1565
SKU012,2025-06-09,581
SKU013,2025-06-09,652
SKU014,2025-06-09,556
SKU015,2025-06-09,231
SKU016,2025-06-09,289
SKU017,2025-06-09,162
SKU018,2025-06-09,410
SKU019,2025-06-09,165
SKU020,2025-06-09,372
SKU021,2025-06-09,612
SKU022,2025-06-09,187
SKU023,2025-06-09,668
SKU024,2025-06-09,631
SKU025,2025-06-09,289
SKU026,2025-06-09,1118
SKU027,2025-06-09,727
SKU028,2025-06-09,465
SKU029,2025-06-09,415
SKU030,2025-06-09,424
SKU031,2025-06-09,885
SKU032,2025-06-09,1935
SKU033,2025-06-09,775
SKU034,2025-06-09,551
SKU035,2025-06-09,698
SKU036,2025-06-09,563
SKU037,2025-06-09,176
SKU038,2025-06-09,914
SKU039,2025-06-09,114
SKU040,2025-06-09,749
SKU041,2025-06-09,1364
SKU042,2025-06-09,1505
SKU043,2025-06-09,893
SKU044,2025-06-09,252
SKU045,2025-06-09,1429
SKU046,2025-06-09,374
SKU047,2025-06-09,1015
SKU048,2025-06-09,400
SKU049,2025-06-09,593
SKU050,2025-06-09,525
SKU001,2025-06-10,219
SKU002,2025-06-10,945
SKU003,2025-06-10,883
SKU004,2025-06-10,796
SKU005,2025-06-10,393
SKU006,2025-06-10,454
SKU007,2025-06-10,731
SKU008,2025-06-10,504
SKU009,2025-06-10,202
SKU010,2025-06-10,401
SKU011,2025-06-10,1486
SKU012,2025-06-10,543
SKU013,2025-06-10,607
SKU014,2025-06-10,511
SKU015,2025-06-10,200
SKU016,2025-06-10,276
SKU017,2025-06-10,140
SKU018,2025-06-10,1478
SKU019,2025-06-10,142
SKU020,2025-06-10,309
SKU021,2025-06-10,565
SKU022,2025-06-10,171
SKU023,2025-06-10,621
SKU024,2025-06-10,592
SKU025,2025-06-10,220
SKU026,2025-06-10,1042
SKU027,2025-06-10,676
SKU028,2025-06-10,1125
SKU029,2025-06-10,341
SKU030,2025-06-10,390
SKU031,2025-06-10,821
SKU032,2025-06-10,1870
SKU033,2025-06-10,713
SKU034,2025-06-10,512
SKU035,2025-06-10,662
SKU036,2025-06-10,501
SKU037,2025-06-10,157
SKU038,2025-06-10,857
SKU039,2025-06-10,76
SKU040,2025-06-10,669
SKU041,2025-06-10,1309
SKU042,2025-06-10,1438
SKU043,2025-06-10,850
SKU044,2025-06-10,235
SKU045,2025-06-10,1349
SKU046,2025-06-10,339
SKU047,2025-06-10,959
SKU048,2025-06-10,353
SKU049,2025-06-10,556
SKU050,2025-06-10,489
SKU001,2025-06-11,196
SKU002,2025-06-11,905
SKU003,2025-06-11,797
SKU004,2025-06-11,726
SKU005,2025-06-11,365
SKU006,2025-06-11,428
SKU007,2025-06-11,662
SKU008,2025-06-11,433
SKU009,2025-06-11,177
SKU010,2025-06-11,372
SKU011,2025-06-11,1423
SKU012,2025-06-11,516
SKU013,2025-06-11,572
SKU014,2025-06-11,460
SKU015,2025-06-11,843
SKU016,2025-06-11,257
SKU017,2025-06-11,522
SKU018,2025-06-11,1403
SKU019,2025-06-11,118
SKU020,2025-06-11,1228
SKU021,2025-06-11,514
SKU022,2025-06-11,156
SKU023,2025-06-11,584
SKU024,2025-06-11,563
SKU025,2025-06-11,153
SKU026,2025-06-11,953
SKU027,2025-06-11,627
SKU028,2025-06-11,1066
SKU029,2025-06-11,267
SKU030,2025-06-11,357
SKU031,2025-06-11,736
SKU032,2025-06-11,1811
SKU033,2025-06-11,634
SKU034,2025-06-11,470
SKU035,2025-06-11,640
SKU036,2025-06-11,438
SKU037,2025-06-11,138
SKU038,2025-06-11,788
SKU039,2025-06-11,41
SKU040,2025-06-11,611
SKU041,2025-06-11,1246
SKU042,2025-06-11,1365
SKU043,2025-06-11,807
SKU044,2025-06-11,221
SKU045,2025-06-11,1267
SKU046,2025-06-11,315
SKU047,2025-06-11,903
SKU048,2025-06-11,309
SKU049,2025-06-11,524
SKU050,2025-06-11,442
SKU001,2025-06-12,180
SKU002,2025-06-12,861
SKU003,2025-06-12,724
SKU004,2025-06-12,625
SKU005,2025-06-12,338
SKU006,2025-06-12,401
SKU007,2025-06-12,583
SKU008,2025-06-12,376
SKU009,2025-06-12,154
SKU010,2025-06-12,350
SKU011,2025-06-12,1347
SKU012,2025-06-12,481
SKU013,2025-06-12,530
SKU014,2025-06-12,404
SKU015,2025-06-12,808
SKU016,2025-06-12,240
SKU017,2025-06-12,494
SKU018,2025-06-12,1317
SKU019,2025-06-12,98
SKU020,2025-06-12,1163
SKU021,2025-06-12,472
SKU022,2025-06-12,141
SKU023,2025-06-12,544
SKU024,2025-06-12,513
SKU025,2025-06-12,1346
SKU026,2025-06-12,869
SKU027,2025-06-12,581
SKU028,2025-06-12,1001
SKU029,2025-06-12,1069
SKU030,2025-06-12,337
SKU031,2025-06-12,664
SKU032,2025-06-12,1728
SKU033,2025-06-12,567
SKU034,2025-06-12,418
SKU035,2025-06-12,597
SKU036,2025-06-12,370
SKU037,2025-06-12,454
SKU038,2025-06-12,704
SKU039,2025-06-12,543
SKU040,2025-06-12,559
SKU041,2025-06-12,1206
SKU042,2025-06-12,1285
SKU043,2025-06-12,762
SKU044,2025-06-12,201
SKU045,2025-06-12,1201
SKU046,2025-06-12,289
SKU047,2025-06-12,844
SKU048,2025-06-12,265
SKU049,2025-06-12,480
SKU050,2025-06-12,401
SKU001,2025-06-13,162
SKU002,2025-06-13,820
SKU003,2025-06-13,622
SKU004,2025-06-13,515
SKU005,2025-06-13,298
SKU006,2025-06-13,366
SKU007,2025-06-13,514
SKU008,2025-06-13,317
SKU009,2025-06-13,667
SKU010,2025-06-13,318
SKU011,2025-06-13,1253
SKU012,2025-06-13,448
SKU013,2025-06-13,472
SKU014,2025-06-13,372
SKU015,2025-06-13,766
SKU016,2025-06-13,229
SKU017,2025-06-13,470
SKU018,2025-06-13,1202
SKU019,2025-06-13,481
SKU020,2025-06-13,1079
SKU021,2025-06-13,430
SKU022,2025-06-13,123
SKU023,2025-06-13,505
SKU024,2025-06-13,462
SKU025,2025-06-13,1288
SKU026,2025-06-13,809
SKU027,2025-06-13,511
SKU028,2025-06-13,902
SKU029,2025-06-13,986
SKU030,2025-06-13,316
SKU031,2025-06-13,600
SKU032,2025-06-13,1641
SKU033,2025-06-13,480
SKU034,2025-06-13,368
SKU035,2025-06-13,556
SKU036,2025-06-13,1081
SKU037,2025-06-13,437
SKU038,2025-06-13,640
SKU039,2025-06-13,490
SKU040,2025-06-13,488
SKU041,2025-06-13,1146
SKU042,2025-06-13,1200
SKU043,2025-06-13,717
SKU044,2025-06-13,176
SKU045,2025-06-13,1111
SKU046,2025-06-13,261
SKU047,2025-06-13,783
SKU048,2025-06-13,213
SKU049,2025-06-13,432
SKU050,2025-06-13,355
SKU001,2025-06-14,141
SKU002,2025-06-14,769
SKU003,2025-06-14,521
SKU004,2025-06-14,433
SKU005,2025-06-14,279
SKU006,2025-06-14,331
SKU007,2025-06-14,447
SKU008,2025-06-14,256
SKU009,2025-06-14,649
SKU010,2025-06-14,290
SKU011,2025-06-14,1180
SKU012,2025-06-14,398
SKU013,2025-06-14,408
SKU014,2025-06-14,319
SKU015,2025-06-14,717
SKU016,2025-06-14,216
SKU017,2025-06-14,447
SKU018,2025-06-14,1099
SKU019,2025-06-14,458
SKU020,2025-06-14,980
SKU021,2025-06-14,394
SKU022,2025-06-14,106
SKU023,2025-06-14,465
SKU024,2025-06-14,412
SKU025,2025-06-14,1226
SKU026,2025-06-14,749
SKU027,2025-06-14,449
SKU028,2025-06-14,836
SKU029,2025-06-14,911
SKU030,2025-06-14,285
SKU031,2025-06-14,506
SKU032,2025-06-14,1520
SKU033,2025-06-14,420
SKU034,2025-06-14,301
SKU035,2025-06-14,513
SKU036,2025-06-14,1012
SKU037,2025-06-14,423
SKU038,2025-06-14,582
SKU039,2025-06-14,462
SKU040,2025-06-14,430
SKU041,2025-06-14,1084
SKU042,2025-06-14,1122
SKU043,2025-06-14,663
SKU044,2025-06-14,152
SKU045,2025-06-14,995
SKU046,2025-06-14,234
SKU047,2025-06-14,721
SKU048,2025-06-14,998
SKU049,2025-06-14,378
SKU050,2025-06-14,311
SKU001,2025-06-15,127
SKU002,2025-06-15,728
SKU003,2025-06-15,450
SKU004,2025-06-15,376
SKU005,2025-06-15,265
SKU006,2025-06-15,318
SKU007,2025-06-15,1357
SKU008,2025-06-15,1140
SKU009,2025-06-15,638
SKU010,2025-06-15,266
SKU011,2025-06-15,1139
SKU012,2025-06-15,367
SKU013,2025-06-15,372
SKU014,2025-06-15,272
SKU015,2025-06-15,685
SKU016,2025-06-15,201
SKU017,2025-06-15,442
SKU018,2025-06-15,1039
SKU019,2025-06-15,443
SKU020,2025-06-15,922
SKU021,2025-06-15,364
SKU022,2025-06-15,93
SKU023,2025-06-15,420
SKU024,2025-06-15,382
SKU025,2025-06-15,1172
SKU026,2025-06-15,697
SKU027,2025-06-15,404
SKU028,2025-06-15,798
SKU029,2025-06-15,863
SKU030,2025-06-15,275
SKU031,2025-06-15,442
SKU032,2025-06-15,1481
SKU033,2025-06-15,366
SKU034,2025-06-15,272
SKU035,2025-06-15,485
SKU036,2025-06-15,971
SKU037,2025-06-15,413
SKU038,2025-06-15,550
SKU039,2025-06-15,439
SKU040,2025-06-15,1372
SKU041,2025-06-15,1045
SKU042,2025-06-15,1070
SKU043,2025-06-15,643
SKU044,2025-06-15,408
SKU045,2025-06-15,902
SKU046,2025-06-15,213
SKU047,2025-06-15,674
SKU048,2025-06-15,946
SKU049,2025-06-15,353
SKU050,2025-06-15,292
SKU001,2025-06-16,113
SKU002,2025-06-16,697
SKU003,2025-06-16,372
SKU004,2025-06-16,317
SKU005,2025-06-16,243
SKU006,2025-06-16,294
SKU007,2025-06-16,1290
SKU008,2025-06-16,1093
SKU009,2025-06-16,626
SKU010,2025-06-16,244
SKU011,2025-06-16,1087
SKU012,2025-06-16,351
SKU013,2025-06-16,347
SKU014,2025-06-16,243
SKU015,2025-06-16,658
SKU016,2025-06-16,189
SKU017,2025-06-16,415
SKU018,2025-06-16,963
SKU019,2025-06-16,433
SKU020,2025-06-16,863
SKU021,2025-06-16,332
SKU022,2025-06-16,85
SKU023,2025-06-16,385
SKU024,2025-06-16,352
SKU025,2025-06-16,1135
SKU026,2025-06-16,638
SKU027,2025-06-16,368
SKU028,2025-06-16,749
SKU029,2025-06-16,823
SKU030,2025-06-16,255
SKU031,2025-06-16,1792
SKU032,2025-06-16,1423
SKU033,2025-06-16,314
SKU034,2025-06-16,227
SKU035,2025-06-16,447
SKU036,2025-06-16,916
SKU037,2025-06-16,386
SKU038,2025-06-16,1803
SKU039,2025-06-16,408
SKU040,2025-06-16,1332
SKU041,2025-06-16,1009
SKU042,2025-06-16,1028
SKU043,2025-06-16,614
SKU044,2025-06-16,392
SKU045,2025-06-16,839
SKU046,2025-06-16,186
SKU047,2025-06-16,639
SKU048,2025-06-16,910
SKU049,2025-06-16,320
SKU050,2025-06-16,705
SKU001,2025-06-17,90
SKU002,2025-06-17,640
SKU003,2025-06-17,1016
SKU004,2025-06-17,1424
SKU005,2025-06-17,559
SKU006,2025-06-17,269
SKU007,2025-06-17,1225
SKU008,2025-06-17,1038
SKU009,2025-06-17,599
SKU010,2025-06-17,224
SKU011,2025-06-17,1020
SKU012,2025-06-17,312
SKU013,2025-06-17,296
SKU014,2025-06-17,831
SKU015,2025-06-17,620
SKU016,2025-06-17,170
SKU017,2025-06-17,395
SKU018,2025-06-17,880
SKU019,2025-06-17,412
SKU020,2025-06-17,797
SKU021,2025-06-17,287
SKU022,2025-06-17,75
SKU023,2025-06-17,350
SKU024,2025-06-17,310
SKU025,2025-06-17,1069
SKU026,2025-06-17,2102
SKU027,2025-06-17,334
SKU028,2025-06-17,689
SKU029,2025-06-17,768
SKU030,2025-06-17,231
SKU031,2025-06-17,1701
SKU032,2025-06-17,1358
SKU033,2025-06-17,240
SKU034,2025-06-17,186
SKU035,2025-06-17,420
SKU036,2025-06-17,849
SKU037,2025-06-17,358
SKU038,2025-06-17,1743
SKU039,2025-06-17,373
SKU040,2025-06-17,1266
SKU041,2025-06-17,945
SKU042,2025-06-17,966
SKU043,2025-06-17,581
SKU044,2025-06-17,366
SKU045,2025-06-17,745
SKU046,2025-06-17,158
SKU047,2025-06-17,584
SKU048,2025-06-17,852
SKU049,2025-06-17,279
SKU050,2025-06-17,670
SKU001,2025-06-18,414
SKU002,2025-06-18,580
SKU003,2025-06-18,917
SKU004,2025-06-18,1338
SKU005,2025-06-18,539
SKU006,2025-06-18,238
SKU007,2025-06-18,1164
SKU008,2025-06-18,989
SKU009,2025-06-18,577
SKU010,2025-06-18,193
SKU011,2025-06-18,952
SKU012,2025-06-18,270
SKU013,2025-06-18,834
SKU014,2025-06-18,788
SKU015,2025-06-18,578
SKU016,2025-06-18,159
SKU017,2025-06-18,359
SKU018,2025-06-18,775
SKU019,2025-06-18,396
SKU020,2025-06-18,725
SKU021,2025-06-18,253
SKU022,2025-06-18,256
SKU023,2025-06-18,307
SKU024,2025-06-18,277
SKU025,2025-06-18,1024
SKU026,2025-06-18,2025
SKU027,2025-06-18,888
SKU028,2025-06-18,620
SKU029,2025-06-18,702
SKU030,2025-06-18,207
SKU031,2025-06-18,1600
SKU032,2025-06-18,1283
SKU033,2025-06-18,1604
SKU034,2025-06-18,673
SKU035,2025-06-18,374
SKU036,2025-06-18,800
SKU037,2025-06-18,343
SKU038,2025-06-18,1651
SKU039,2025-06-18,334
SKU040,2025-06-18,1199
SKU041,2025-06-18,889
SKU042,2025-06-18,884
SKU043,2025-06-18,537
SKU044,2025-06-18,347
SKU045,2025-06-18,647
SKU046,2025-06-18,125
SKU047,2025-06-18,527
SKU048,2025-06-18,792
SKU049,2025-06-18,734
SKU050,2025-06-18,633
SKU001,2025-06-19,396
SKU002,2025-06-19,525
SKU003,2025-06-19,838
SKU004,2025-06-19,1282
SKU005,2025-06-19,508
SKU006,2025-06-19,220
SKU007,2025-06-19,1084
SKU008,2025-06-19,922
SKU009,2025-06-19,552
SKU010,2025-06-19,164
SKU011,2025-06-19,880
SKU012,2025-06-19,233
SKU013,2025-06-19,781
SKU014,2025-06-19,742
SKU015,2025-06-19,536
SKU016,2025-06-19,139
SKU017,2025-06-19,327
SKU018,2025-06-19,691
SKU019,2025-06-19,372
SKU020,2025-06-19,652
SKU021,2025-06-19,199
SKU022,2025-06-19,240
SKU023,2025-06-19,269
SKU024,2025-06-19,233
SKU025,2025-06-19,957
SKU026,2025-06-19,1956
SKU027,2025-06-19,842
SKU028,2025-06-19,539
SKU029,2025-06-19,636
SKU030,2025-06-19,179
SKU031,2025-06-19,1514
SKU032,2025-06-19,1206
SKU033,2025-06-19,1535
SKU034,2025-06-19,635
SKU035,2025-06-19,349
SKU036,2025-06-19,738
SKU037,2025-06-19,313
SKU038,2025-06-19,1584
SKU039,2025-06-19,304
SKU040,2025-06-19,1152
SKU041,2025-06-19,845
SKU042,2025-06-19,828
SKU043,2025-06-19,506
SKU044,2025-06-19,328
SKU045,2025-06-19,535
SKU046,2025-06-19,542
SKU047,2025-06-19,491
SKU048,2025-06-19,737
SKU049,2025-06-19,707
SKU050,2025-06-19,597
SKU001,2025-06-20,380
SKU002,2025-06-20,472
SKU003,2025-06-20,776
SKU004,2025-06-20,1199
SKU005,2025-06-20,480
SKU006,2025-06-20,195
SKU007,2025-06-20,1013
SKU008,2025-06-20,866
SKU009,2025-06-20,525
SKU010,2025-06-20,138
SKU011,2025-06-20,800
SKU012,2025-06-20,198
SKU013,2025-06-20,729
SKU014,2025-06-20,674
SKU015,2025-06-20,505
SKU016,2025-06-20,125
SKU017,2025-06-20,295
SKU018,2025-06-20,619
SKU019,2025-06-20,345
SKU020,2025-06-20,569
SKU021,2025-06-20,663
SKU022,2025-06-20,223
SKU023,2025-06-20,228
SKU024,2025-06-20,673
SKU025,2025-06-20,902
SKU026,2025-06-20,1887
SKU027,2025-06-20,778
SKU028,2025-06-20,466
SKU029,2025-06-20,533
SKU030,2025-06-20,156
SKU031,2025-06-20,1408
SKU032,2025-06-20,1116
SKU033,2025-06-20,1473
SKU034,2025-06-20,594
SKU035,2025-06-20,303
SKU036,2025-06-20,678
SKU037,2025-06-20,284
SKU038,2025-06-20,1498
SKU039,2025-06-20,273
SKU040,2025-06-20,1054
SKU041,2025-06-20,786
SKU042,2025-06-20,763
SKU043,2025-06-20,457
SKU044,2025-06-20,300
SKU045,2025-06-20,1803
SKU046,2025-06-20,514
SKU047,2025-06-20,435
SKU048,2025-06-20,681
SKU049,2025-06-20,666
SKU050,2025-06-20,547
SKU001,2025-06-21,357
SKU002,2025-06-21,410
SKU003,2025-06-21,679
SKU004,2025-06-21,1100
SKU005,2025-06-21,454
SKU006,2025-06-21,164
SKU007,2025-06-21,940
SKU008,2025-06-21,815
SKU009,2025-06-21,492
SKU010,2025-06-21,115
SKU011,2025-06-21,705
SKU012,2025-06-21,823
SKU013,2025-06-21,683
SKU014,2025-06-21,613
SKU015,2025-06-21,466
SKU016,2025-06-21,109
SKU017,2025-06-21,266
SKU018,2025-06-21,540
SKU019,2025-06-21,320
SKU020,2025-06-21,493
SKU021,2025-06-21,625
SKU022,2025-06-21,206
SKU023,2025-06-21,1145
SKU024,2025-06-21,619
SKU025,2025-06-21,824
SKU026,2025-06-21,1800
SKU027,2025-06-21,720
SKU028,2025-06-21,382
SKU029,2025-06-21,1152
SKU030,2025-06-21,459
SKU031,2025-06-21,1309
SKU032,2025-06-21,1025
SKU033,2025-06-21,1374
SKU034,2025-06-21,558
SKU035,2025-06-21,270
SKU036,2025-06-21,595
SKU037,2025-06-21,259
SKU038,2025-06-21,1419
SKU039,2025-06-21,247
SKU040,2025-06-21,1001
SKU041,2025-06-21,730
SKU042,2025-06-21,684
SKU043,2025-06-21,407
SKU044,2025-06-21,275
SKU045,2025-06-21,1726
SKU046,2025-06-21,482
SKU047,2025-06-21,386
SKU048,2025-06-21,626
SKU049,2025-06-21,630
SKU050,2025-06-21,496
SKU001,2025-06-22,341
SKU002,2025-06-22,363
SKU003,2025-06-22,626
SKU004,2025-06-22,1019
SKU005,2025-06-22,435
SKU006,2025-06-22,138
SKU007,2025-06-22,893
SKU008,2025-06-22,769
SKU009,2025-06-22,477
SKU010,2025-06-22,101
SKU011,2025-06-22,664
SKU012,2025-06-22,810
SKU013,2025-06-22,658
SKU014,2025-06-22,563
SKU015,2025-06-22,433
SKU016,2025-06-22,101
SKU017,2025-06-22,245
SKU018,2025-06-22,469
SKU019,2025-06-22,305
SKU020,2025-06-22,452
SKU021,2025-06-22,592
SKU022,2025-06-22,196
SKU023,2025-06-22,1126
SKU024,2025-06-22,602
SKU025,2025-06-22,766
SKU026,2025-06-22,1772
SKU027,2025-06-22,681
SKU028,2025-06-22,328
SKU029,2025-06-22,1118
SKU030,2025-06-22,438
SKU031,2025-06-22,1226
SKU032,2025-06-22,960
SKU033,2025-06-22,1335
SKU034,2025-06-22,537
SKU035,2025-06-22,240
SKU036,2025-06-22,538
SKU037,2025-06-22,240
SKU038,2025-06-22,1355
SKU039,2025-06-22,232
SKU040,2025-06-22,953
SKU041,2025-06-22,692
SKU042,2025-06-22,636
SKU043,2025-06-22,392
SKU044,2025-06-22,263
SKU045,2025-06-22,1645
SKU046,2025-06-22,457
SKU047,2025-06-22,360
SKU048,2025-06-22,581
SKU049,2025-06-22,616
SKU050,2025-06-22,458
SKU001,2025-06-23,323
SKU002,2025-06-23,330
SKU003,2025-06-23,536
SKU004,2025-06-23,952
SKU005,2025-06-23,418
SKU006,2025-06-23,649
SKU007,2025-06-23,840
SKU008,2025-06-23,719
SKU009,2025-06-23,455
SKU010,2025-06-23,82
SKU011,2025-06-23,604
SKU012,2025-06-23,776
SKU013,2025-06-23,638
SKU014,2025-06-23,513
SKU015,2025-06-23,385
SKU016,2025-06-23,87
SKU017,2025-06-23,225
SKU018,2025-06-23,409
SKU019,2025-06-23,290
SKU020,2025-06-23,388
SKU021,2025-06-23,548
SKU022,2025-06-23,183
SKU023,2025-06-23,1088
SKU024,2025-06-23,567
SKU025,2025-06-23,730
SKU026,2025-06-23,1727
SKU027,2025-06-23,633
SKU028,2025-06-23,1184
SKU029,2025-06-23,1051
SKU030,2025-06-23,424
SKU031,2025-06-23,1169
SKU032,2025-06-23,893
SKU033,2025-06-23,1307
SKU034,2025-06-23,502
SKU035,2025-06-23,221
SKU036,2025-06-23,498
SKU037,2025-06-23,219
SKU038,2025-06-23,1268
SKU039,2025-06-23,204
SKU040,2025-06-23,913
SKU041,2025-06-23,638
SKU042,2025-06-23,605
SKU043,2025-06-23,365
SKU044,2025-06-23,244
SKU045,2025-06-23,1604
SKU046,2025-06-23,441
SKU047,2025-06-23,1300
SKU048,2025-06-23,544
SKU049,2025-06-23,587
SKU050,2025-06-23,433
SKU001,2025-06-24,306
SKU002,2025-06-24,289
SKU003,2025-06-24,1543
SKU004,2025-06-24,873
SKU005,2025-06-24,399
SKU006,2025-06-24,628
SKU007,2025-06-24,768
SKU008,2025-06-24,684
SKU009,2025-06-24,438
SKU010,2025-06-24,57
SKU011,2025-06-24,513
SKU012,2025-06-24,737
SKU013,2025-06-24,597
SKU014,2025-06-24,483
SKU015,2025-06-24,360
SKU016,2025-06-24,370
SKU017,2025-06-24,192
SKU018,2025-06-24,327
SKU019,2025-06-24,263
SKU020,2025-06-24,1602
SKU021,2025-06-24,498
SKU022,2025-06-24,165
SKU023,2025-06-24,1052
SKU024,2025-06-24,528
SKU025,2025-06-24,680
SKU026,2025-06-24,1662
SKU027,2025-06-24,570
SKU028,2025-06-24,1121
SKU029,2025-06-24,972
SKU030,2025-06-24,398
SKU031,2025-06-24,1119
SKU032,2025-06-24,812
SKU033,2025-06-24,1273
SKU034,2025-06-24,452
SKU035,2025-06-24,191
SKU036,2025-06-24,457
SKU037,2025-06-24,196
SKU038,2025-06-24,1219
SKU039,2025-06-24,831
SKU040,2025-06-24,832
SKU041,2025-06-24,584
SKU042,2025-06-24,525
SKU043,2025-06-24,322
SKU044,2025-06-24,228
SKU045,2025-06-24,1509
SKU046,2025-06-24,416
SKU047,2025-06-24,1232
SKU048,2025-06-24,491
SKU049,2025-06-24,555
SKU050,2025-06-24,401
SKU001,2025-06-25,290
SKU002,2025-06-25,1202
SKU003,2025-06-25,1466
SKU004,2025-06-25,789
SKU005,2025-06-25,370
SKU006,2025-06-25,602
SKU007,2025-06-25,698
SKU008,2025-06-25,635
SKU009,2025-06-25,409
SKU010,2025-06-25,26
SKU011,2025-06-25,444
SKU012,2025-06-25,713
SKU013,2025-06-25,541
SKU014,2025-06-25,443
SKU015,2025-06-25,311
SKU016,2025-06-25,355
SKU017,2025-06-25,167
SKU018,2025-06-25,1405
SKU019,2025-06-25,243
SKU020,2025-06-25,1531
SKU021,2025-06-25,466
SKU022,2025-06-25,153
SKU023,2025-06-25,1007
SKU024,2025-06-25,471
SKU025,2025-06-25,607
SKU026,2025-06-25,1587
SKU027,2025-06-25,514
SKU028,2025-06-25,1056
SKU029,2025-06-25,869
SKU030,2025-06-25,370
SKU031,2025-06-25,1058
SKU032,2025-06-25,742
SKU033,2025-06-25,1236
SKU034,2025-06-25,421
SKU035,2025-06-25,153
SKU036,2025-06-25,372
SKU037,2025-06-25,167
SKU038,2025-06-25,1162
SKU039,2025-06-25,789
SKU040,2025-06-25,772
SKU041,2025-06-25,540
SKU042,2025-06-25,482
SKU043,2025-06-25,269
SKU044,2025-06-25,202
SKU045,2025-06-25,1405
SKU046,2025-06-25,393
SKU047,2025-06-25,1169
SKU048,2025-06-25,470
SKU049,2025-06-25,509
SKU050,2025-06-25,362
SKU001,2025-06-26,278
SKU002,2025-06-26,1169
SKU003,2025-06-26,1351
SKU004,2025-06-26,693
SKU005,2025-06-26,342
SKU006,2025-06-26,576
SKU007,2025-06-26,617
SKU008,2025-06-26,555
SKU009,2025-06-26,388
SKU010,2025-06-26,5
SKU011,2025-06-26,370
SKU012,2025-06-26,684
SKU013,2025-06-26,498
SKU014,2025-06-26,379
SKU015,2025-06-26,267
SKU016,2025-06-26,332
SKU017,2025-06-26,135
SKU018,2025-06-26,1328
SKU019,2025-06-26,228
SKU020,2025-06-26,1457
SKU021,2025-06-26,423
SKU022,2025-06-26,139
SKU023,2025-06-26,964
SKU024,2025-06-26,432
SKU025,2025-06-26,554
SKU026,2025-06-26,1494
SKU027,2025-06-26,462
SKU028,2025-06-26,976
SKU029,2025-06-26,813
SKU030,2025-06-26,349
SKU031,2025-06-26,956
SKU032,2025-06-26,650
SKU033,2025-06-26,1164
SKU034,2025-06-26,374
SKU035,2025-06-26,109
SKU036,2025-06-26,325
SKU037,2025-06-26,138
SKU038,2025-06-26,1068
SKU039,2025-06-26,753
SKU040,2025-06-26,728
SKU041,2025-06-26,493
SKU042,2025-06-26,410
SKU043,2025-06-26,226
SKU044,2025-06-26,186
SKU045,2025-06-26,1337
SKU046,2025-06-26,363
SKU047,2025-06-26,1113
SKU048,2025-06-26,430
SKU049,2025-06-26,456
SKU050,2025-06-26,335
SKU001,2025-06-27,259
SKU002,2025-06-27,1112
SKU003,2025-06-27,1270
SKU004,2025-06-27,662
SKU005,2025-06-27,312
SKU006,2025-06-27,540
SKU007,2025-06-27,524
SKU008,2025-06-27,478
SKU009,2025-06-27,357
SKU010,2025-06-27,0
SKU011,2025-06-27,1659
SKU012,2025-06-27,648
SKU013,2025-06-27,439
SKU014,2025-06-27,331
SKU015,2025-06-27,241
SKU016,2025-06-27,315
SKU017,2025-06-27,723
SKU018,2025-06-27,1227
SKU019,2025-06-27,209
SKU020,2025-06-27,1372
SKU021,2025-06-27,384
SKU022,2025-06-27,129
SKU023,2025-06-27,913
SKU024,2025-06-27,386
SKU025,2025-06-27,473
SKU026,2025-06-27,1420
SKU027,2025-06-27,402
SKU028,2025-06-27,908
SKU029,2025-06-27,728
SKU030,2025-06-27,322
SKU031,2025-06-27,861
SKU032,2025-06-27,539
SKU033,2025-06-27,1090
SKU034,2025-06-27,325
SKU035,2025-06-27,65
SKU036,2025-06-27,287
SKU037,2025-06-27,112
SKU038,2025-06-27,977
SKU039,2025-06-27,718
SKU040,2025-06-27,660
SKU041,2025-06-27,438
SKU042,2025-06-27,1123
SKU043,2025-06-27,957
SKU044,2025-06-27,163
SKU045,2025-06-27,1257
SKU046,2025-06-27,337
SKU047,2025-06-27,1055
SKU048,2025-06-27,373
SKU049,2025-06-27,410
SKU050,2025-06-27,294
SKU001,2025-06-28,242
SKU002,2025-06-28,1075
SKU003,2025-06-28,1158
SKU004,2025-06-28,564
SKU005,2025-06-28,293
SKU006,2025-06-28,514
SKU007,2025-06-28,442
SKU008,2025-06-28,411
SKU009,2025-06-28,337
SKU010,2025-06-28,261
SKU011,2025-06-28,1570
SKU012,2025-06-28,599
SKU013,2025-06-28,390
SKU014,2025-06-28,268
SKU015,2025-06-28,193
SKU016,2025-06-28,294
SKU017,2025-06-28,693
SKU018,2025-06-28,1123
SKU019,2025-06-28,183
SKU020,2025-06-28,1318
SKU021,2025-06-28,328
SKU022,2025-06-28,110
SKU023,2025-06-28,882
SKU024,2025-06-28,329
SKU025,2025-06-28,407
SKU026,2025-06-28,1339
SKU027,2025-06-28,345
SKU028,2025-06-28,836
SKU029,2025-06-28,655
SKU030,2025-06-28,292
SKU031,2025-06-28,785
SKU032,2025-06-28,459
SKU033,2025-06-28,1004
SKU034,2025-06-28,267
SKU035,2025-06-28,631
SKU036,2025-06-28,1193
SKU037,2025-06-28,586
SKU038,2025-06-28,885
SKU039,2025-06-28,685
SKU040,2025-06-28,598
SKU041,2025-06-28,376
SKU042,2025-06-28,1051
SKU043,2025-06-28,904
SKU044,2025-06-28,139
SKU045,2025-06-28,1177
SKU046,2025-06-28,310
SKU047,2025-06-28,1018
SKU048,2025-06-28,315
SKU049,2025-06-28,369
SKU050,2025-06-28,243
SKU001,2025-06-29,226
SKU002,2025-06-29,1050
SKU003,2025-06-29,1087
SKU004,2025-06-29,501
SKU005,2025-06-29,279
SKU006,2025-06-29,501
SKU007,2025-06-29,393
SKU008,2025-06-29,358
SKU009,2025-06-29,312
SKU010,2025-06-29,234
SKU011,2025-06-29,1522
SKU012,2025-06-29,567
SKU013,2025-06-29,353
SKU014,2025-06-29,231
SKU015,2025-06-29,838
SKU016,2025-06-29,286
SKU017,2025-06-29,677
SKU018,2025-06-29,1040
SKU019,2025-06-29,166
SKU020,2025-06-29,1270
SKU021,2025-06-29,309
SKU022,2025-06-29,98
SKU023,2025-06-29,861
SKU024,2025-06-29,284
SKU025,2025-06-29,367
SKU026,2025-06-29,1290
SKU027,2025-06-29,310
SKU028,2025-06-29,777
SKU029,2025-06-29,588
SKU030,2025-06-29,273
SKU031,2025-06-29,734
SKU032,2025-06-29,416
SKU033,2025-06-29,945
SKU034,2025-06-29,1146
SKU035,2025-06-29,615
SKU036,2025-06-29,1168
SKU037,2025-06-29,579
SKU038,2025-06-29,849
SKU039,2025-06-29,653
SKU040,2025-06-29,536
SKU041,2025-06-29,329
SKU042,2025-06-29,1018
SKU043,2025-06-29,869
SKU044,2025-06-29,127
SKU045,2025-06-29,1099
SKU046,2025-06-29,287
SKU047,2025-06-29,984
SKU048,2025-06-29,271
SKU049,2025-06-29,341
SKU050,2025-06-29,210
SKU001,2025-06-30,213
SKU002,2025-06-30,1019
SKU003,2025-06-30,1018
SKU004,2025-06-30,455
SKU005,2025-06-30,255
SKU006,2025-06-30,477
SKU007,2025-06-30,340
SKU008,2025-06-30,1421
SKU009,2025-06-30,301
SKU010,2025-06-30,212
SKU011,2025-06-30,1469
SKU012,2025-06-30,533
SKU013,2025-06-30,326
SKU014,2025-06-30,821
SKU015,2025-06-30,799
SKU016,2025-06-30,275
SKU017,2025-06-30,663
SKU018,2025-06-30,980
SKU019,2025-06-30,155
SKU020,2025-06-30,1208
SKU021,2025-06-30,281
SKU022,2025-06-30,90
SKU023,2025-06-30,849
SKU024,2025-06-30,253
SKU025,2025-06-30,325
SKU026,2025-06-30,1233
SKU027,2025-06-30,273
SKU028,2025-06-30,720
SKU029,2025-06-30,539
SKU030,2025-06-30,249
SKU031,2025-06-30,687
SKU032,2025-06-30,331
SKU033,2025-06-30,907
SKU034,2025-06-30,1105
SKU035,2025-06-30,586
SKU036,2025-06-30,1091
SKU037,2025-06-30,560
SKU038,2025-06-30,804
SKU039,2025-06-30,630
SKU040,2025-06-30,467
SKU041,2025-06-30,1354
SKU042,2025-06-30,974
SKU043,2025-06-30,818
SKU044,2025-06-30,419
SKU045,2025-06-30,1016
SKU046,2025-06-30,268
SKU047,2025-06-30,944
SKU048,2025-06-30,231
SKU049,2025-06-30,311
SKU050,2025-06-30,752
SKU001,2025-07-01,200
SKU002,2025-07-01,971
SKU003,2025-07-01,920
SKU004,2025-07-01,363
SKU005,2025-07-01,225
SKU006,2025-07-01,438
SKU007,2025-07-01,263
SKU008,2025-07-01,1355
SKU009,2025-07-01,273
SKU010,2025-07-01,191
SKU011,2025-07-01,1408
SKU012,2025-07-01,504
SKU013,2025-07-01,869
SKU014,2025-07-01,759
SKU015,2025-07-01,760
SKU016,2025-07-01,262
SKU017,2025-07-01,637
SKU018,2025-07-01,874
SKU019,2025-07-01,129
SKU020,2025-07-01,1165
SKU021,2025-07-01,244
SKU022,2025-07-01,75
SKU023,2025-07-01,812
SKU024,2025-07-01,208
SKU025,2025-07-01,1493
SKU026,2025-07-01,1155
SKU027,2025-07-01,839
SKU028,2025-07-01,645
SKU029,2025-07-01,463
SKU030,2025-07-01,227
SKU031,2025-07-01,603
SKU032,2025-07-01,254
SKU033,2025-07-01,847
SKU034,2025-07-01,1061
SKU035,2025-07-01,547
SKU036,2025-07-01,1038
SKU037,2025-07-01,534
SKU038,2025-07-01,761
SKU039,2025-07-01,606
SKU040,2025-07-01,409
SKU041,2025-07-01,1291
SKU042,2025-07-01,888
SKU043,2025-07-01,780
SKU044,2025-07-01,397
SKU045,2025-07-01,915
SKU046,2025-07-01,239
SKU047,2025-07-01,894
SKU048,2025-07-01,1020
SKU049,2025-07-01,262
SKU050,2025-07-01,725
SKU001,2025-07-02,175
SKU002,2025-07-02,925
SKU003,2025-07-02,836
SKU004,2025-07-02,1088
SKU005,2025-07-02,200
SKU006,2025-07-02,414
SKU007,2025-07-02,1214
SKU008,2025-07-02,1292
SKU009,2025-07-02,247
SKU010,2025-07-02,170
SKU011,2025-07-02,1334
SKU012,2025-07-02,470
SKU013,2025-07-02,824
SKU014,2025-07-02,720
SKU015,2025-07-02,717
SKU016,2025-07-02,247
SKU017,2025-07-02,606
SKU018,2025-07-02,808
SKU019,2025-07-02,463
SKU020,2025-07-02,1084
SKU021,2025-07-02,543
SKU022,2025-07-02,260
SKU023,2025-07-02,748
SKU024,2025-07-02,930
SKU025,2025-07-02,1432
SKU026,2025-07-02,1087
SKU027,2025-07-02,770
SKU028,2025-07-02,569
SKU029,2025-07-02,384
SKU030,2025-07-02,205
SKU031,2025-07-02,1676
SKU032,2025-07-02,1645
SKU033,2025-07-02,782
SKU034,2025-07-02,1011
SKU035,2025-07-02,515
SKU036,2025-07-02,975
SKU037,2025-07-02,503
SKU038,2025-07-02,675
SKU039,2025-07-02,574
SKU040,2025-07-02,332
SKU041,2025-07-02,1239
SKU042,2025-07-02,831
SKU043,2025-07-02,727
SKU044,2025-07-02,389
SKU045,2025-07-02,817
SKU046,2025-07-02,214
SKU047,2025-07-02,831
SKU048,2025-07-02,960
SKU049,2025-07-02,574
SKU050,2025-07-02,676
SKU001,2025-07-03,162
SKU002,2025-07-03,861
SKU003,2025-07-03,749
SKU004,2025-07-03,1033
SKU005,2025-07-03,176
SKU006,2025-07-03,383
SKU007,2025-07-03,1124
SKU008,2025-07-03,1236
SKU009,2025-07-03,225
SKU010,2025-07-03,439
SKU011,2025-07-03,1248
SKU012,2025-07-03,427
SKU013,2025-07-03,771
SKU014,2025-07-03,672
SKU015,2025-07-03,674
SKU016,2025-07-03,232
SKU017,2025-07-03,574
SKU018,2025-07-03,723
SKU019,2025-07-03,436
SKU020,2025-07-03,1021
SKU021,2025-07-03,501
SKU022,2025-07-03,244
SKU023,2025-07-03,701
SKU024,2025-07-03,883
SKU025,2025-07-03,1366
SKU026,2025-07-03,1000
SKU027,2025-07-03,718
SKU028,2025-07-03,479
SKU029,2025-07-03,316
SKU030,2025-07-03,187
SKU031,2025-07-03,1602
SKU032,2025-07-03,1575
SKU033,2025-07-03,724
SKU034,2025-07-03,961
SKU035,2025-07-03,474
SKU036,2025-07-03,915
SKU037,2025-07-03,471
SKU038,2025-07-03,586
SKU039,2025-07-03,549
SKU040,2025-07-03,273
SKU041,2025-07-03,1172
SKU042,2025-07-03,787
SKU043,2025-07-03,692
SKU044,2025-07-03,368
SKU045,2025-07-03,734
SKU046,2025-07-03,194
SKU047,2025-07-03,777
SKU048,2025-07-03,930
SKU049,2025-07-03,527
SKU050,2025-07-03,640
SKU001,2025-07-04,149
SKU002,2025-07-04,810
SKU003,2025-07-04,650
SKU004,2025-07-04,951
SKU005,2025-07-04,148
SKU006,2025-07-04,352
SKU007,2025-07-04,1041
SKU008,2025-07-04,1210
SKU009,2025-07-04,204
SKU010,2025-07-04,411
SKU011,2025-07-04,1177
SKU012,2025-07-04,389
SKU013,2025-07-04,727
SKU014,2025-07-04,622
SKU015,2025-07-04,628
SKU016,2025-07-04,217
SKU017,2025-07-04,552
SKU018,2025-07-04,631
SKU019,2025-07-04,402
SKU020,2025-07-04,962
SKU021,2025-07-04,463
SKU022,2025-07-04,225
SKU023,2025-07-04,649
SKU024,2025-07-04,852
SKU025,2025-07-04,1288
SKU026,2025-07-04,928
SKU027,2025-07-04,647
SKU028,2025-07-04,407
SKU029,2025-07-04,249
SKU030,2025-07-04,163
SKU031,2025-07-04,1512
SKU032,2025-07-04,1496
SKU033,2025-07-04,671
SKU034,2025-07-04,888
SKU035,2025-07-04,445
SKU036,2025-07-04,846
SKU037,2025-07-04,448
SKU038,2025-07-04,500
SKU039,2025-07-04,513
SKU040,2025-07-04,1977
SKU041,2025-07-04,1102
SKU042,2025-07-04,723
SKU043,2025-07-04,657
SKU044,2025-07-04,347
SKU045,2025-07-04,653
SKU046,2025-07-04,175
SKU047,2025-07-04,716
SKU048,2025-07-04,851
SKU049,2025-07-04,489
SKU050,2025-07-04,597
SKU001,2025-07-05,133
SKU002,2025-07-05,748
SKU003,2025-07-05,567
SKU004,2025-07-05,865
SKU005,2025-07-05,110
SKU006,2025-07-05,317
SKU007,2025-07-05,951
SKU008,2025-07-05,1160
SKU009,2025-07-05,172
SKU010,2025-07-05,379
SKU011,2025-07-05,1103
SKU012,2025-07-05,355
SKU013,2025-07-05,677
SKU014,2025-07-05,567
SKU015,2025-07-05,589
SKU016,2025-07-05,201
SKU017,2025-07-05,531
SKU018,2025-07-05,556
SKU019,2025-07-05,381
SKU020,2025-07-05,886
SKU021,2025-07-05,403
SKU022,2025-07-05,210
SKU023,2025-07-05,600
SKU024,2025-07-05,792
SKU025,2025-07-05,1214
SKU026,2025-07-05,822
SKU027,2025-07-05,586
SKU028,2025-07-05,1464
SKU029,2025-07-05,160
SKU030,2025-07-05,139
SKU031,2025-07-05,1406
SKU032,2025-07-05,1403
SKU033,2025-07-05,599
SKU034,2025-07-05,832
SKU035,2025-07-05,414
SKU036,2025-07-05,783
SKU037,2025-07-05,419
SKU038,2025-07-05,1734
SKU039,2025-07-05,479
SKU040,2025-07-05,1902
SKU041,2025-07-05,1057
SKU042,2025-07-05,643
SKU043,2025-07-05,612
SKU044,2025-07-05,327
SKU045,2025-07-05,566
SKU046,2025-07-05,154
SKU047,2025-07-05,668
SKU048,2025-07-05,813
SKU049,2025-07-05,433
SKU050,2025-07-05,547
SKU001,2025-07-06,118
SKU002,2025-07-06,698
SKU003,2025-07-06,527
SKU004,2025-07-06,813
SKU005,2025-07-06,495
SKU006,2025-07-06,301
SKU007,2025-07-06,907
SKU008,2025-07-06,1126
SKU009,2025-07-06,155
SKU010,2025-07-06,363
SKU011,2025-07-06,1032
SKU012,2025-07-06,331
SKU013,2025-07-06,645
SKU014,2025-07-06,541
SKU015,2025-07-06,554
SKU016,2025-07-06,189
SKU017,2025-07-06,501
SKU018,2025-07-06,532
SKU019,2025-07-06,364
SKU020,2025-07-06,850
SKU021,2025-07-06,370
SKU022,2025-07-06,201
SKU023,2025-07-06,576
SKU024,2025-07-06,756
SKU025,2025-07-06,1183
SKU026,2025-07-06,793
SKU027,2025-07-06,560
SKU028,2025-07-06,1422
SKU029,2025-07-06,153
SKU030,2025-07-06,124
SKU031,2025-07-06,1322
SKU032,2025-07-06,1357
SKU033,2025-07-06,532
SKU034,2025-07-06,792
SKU035,2025-07-06,396
SKU036,2025-07-06,728
SKU037,2025-07-06,406
SKU038,2025-07-06,1669
SKU039,2025-07-06,466
SKU040,2025-07-06,1873
SKU041,2025-07-06,1007
SKU042,2025-07-06,613
SKU043,2025-07-06,581
SKU044,2025-07-06,315
SKU045,2025-07-06,523
SKU046,2025-07-06,143
SKU047,2025-07-06,626
SKU048,2025-07-06,775
SKU049,2025-07-06,388
SKU050,2025-07-06,531
SKU001,2025-07-07,326
SKU002,2025-07-07,671
SKU003,2025-07-07,455
SKU004,2025-07-07,784
SKU005,2025-07-07,466
SKU006,2025-07-07,277
SKU007,2025-07-07,851
SKU008,2025-07-07,1078
SKU009,2025-07-07,134
SKU010,2025-07-07,335
SKU011,2025-07-07,958
SKU012,2025-07-07,303
SKU013,2025-07-07,596
SKU014,2025-07-07,504
SKU015,2025-07-07,517
SKU016,2025-07-07,179
SKU017,2025-07-07,484
SKU018,2025-07-07,454
SKU019,2025-07-07,343
SKU020,2025-07-07,793
SKU021,2025-07-07,314
SKU022,2025-07-07,187
SKU023,2025-07-07,542
SKU024,2025-07-07,729
SKU025,2025-07-07,1142
SKU026,2025-07-07,726
SKU027,2025-07-07,518
SKU028,2025-07-07,1383
SKU029,2025-07-07,88
SKU030,2025-07-07,543
SKU031,2025-07-07,1258
SKU032,2025-07-07,1310
SKU033,2025-07-07,469
SKU034,2025-07-07,756
SKU035,2025-07-07,369
SKU036,2025-07-07,708
SKU037,2025-07-07,393
SKU038,2025-07-07,1608
SKU039,2025-07-07,441
SKU040,2025-07-07,1847
SKU041,2025-07-07,966
SKU042,2025-07-07,546
SKU043,2025-07-07,533
SKU044,2025-07-07,303
SKU045,2025-07-07,1901
SKU046,2025-07-07,579
SKU047,2025-07-07,577
SKU048,2025-07-07,743
SKU049,2025-07-07,358
SKU050,2025-07-07,496
SKU001,2025-07-08,309
SKU002,2025-07-08,630
SKU003,2025-07-08,392
SKU004,2025-07-08,714
SKU005,2025-07-08,431
SKU006,2025-07-08,260
SKU007,2025-07-08,777
SKU008,2025-07-08,1016
SKU009,2025-07-08,557
SKU010,2025-07-08,304
SKU011,2025-07-08,866
SKU012,2025-07-08,257
SKU013,2025-07-08,544
SKU014,2025-07-08,473
SKU015,2025-07-08,468
SKU016,2025-07-08,171
SKU017,2025-07-08,461
SKU018,2025-07-08,1753
SKU019,2025-07-08,325
SKU020,2025-07-08,723
SKU021,2025-07-08,263
SKU022,2025-07-08,173
SKU023,2025-07-08,503
SKU024,2025-07-08,674
SKU025,2025-07-08,1088
SKU026,2025-07-08,655
SKU027,2025-07-08,470
SKU028,2025-07-08,1322
SKU029,2025-07-08,889
SKU030,2025-07-08,522
SKU031,2025-07-08,1159
SKU032,2025-07-08,1258
SKU033,2025-07-08,424
SKU034,2025-07-08,697
SKU035,2025-07-08,343
SKU036,2025-07-08,649
SKU037,2025-07-08,358
SKU038,2025-07-08,1553
SKU039,2025-07-08,418
SKU040,2025-07-08,1765
SKU041,2025-07-08,924
SKU042,2025-07-08,480
SKU043,2025-07-08,491
SKU044,2025-07-08,278
SKU045,2025-07-08,1784
SKU046,2025-07-08,548
SKU047,2025-07-08,527
SKU048,2025-07-08,692
SKU049,2025-07-08,331
SKU050,2025-07-08,454
SKU001,2025-07-09,289
SKU002,2025-07-09,564
SKU003,2025-07-09,1348
SKU004,2025-07-09,630
SKU005,2025-07-09,407
SKU006,2025-07-09,223
SKU007,2025-07-09,697
SKU008,2025-07-09,952
SKU009,2025-07-09,532
SKU010,2025-07-09,282
SKU011,2025-07-09,796
SKU012,2025-07-09,1196
SKU013,2025-07-09,493
SKU014,2025-07-09,435
SKU015,2025-07-09,425
SKU016,2025-07-09,157
SKU017,2025-07-09,432
SKU018,2025-07-09,1656
SKU019,2025-07-09,305
SKU020,2025-07-09,649
SKU021,2025-07-09,217
SKU022,2025-07-09,154
SKU023,2025-07-09,459
SKU024,2025-07-09,627
SKU025,2025-07-09,1015
SKU026,2025-07-09,567
SKU027,2025-07-09,403
SKU028,2025-07-09,1224
SKU029,2025-07-09,844
SKU030,2025-07-09,494
SKU031,2025-07-09,1035
SKU032,2025-07-09,1214
SKU033,2025-07-09,392
SKU034,2025-07-09,646
SKU035,2025-07-09,293
SKU036,2025-07-09,587
SKU037,2025-07-09,332
SKU038,2025-07-09,1464
SKU039,2025-07-09,387
SKU040,2025-07-09,1688
SKU041,2025-07-09,878
SKU042,2025-07-09,399
SKU043,2025-07-09,444
SKU044,2025-07-09,260
SKU045,2025-07-09,1678
SKU046,2025-07-09,518
SKU047,2025-07-09,479
SKU048,2025-07-09,643
SKU049,2025-07-09,290
SKU050,2025-07-09,412
SKU001,2025-07-10,272
SKU002,2025-07-10,518
SKU003,2025-07-10,1248
SKU004,2025-07-10,560
SKU005,2025-07-10,383
SKU006,2025-07-10,198
SKU007,2025-07-10,631
SKU008,2025-07-10,898
SKU009,2025-07-10,512
SKU010,2025-07-10,269
SKU011,2025-07-10,710
SKU012,2025-07-10,1146
SKU013,2025-07-10,450
SKU014,2025-07-10,381
SKU015,2025-07-10,378
SKU016,2025-07-10,144
SKU017,2025-07-10,402
SKU018,2025-07-10,1595
SKU019,2025-07-10,287
SKU020,2025-07-10,570
SKU021,2025-07-10,161
SKU022,2025-07-10,138
SKU023,2025-07-10,423
SKU024,2025-07-10,581
SKU025,2025-07-10,955
SKU026,2025-07-10,479
SKU027,2025-07-10,341
SKU028,2025-07-10,1138
SKU029,2025-07-10,778
SKU030,2025-07-10,469
SKU031,2025-07-10,933
SKU032,2025-07-10,1148
SKU033,2025-07-10,323
SKU034,2025-07-10,599
SKU035,2025-07-10,253
SKU036,2025-07-10,510
SKU037,2025-07-10,306
SKU038,2025-07-10,1401
SKU039,2025-07-10,364
SKU040,2025-07-10,1619
SKU041,2025-07-10,818
SKU042,2025-07-10,1237
SKU043,2025-07-10,403
SKU044,2025-07-10,243
SKU045,2025-07-10,1601
SKU046,2025-07-10,496
SKU047,2025-07-10,422
SKU048,2025-07-10,615
SKU049,2025-07-10,251
SKU050,2025-07-10,355
SKU001,2025-07-11,251
SKU002,2025-07-11,479
SKU003,2025-07-11,1160
SKU004,2025-07-11,476
SKU005,2025-07-11,354
SKU006,2025-07-11,176
SKU007,2025-07-11,533
SKU008,2025-07-11,840
SKU009,2025-07-11,494
SKU010,2025-07-11,243
SKU011,2025-07-11,593
SKU012,2025-07-11,1100
SKU013,2025-07-11,388
SKU014,2025-07-11,326
SKU015,2025-07-11,339
SKU016,2025-07-11,127
SKU017,2025-07-11,374
SKU018,2025-07-11,1534
SKU019,2025-07-11,262
SKU020,2025-07-11,512
SKU021,2025-07-11,875
SKU022,2025-07-11,122
SKU023,2025-07-11,379
SKU024,2025-07-11,524
SKU025,2025-07-11,892
SKU026,2025-07-11,407
SKU027,2025-07-11,278
SKU028,2025-07-11,1061
SKU029,2025-07-11,709
SKU030,2025-07-11,445
SKU031,2025-07-11,864
SKU032,2025-07-11,1077
SKU033,2025-07-11,1425
SKU034,2025-07-11,551
SKU035,2025-07-11,224
SKU036,2025-07-11,433
SKU037,2025-07-11,279
SKU038,2025-07-11,1343
SKU039,2025-07-11,336
SKU040,2025-07-11,1550
SKU041,2025-07-11,749
SKU042,2025-07-11,1136
SKU043,2025-07-11,359
SKU044,2025-07-11,222
SKU045,2025-07-11,1521
SKU046,2025-07-11,472
SKU047,2025-07-11,373
SKU048,2025-07-11,576
SKU049,2025-07-11,216
SKU050,2025-07-11,302
SKU001,2025-07-12,232
SKU002,2025-07-12,421
SKU003,2025-07-12,1049
SKU004,2025-07-12,1453
SKU005,2025-07-12,320
SKU006,2025-07-12,151
SKU007,2025-07-12,452
SKU008,2025-07-12,761
SKU009,2025-07-12,462
SKU010,2025-07-12,216
SKU011,2025-07-12,489
SKU012,2025-07-12,1062
SKU013,2025-07-12,340
SKU014,2025-07-12,920
SKU015,2025-07-12,294
SKU016,2025-07-12,109
SKU017,2025-07-12,346
SKU018,2025-07-12,1442
SKU019,2025-07-12,241
SKU020,2025-07-12,1287
SKU021,2025-07-12,828
SKU022,2025-07-12,109
SKU023,2025-07-12,340
SKU024,2025-07-12,479
SKU025,2025-07-12,808
SKU026,2025-07-12,323
SKU027,2025-07-12,1183
SKU028,2025-07-12,975
SKU029,2025-07-12,633
SKU030,2025-07-12,417
SKU031,2025-07-12,769
SKU032,2025-07-12,1004
SKU033,2025-07-12,1351
SKU034,2025-07-12,511
SKU035,2025-07-12,186
SKU036,2025-07-12,351
SKU037,2025-07-12,252
SKU038,2025-07-12,1260
SKU039,2025-07-12,303
SKU040,2025-07-12,1487
SKU041,2025-07-12,678
SKU042,2025-07-12,1055
SKU043,2025-07-12,317
SKU044,2025-07-12,198
SKU045,2025-07-12,1413
SKU046,2025-07-12,439
SKU047,2025-07-12,305
SKU048,2025-07-12,524
SKU049,2025-07-12,155
SKU050,2025-07-12,242
SKU001,2025-07-13,218
SKU002,2025-07-13,396
SKU003,2025-07-13,993
SKU004,2025-07-13,1405
SKU005,2025-07-13,304
SKU006,2025-07-13,766
SKU007,2025-07-13,411
SKU008,2025-07-13,719
SKU009,2025-07-13,448
SKU010,2025-07-13,201
SKU011,2025-07-13,422
SKU012,2025-07-13,1033
SKU013,2025-07-13,329
SKU014,2025-07-13,896
SKU015,2025-07-13,268
SKU016,2025-07-13,94
SKU017,2025-07-13,323
SKU018,2025-07-13,1362
SKU019,2025-07-13,225
SKU020,2025-07-13,1249
SKU021,2025-07-13,808
SKU022,2025-07-13,96
SKU023,2025-07-13,307
SKU024,2025-07-13,459
SKU025,2025-07-13,761
SKU026,2025-07-13,282
SKU027,2025-07-13,1139
SKU028,2025-07-13,909
SKU029,2025-07-13,576
SKU030,2025-07-13,399
SKU031,2025-07-13,709
SKU032,2025-07-13,944
SKU033,2025-07-13,1307
SKU034,2025-07-13,466
SKU035,2025-07-13,157
SKU036,2025-07-13,306
SKU037,2025-07-13,231
SKU038,2025-07-13,1204
SKU039,2025-07-13,277
SKU040,2025-07-13,1451
SKU041,2025-07-13,618
SKU042,2025-07-13,1013
SKU043,2025-07-13,281
SKU044,2025-07-13,192
SKU045,2025-07-13,1366
SKU046,2025-07-13,420
SKU047,2025-07-13,1263
SKU048,2025-07-13,473
SKU049,2025-07-13,615
SKU050,2025-07-13,1052
SKU001,2025-07-14,206
SKU002,2025-07-14,354
SKU003,2025-07-14,937
SKU004,2025-07-14,1364
SKU005,2025-07-14,278
SKU006,2025-07-14,735
SKU007,2025-07-14,364
SKU008,2025-07-14,665
SKU009,2025-07-14,433
SKU010,2025-07-14,179
SKU011,2025-07-14,1731
SKU012,2025-07-14,996
SKU013,2025-07-14,295
SKU014,2025-07-14,863
SKU015,2025-07-14,231
SKU016,2025-07-14,418
SKU017,2025-07-14,289
SKU018,2025-07-14,1296
SKU019,2025-07-14,210
SKU020,2025-07-14,1198
SKU021,2025-07-14,776
SKU022,2025-07-14,85
SKU023,2025-07-14,280
SKU024,2025-07-14,420
SKU025,2025-07-14,673
SKU026,2025-07-14,1770
SKU027,2025-07-14,1101
SKU028,2025-07-14,847
SKU029,2025-07-14,1367
SKU030,2025-07-14,379
SKU031,2025-07-14,628
SKU032,2025-07-14,905
SKU033,2025-07-14,1244
SKU034,2025-07-14,435
SKU035,2025-07-14,736
SKU036,2025-07-14,1254
SKU037,2025-07-14,208
SKU038,2025-07-14,1147
SKU039,2025-07-14,251
SKU040,2025-07-14,1407
SKU041,2025-07-14,563
SKU042,2025-07-14,951
SKU043,2025-07-14,249
SKU044,2025-07-14,169
SKU045,2025-07-14,1305
SKU046,2025-07-14,405
SKU047,2025-07-14,1214
SKU048,2025-07-14,440
SKU049,2025-07-14,584
SKU050,2025-07-14,1005
SKU001,2025-07-15,187
SKU002,2025-07-15,330
SKU003,2025-07-15,897
SKU004,2025-07-15,1283
SKU005,2025-07-15,261
SKU006,2025-07-15,716
SKU007,2025-07-15,283
SKU008,2025-07-15,620
SKU009,2025-07-15,405
SKU010,2025-07-15,154
SKU011,2025-07-15,1657
SKU012,2025-07-15,952
SKU013,2025-07-15,250
SKU014,2025-07-15,814
SKU015,2025-07-15,191
SKU016,2025-07-15,401
SKU017,2025-07-15,254
SKU018,2025-07-15,1221
SKU019,2025-07-15,193
SKU020,2025-07-15,1128
SKU021,2025-07-15,734
SKU022,2025-07-15,72
SKU023,2025-07-15,1187
SKU024,2025-07-15,393
SKU025,2025-07-15,611
SKU026,2025-07-15,1686
SKU027,2025-07-15,1043
SKU028,2025-07-15,788
SKU029,2025-07-15,1288
SKU030,2025-07-15,351
SKU031,2025-07-15,563
SKU032,2025-07-15,838
SKU033,2025-07-15,1176
SKU034,2025-07-15,376
SKU035,2025-07-15,702
SKU036,2025-07-15,1176
SKU037,2025-07-15,187
SKU038,2025-07-15,1059
SKU039,2025-07-15,221
SKU040,2025-07-15,1369
SKU041,2025-07-15,520
SKU042,2025-07-15,890
SKU043,2025-07-15,207
SKU044,2025-07-15,141
SKU045,2025-07-15,1217
SKU046,2025-07-15,378
SKU047,2025-07-15,1170
SKU048,2025-07-15,397
SKU049,2025-07-15,554
SKU050,2025-07-15,957
SKU001,2025-07-16,173
SKU002,2025-07-16,281
SKU003,2025-07-16,823
SKU004,2025-07-16,1189
SKU005,2025-07-16,236
SKU006,2025-07-16,689
SKU007,2025-07-16,1133
SKU008,2025-07-16,565
SKU009,2025-07-16,386
SKU010,2025-07-16,130
SKU011,2025-07-16,1583
SKU012,2025-07-16,911
SKU013,2025-07-16,195
SKU014,2025-07-16,760
SKU015,2025-07-16,558
SKU016,2025-07-16,384
SKU017,2025-07-16,223
SKU018,2025-07-16,1136
SKU019,2025-07-16,169
SKU020,2025-07-16,1079
SKU021,2025-07-16,694
SKU022,2025-07-16,354
SKU023,2025-07-16,1155
SKU024,2025-07-16,360
SKU025,2025-07-16,566
SKU026,2025-07-16,1594
SKU027,2025-07-16,988
SKU028,2025-07-16,707
SKU029,2025-07-16,1218
SKU030,2025-07-16,324
SKU031,2025-07-16,478
SKU032,2025-07-16,744
SKU033,2025-07-16,1112
SKU034,2025-07-16,333
SKU035,2025-07-16,660
SKU036,2025-07-16,1120
SKU037,2025-07-16,159
SKU038,2025-07-16,946
SKU039,2025-07-16,176
SKU040,2025-07-16,1305
SKU041,2025-07-16,451
SKU042,2025-07-16,825
SKU043,2025-07-16,178
SKU044,2025-07-16,120
SKU045,2025-07-16,1124
SKU046,2025-07-16,345
SKU047,2025-07-16,1124
SKU048,2025-07-16,345
SKU049,2025-07-16,504
SKU050,2025-07-16,918
SKU001,2025-07-17,155
SKU002,2025-07-17,240
SKU003,2025-07-17,774
SKU004,2025-07-17,1091
SKU005,2025-07-17,202
SKU006,2025-07-17,658
SKU007,2025-07-17,1082
SKU008,2025-07-17,492
SKU009,2025-07-17,363
SKU010,2025-07-17,102
SKU011,2025-07-17,1501
SKU012,2025-07-17,860
SKU013,2025-07-17,135
SKU014,2025-07-17,702
SKU015,2025-07-17,511
SKU016,2025-07-17,370
SKU017,2025-07-17,204
SKU018,2025-07-17,1048
SKU019,2025-07-17,145
SKU020,2025-07-17,1008
SKU021,2025-07-17,645
SKU022,2025-07-17,341
SKU023,2025-07-17,1127
SKU024,2025-07-17,310
SKU025,2025-07-17,515
SKU026,2025-07-17,1528
SKU027,2025-07-17,940
SKU028,2025-07-17,635
SKU029,2025-07-17,1130
SKU030,2025-07-17,303
SKU031,2025-07-17,400
SKU032,2025-07-17,655
SKU033,2025-07-17,1038
SKU034,2025-07-17,282
SKU035,2025-07-17,623
SKU036,2025-07-17,1077
SKU037,2025-07-17,139
SKU038,2025-07-17,866
SKU039,2025-07-17,663
SKU040,2025-07-17,1235
SKU041,2025-07-17,406
SKU042,2025-07-17,748
SKU043,2025-07-17,916
SKU044,2025-07-17,94
SKU045,2025-07-17,1016
SKU046,2025-07-17,307
SKU047,2025-07-17,1088
SKU048,2025-07-17,284
SKU049,2025-07-17,466
SKU050,2025-07-17,869
SKU001,2025-07-18,137
SKU002,2025-07-18,1151
SKU003,2025-07-18,688
SKU004,2025-07-18,991
SKU005,2025-07-18,168
SKU006,2025-07-18,627
SKU007,2025-07-18,988
SKU008,2025-07-18,446
SKU009,2025-07-18,339
SKU010,2025-07-18,440
SKU011,2025-07-18,1401
SKU012,2025-07-18,820
SKU013,2025-07-18,654
SKU014,2025-07-18,654
SKU015,2025-07-18,477
SKU016,2025-07-18,356
SKU017,2025-07-18,187
SKU018,2025-07-18,975
SKU019,2025-07-18,513
SKU020,2025-07-18,926
SKU021,2025-07-18,605
SKU022,2025-07-18,325
SKU023,2025-07-18,1081
SKU024,2025-07-18,272
SKU025,2025-07-18,442
SKU026,2025-07-18,1431
SKU027,2025-07-18,881
SKU028,2025-07-18,575
SKU029,2025-07-18,1045
SKU030,2025-07-18,292
SKU031,2025-07-18,308
SKU032,2025-07-18,592
SKU033,2025-07-18,994
SKU034,2025-07-18,241
SKU035,2025-07-18,596
SKU036,2025-07-18,1021
SKU037,2025-07-18,445
SKU038,2025-07-18,796
SKU039,2025-07-18,631
SKU040,2025-07-18,1153
SKU041,2025-07-18,362
SKU042,2025-07-18,688
SKU043,2025-07-18,870
SKU044,2025-07-18,382
SKU045,2025-07-18,940
SKU046,2025-07-18,274
SKU047,2025-07-18,1040
SKU048,2025-07-18,234
SKU049,2025-07-18,415
SKU050,2025-07-18,838
SKU001,2025-07-19,122
SKU002,2025-07-19,1104
SKU003,2025-07-19,572
SKU004,2025-07-19,919
SKU005,2025-07-19,139
SKU006,2025-07-19,602
SKU007,2025-07-19,902
SKU008,2025-07-19,384
SKU009,2025-07-19,310
SKU010,2025-07-19,417
SKU011,2025-07-19,1304
SKU012,2025-07-19,780
SKU013,2025-07-19,603
SKU014,2025-07-19,596
SKU015,2025-07-19,421
SKU016,2025-07-19,337
SKU017,2025-07-19,158
SKU018,2025-07-19,877
SKU019,2025-07-19,485
SKU020,2025-07-19,858
SKU021,2025-07-19,558
SKU022,2025-07-19,306
SKU023,2025-07-19,1027
SKU024,2025-07-19,229
SKU025,2025-07-19,377
SKU026,2025-07-19,1336
SKU027,2025-07-19,823
SKU028,2025-07-19,509
SKU029,2025-07-19,949
SKU030,2025-07-19,264
SKU031,2025-07-19,1648
SKU032,2025-07-19,485
SKU033,2025-07-19,919
SKU034,2025-07-19,194
SKU035,2025-07-19,563
SKU036,2025-07-19,940
SKU037,2025-07-19,416
SKU038,2025-07-19,711
SKU039,2025-07-19,596
SKU040,2025-07-19,1070
SKU041,2025-07-19,295
SKU042,2025-07-19,620
SKU043,2025-07-19,821
SKU044,2025-07-19,353
SKU045,2025-07-19,837
SKU046,2025-07-19,251
SKU047,2025-07-19,960
SKU048,2025-07-19,1003
SKU049,2025-07-19,378
SKU050,2025-07-19,783
SKU001,2025-07-20,113
SKU002,2025-07-20,1062
SKU003,2025-07-20,516
SKU004,2025-07-20,856
SKU005,2025-07-20,624
SKU006,2025-07-20,578
SKU007,2025-07-20,856
SKU008,2025-07-20,333
SKU009,2025-07-20,295
SKU010,2025-07-20,403
SKU011,2025-07-20,1262
SKU012,2025-07-20,748
SKU013,2025-07-20,579
SKU014,2025-07-20,558
SKU015,2025-07-20,398
SKU016,2025-07-20,332
SKU017,2025-07-20,134
SKU018,2025-07-20,803
SKU019,2025-07-20,474
SKU020,2025-07-20,822
SKU021,2025-07-20,525
SKU022,2025-07-20,293
SKU023,2025-07-20,1010
SKU024,2025-07-20,949
SKU025,2025-07-20,340
SKU026,2025-07-20,1270
SKU027,2025-07-20,773
SKU028,2025-07-20,471
SKU029,2025-07-20,888
SKU030,2025-07-20,243
SKU031,2025-07-20,1590
SKU032,2025-07-20,433
SKU033,2025-07-20,874
SKU034,2025-07-20,1080
SKU035,2025-07-20,542
SKU036,2025-07-20,904
SKU037,2025-07-20,404
SKU038,2025-07-20,682
SKU039,2025-07-20,563
SKU040,2025-07-20,1022
SKU041,2025-07-20,253
SKU042,2025-07-20,577
SKU043,2025-07-20,794
SKU044,2025-07-20,341
SKU045,2025-07-20,764
SKU046,2025-07-20,230
SKU047,2025-07-20,927
SKU048,2025-07-20,979
SKU049,2025-07-20,348
SKU050,2025-07-20,751
SKU001,2025-07-21,323
SKU002,2025-07-21,1039
SKU003,2025-07-21,452
SKU004,2025-07-21,816
SKU005,2025-07-21,605
SKU006,2025-07-21,559
SKU007,2025-07-21,809
SKU008,2025-07-21,294
SKU009,2025-07-21,272
SKU010,2025-07-21,385
SKU011,2025-07-21,1208
SKU012,2025-07-21,711
SKU013,2025-07-21,547
SKU014,2025-07-21,521
SKU015,2025-07-21,355
SKU016,2025-07-21,322
SKU017,2025-07-21,119
SKU018,2025-07-21,701
SKU019,2025-07-21,456
SKU020,2025-07-21,751
SKU021,2025-07-21,504
SKU022,2025-07-21,281
SKU023,2025-07-21,984
SKU024,2025-07-21,921
SKU025,2025-07-21,1497
SKU026,2025-07-21,1233
SKU027,2025-07-21,734
SKU028,2025-07-21,1504
SKU029,2025-07-21,842
SKU030,2025-07-21,225
SKU031,2025-07-21,1545
SKU032,2025-07-21,367
SKU033,2025-07-21,794
SKU034,2025-07-21,1029
SKU035,2025-07-21,530
SKU036,2025-07-21,878
SKU037,2025-07-21,390
SKU038,2025-07-21,610
SKU039,2025-07-21,533
SKU040,2025-07-21,976
SKU041,2025-07-21,216
SKU042,2025-07-21,532
SKU043,2025-07-21,763
SKU044,2025-07-21,321
SKU045,2025-07-21,712
SKU046,2025-07-21,206
SKU047,2025-07-21,885
SKU048,2025-07-21,954
SKU049,2025-07-21,310
SKU050,2025-07-21,721
SKU001,2025-07-22,302
SKU002,2025-07-22,987
SKU003,2025-07-22,364
SKU004,2025-07-22,739
SKU005,2025-07-22,580
SKU006,2025-07-22,533
SKU007,2025-07-22,742
SKU008,2025-07-22,233
SKU009,2025-07-22,248
SKU010,2025-07-22,359
SKU011,2025-07-22,1116
SKU012,2025-07-22,679
SKU013,2025-07-22,511
SKU014,2025-07-22,468
SKU015,2025-07-22,304
SKU016,2025-07-22,304
SKU017,2025-07-22,638
SKU018,2025-07-22,622
SKU019,2025-07-22,434
SKU020,2025-07-22,669
SKU021,2025-07-22,465
SKU022,2025-07-22,269
SKU023,2025-07-22,942
SKU024,2025-07-22,885
SKU025,2025-07-22,1420
SKU026,2025-07-22,1133
SKU027,2025-07-22,682
SKU028,2025-07-22,1414
SKU029,2025-07-22,766
SKU030,2025-07-22,205
SKU031,2025-07-22,1472
SKU032,2025-07-22,318
SKU033,2025-07-22,721
SKU034,2025-07-22,996
SKU035,2025-07-22,492
SKU036,2025-07-22,840
SKU037,2025-07-22,369
SKU038,2025-07-22,538
SKU039,2025-07-22,494
SKU040,2025-07-22,901
SKU041,2025-07-22,166
SKU042,2025-07-22,1603
SKU043,2025-07-22,726
SKU044,2025-07-22,298
SKU045,2025-07-22,638
SKU046,2025-07-22,181
SKU047,2025-07-22,827
SKU048,2025-07-22,911
SKU049,2025-07-22,257
SKU050,2025-07-22,675
SKU001,2025-07-23,285
SKU002,2025-07-23,944
SKU003,2025-07-23,1362
SKU004,2025-07-23,638
SKU005,2025-07-23,550
SKU006,2025-07-23,508
SKU007,2025-07-23,675
SKU008,2025-07-23,1472
SKU009,2025-07-23,222
SKU010,2025-07-23,343
SKU011,2025-07-23,1032
SKU012,2025-07-23,633
SKU013,2025-07-23,454
SKU014,2025-07-23,421
SKU015,2025-07-23,264
SKU016,2025-07-23,288
SKU017,2025-07-23,606
SKU018,2025-07-23,523
SKU019,2025-07-23,417
SKU020,2025-07-23,594
SKU021,2025-07-23,428
SKU022,2025-07-23,254
SKU023,2025-07-23,905
SKU024,2025-07-23,830
SKU025,2025-07-23,1343
SKU026,2025-07-23,1057
SKU027,2025-07-23,629
SKU028,2025-07-23,1340
SKU029,2025-07-23,662
SKU030,2025-07-23,184
SKU031,2025-07-23,1363
SKU032,2025-07-23,236
SKU033,2025-07-23,661
SKU034,2025-07-23,949
SKU035,2025-07-23,447
SKU036,2025-07-23,777
SKU037,2025-07-23,342
SKU038,2025-07-23,456
SKU039,2025-07-23,466
SKU040,2025-07-23,837
SKU041,2025-07-23,1231
SKU042,2025-07-23,1519
SKU043,2025-07-23,676
SKU044,2025-07-23,280
SKU045,2025-07-23,560
SKU046,2025-07-23,610
SKU047,2025-07-23,760
SKU048,2025-07-23,858
SKU049,2025-07-23,680
SKU050,2025-07-23,640
SKU001,2025-07-24,262
SKU002,2025-07-24,910
SKU003,2025-07-24,1284
SKU004,2025-07-24,572
SKU005,2025-07-24,526
SKU006,2025-07-24,475
SKU007,2025-07-24,605
SKU008,2025-07-24,1411
SKU009,2025-07-24,205
SKU010,2025-07-24,322
SKU011,2025-07-24,924
SKU012,2025-07-24,604
SKU013,2025-07-24,392
SKU014,2025-07-24,362
SKU015,2025-07-24,233
SKU016,2025-07-24,269
SKU017,2025-07-24,573
SKU018,2025-07-24,436
SKU019,2025-07-24,398
SKU020,2025-07-24,512
SKU021,2025-07-24,404
SKU022,2025-07-24,241
SKU023,2025-07-24,862
SKU024,2025-07-24,792
SKU025,2025-07-24,1293
SKU026,2025-07-24,982
SKU027,2025-07-24,576
SKU028,2025-07-24,1269
SKU029,2025-07-24,583
SKU030,2025-07-24,162
SKU031,2025-07-24,1248
SKU032,2025-07-24,137
SKU033,2025-07-24,588
SKU034,2025-07-24,910
SKU035,2025-07-24,405
SKU036,2025-07-24,704
SKU037,2025-07-24,316
SKU038,2025-07-24,370
SKU039,2025-07-24,437
SKU040,2025-07-24,786
SKU041,2025-07-24,1185
SKU042,2025-07-24,1433
SKU043,2025-07-24,625
SKU044,2025-07-24,258
SKU045,2025-07-24,1876
SKU046,2025-07-24,590
SKU047,2025-07-24,703
SKU048,2025-07-24,815
SKU049,2025-07-24,636
SKU050,2025-07-24,599
SKU001,2025-07-25,246
SKU002,2025-07-25,853
SKU003,2025-07-25,1202
SKU004,2025-07-25,503
SKU005,2025-07-25,506
SKU006,2025-07-25,447
SKU007,2025-07-25,521
SKU008,2025-07-25,1353
SKU009,2025-07-25,174
SKU010,2025-07-25,302
SKU011,2025-07-25,851
SKU012,2025-07-25,564
SKU013,2025-07-25,341
SKU014,2025-07-25,1060
SKU015,2025-07-25,867
SKU016,2025-07-25,248
SKU017,2025-07-25,543
SKU018,2025-07-25,378
SKU019,2025-07-25,377
SKU020,2025-07-25,439
SKU021,2025-07-25,369
SKU022,2025-07-25,228
SKU023,2025-07-25,814
SKU024,2025-07-25,743
SKU025,2025-07-25,1202
SKU026,2025-07-25,873
SKU027,2025-07-25,523
SKU028,2025-07-25,1187
SKU029,2025-07-25,491
SKU030,2025-07-25,464
SKU031,2025-07-25,1161
SKU032,2025-07-25,2346
SKU033,2025-07-25,507
SKU034,2025-07-25,867
SKU035,2025-07-25,369
SKU036,2025-07-25,630
SKU037,2025-07-25,295
SKU038,2025-07-25,313
SKU039,2025-07-25,400
SKU040,2025-07-25,723
SKU041,2025-07-25,1137
SKU042,2025-07-25,1372
SKU043,2025-07-25,579
SKU044,2025-07-25,234
SKU045,2025-07-25,1811
SKU046,2025-07-25,554
SKU047,2025-07-25,655
SKU048,2025-07-25,755
SKU049,2025-07-25,596
SKU050,2025-07-25,563
SKU001,2025-07-26,229
SKU002,2025-07-26,794
SKU003,2025-07-26,1126
SKU004,2025-07-26,428
SKU005,2025-07-26,477
SKU006,2025-07-26,412
SKU007,2025-07-26,431
SKU008,2025-07-26,1291
SKU009,2025-07-26,149
SKU010,2025-07-26,275
SKU011,2025-07-26,760
SKU012,2025-07-26,525
SKU013,2025-07-26,288
SKU014,2025-07-26,992
SKU015,2025-07-26,816
SKU016,2025-07-26,230
SKU017,2025-07-26,513
SKU018,2025-07-26,327
SKU019,2025-07-26,345
SKU020,2025-07-26,359
SKU021,2025-07-26,337
SKU022,2025-07-26,214
SKU023,2025-07-26,762
SKU024,2025-07-26,702
SKU025,2025-07-26,1134
SKU026,2025-07-26,811
SKU027,2025-07-26,469
SKU028,2025-07-26,1101
SKU029,2025-07-26,424
SKU030,2025-07-26,435
SKU031,2025-07-26,1057
SKU032,2025-07-26,2273
SKU033,2025-07-26,438
SKU034,2025-07-26,829
SKU035,2025-07-26,324
SKU036,2025-07-26,559
SKU037,2025-07-26,268
SKU038,2025-07-26,1610
SKU039,2025-07-26,354
SKU040,2025-07-26,648
SKU041,2025-07-26,1072
SKU042,2025-07-26,1297
SKU043,2025-07-26,520
SKU044,2025-07-26,214
SKU045,2025-07-26,1682
SKU046,2025-07-26,529
SKU047,2025-07-26,588
SKU048,2025-07-26,712
SKU049,2025-07-26,550
SKU050,2025-07-26,523
SKU001,2025-07-27,222
SKU002,2025-07-27,762
SKU003,2025-07-27,1025
SKU004,2025-07-27,391
SKU005,2025-07-27,451
SKU006,2025-07-27,390
SKU007,2025-07-27,380
SKU008,2025-07-27,1235
SKU009,2025-07-27,133
SKU010,2025-07-27,249
SKU011,2025-07-27,713
SKU012,2025-07-27,506
SKU013,2025-07-27,251
SKU014,2025-07-27,956
SKU015,2025-07-27,787
SKU016,2025-07-27,224
SKU017,2025-07-27,499
SKU018,2025-07-27,1401
SKU019,2025-07-27,329
SKU020,2025-07-27,304
SKU021,2025-07-27,808
SKU022,2025-07-27,204
SKU023,2025-07-27,737
SKU024,2025-07-27,675
SKU025,2025-07-27,1071
SKU026,2025-07-27,767
SKU027,2025-07-27,436
SKU028,2025-07-27,1035
SKU029,2025-07-27,383
SKU030,2025-07-27,422
SKU031,2025-07-27,1003
SKU032,2025-07-27,2209
SKU033,2025-07-27,388
SKU034,2025-07-27,793
SKU035,2025-07-27,301
SKU036,2025-07-27,510
SKU037,2025-07-27,254
SKU038,2025-07-27,1549
SKU039,2025-07-27,332
SKU040,2025-07-27,593
SKU041,2025-07-27,1044
SKU042,2025-07-27,1249
SKU043,2025-07-27,488
SKU044,2025-07-27,202
SKU045,2025-07-27,1617
SKU046,2025-07-27,502
SKU047,2025-07-27,542
SKU048,2025-07-27,666
SKU049,2025-07-27,521
SKU050,2025-07-27,492
SKU001,2025-07-28,209
SKU002,2025-07-28,729
SKU003,2025-07-28,967
SKU004,2025-07-28,1465
SKU005,2025-07-28,428
SKU006,2025-07-28,365
SKU007,2025-07-28,1349
SKU008,2025-07-28,1178
SKU009,2025-07-28,121
SKU010,2025-07-28,233
SKU011,2025-07-28,646
SKU012,2025-07-28,476
SKU013,2025-07-28,789
SKU014,2025-07-28,934
SKU015,2025-07-28,754
SKU016,2025-07-28,213
SKU017,2025-07-28,482
SKU018,2025-07-28,1343
SKU019,2025-07-28,314
SKU020,2025-07-28,914
SKU021,2025-07-28,762
SKU022,2025-07-28,194
SKU023,2025-07-28,695
SKU024,2025-07-28,651
SKU025,2025-07-28,1016
SKU026,2025-07-28,710
SKU027,2025-07-28,408
SKU028,2025-07-28,987
SKU029,2025-07-28,326
SKU030,2025-07-28,408
SKU031,2025-07-28,917
SKU032,2025-07-28,2156
SKU033,2025-07-28,346
SKU034,2025-07-28,761
SKU035,2025-07-28,268
SKU036,2025-07-28,456
SKU037,2025-07-28,234
SKU038,2025-07-28,1501
SKU039,2025-07-28,303
SKU040,2025-07-28,566
SKU041,2025-07-28,983
SKU042,2025-07-28,1181
SKU043,2025-07-28,451
SKU044,2025-07-28,184
SKU045,2025-07-28,1562
SKU046,2025-07-28,481
SKU047,2025-07-28,503
SKU048,2025-07-28,631
SKU049,2025-07-28,481
SKU050,2025-07-28,457
SKU001,2025-07-29,192
SKU002,2025-07-29,685
SKU003,2025-07-29,904
SKU004,2025-07-29,1424
SKU005,2025-07-29,399
SKU006,2025-07-29,334
SKU007,2025-07-29,1285
SKU008,2025-07-29,1107
SKU009,2025-07-29,93
SKU010,2025-07-29,202
SKU011,2025-07-29,589
SKU012,2025-07-29,428
SKU013,2025-07-29,744
SKU014,2025-07-29,873
SKU015,2025-07-29,709
SKU016,2025-07-29,194
SKU017,2025-07-29,459
SKU018,2025-07-29,1267
SKU019,2025-07-29,298
SKU020,2025-07-29,838
SKU021,2025-07-29,705
SKU022,2025-07-29,182
SKU023,2025-07-29,664
SKU024,2025-07-29,610
SKU025,2025-07-29,947
SKU026,2025-07-29,636
SKU027,2025-07-29,361
SKU028,2025-07-29,918
SKU029,2025-07-29,241
SKU030,2025-07-29,388
SKU031,2025-07-29,816
SKU032,2025-07-29,2081
SKU033,2025-07-29,284
SKU034,2025-07-29,721
SKU035,2025-07-29,235
SKU036,2025-07-29,1374
SKU037,2025-07-29,207
SKU038,2025-07-29,1413
SKU039,2025-07-29,268
SKU040,2025-07-29,509
SKU041,2025-07-29,942
SKU042,2025-07-29,1111
SKU043,2025-07-29,395
SKU044,2025-07-29,157
SKU045,2025-07-29,1478
SKU046,2025-07-29,453
SKU047,2025-07-29,443
SKU048,2025-07-29,581
SKU049,2025-07-29,449
SKU050,2025-07-29,410
SKU001,2025-07-30,178
SKU002,2025-07-30,645
SKU003,2025-07-30,814
SKU004,2025-07-30,1346
SKU005,2025-07-30,371
SKU006,2025-07-30,309
SKU007,2025-07-30,1193
SKU008,2025-07-30,1046
SKU009,2025-07-30,429
SKU010,2025-07-30,181
SKU011,2025-07-30,502
SKU012,2025-07-30,393
SKU013,2025-07-30,706
SKU014,2025-07-30,822
SKU015,2025-07-30,684
SKU016,2025-07-30,178
SKU017,2025-07-30,435
SKU018,2025-07-30,1168
SKU019,2025-07-30,277
SKU020,2025-07-30,767
SKU021,2025-07-30,652
SKU022,2025-07-30,169
SKU023,2025-07-30,621
SKU024,2025-07-30,559
SKU025,2025-07-30,884
SKU026,2025-07-30,581
SKU027,2025-07-30,303
SKU028,2025-07-30,868
SKU029,2025-07-30,913
SKU030,2025-07-30,368
SKU031,2025-07-30,722
SKU032,2025-07-30,1984
SKU033,2025-07-30,227
SKU034,2025-07-30,690
SKU035,2025-07-30,199
SKU036,2025-07-30,1336
SKU037,2025-07-30,183
SKU038,2025-07-30,1342
SKU039,2025-07-30,230
SKU040,2025-07-30,440
SKU041,2025-07-30,861
SKU042,2025-07-30,1028
SKU043,2025-07-30,349
SKU044,2025-07-30,134
SKU045,2025-07-30,1404
SKU046,2025-07-30,423
SKU047,2025-07-30,377
SKU048,2025-07-30,519
SKU049,2025-07-30,410
SKU050,2025-07-30,373
SKU001,2025-07-31,159
SKU002,2025-07-31,589
SKU003,2025-07-31,730
SKU004,2025-07-31,1250
SKU005,2025-07-31,343
SKU006,2025-07-31,290
SKU007,2025-07-31,1134
SKU008,2025-07-31,993
SKU009,2025-07-31,413
SKU010,2025-07-31,157
SKU011,2025-07-31,1801
SKU012,2025-07-31,356
SKU013,2025-07-31,648
SKU014,2025-07-31,771
SKU015,2025-07-31,640
SKU016,2025-07-31,164
SKU017,2025-07-31,417
SKU018,2025-07-31,1107
SKU019,2025-07-31,250
SKU020,2025-07-31,712
SKU021,2025-07-31,613
SKU022,2025-07-31,158
SKU023,2025-07-31,594
SKU024,2025-07-31,502
SKU025,2025-07-31,835
SKU026,2025-07-31,2051
SKU027,2025-07-31,249
SKU028,2025-07-31,809
SKU029,2025-07-31,824
SKU030,2025-07-31,343
SKU031,2025-07-31,629
SKU032,2025-07-31,1903
SKU033,2025-07-31,1329
SKU034,2025-07-31,647
SKU035,2025-07-31,167
SKU036,2025-07-31,1288
SKU037,2025-07-31,163
SKU038,2025-07-31,1257
SKU039,2025-07-31,185
SKU040,2025-07-31,358
SKU041,2025-07-31,809
SKU042,2025-07-31,964
SKU043,2025-07-31,313
SKU044,2025-07-31,429
SKU045,2025-07-31,1315
SKU046,2025-07-31,398
SKU047,2025-07-31,320
SKU048,2025-07-31,475
SKU049,2025-07-31,377
SKU050,2025-07-31,342
SKU001,2025-08-01,144
SKU002,2025-08-01,532
SKU003,2025-08-01,631
SKU004,2025-08-01,1177
SKU005,2025-08-01,310
SKU006,2025-08-01,271
SKU007,2025-08-01,1050
SKU008,2025-08-01,922
SKU009,2025-08-01,393
SKU010,2025-08-01,120
SKU011,2025-08-01,1718
SKU012,2025-08-01,318
SKU013,2025-08-01,592
SKU014,2025-08-01,724
SKU015,2025-08-01,604
SKU016,2025-08-01,154
SKU017,2025-08-01,387
SKU018,2025-08-01,992
SKU019,2025-08-01,228
SKU020,2025-08-01,641
SKU021,2025-08-01,563
SKU022,2025-08-01,143
SKU023,2025-08-01,548
SKU024,2025-08-01,465
SKU025,2025-08-01,755
SKU026,2025-08-01,1969
SKU027,2025-08-01,862
SKU028,2025-08-01,748
SKU029,2025-08-01,753
SKU030,2025-08-01,316
SKU031,2025-08-01,539
SKU032,2025-08-01,1834
SKU033,2025-08-01,1260
SKU034,2025-08-01,581
SKU035,2025-08-01,140
SKU036,2025-08-01,1229
SKU037,2025-08-01,134
SKU038,2025-08-01,1161
SKU039,2025-08-01,150
SKU040,2025-08-01,1471
SKU041,2025-08-01,752
SKU042,2025-08-01,903
SKU043,2025-08-01,260
SKU044,2025-08-01,406
SKU045,2025-08-01,1228
SKU046,2025-08-01,367
SKU047,2025-08-01,267
SKU048,2025-08-01,420
SKU049,2025-08-01,339
SKU050,2025-08-01,293
SKU001,2025-08-02,122
SKU002,2025-08-02,487
SKU003,2025-08-02,544
SKU004,2025-08-02,1063
SKU005,2025-08-02,272
SKU006,2025-08-02,251
SKU007,2025-08-02,980
SKU008,2025-08-02,846
SKU009,2025-08-02,365
SKU010,2025-08-02,92
SKU011,2025-08-02,1620
SKU012,2025-08-02,278
SKU013,2025-08-02,535
SKU014,2025-08-02,679
SKU015,2025-08-02,554
SKU016,2025-08-02,139
SKU017,2025-08-02,360
SKU018,2025-08-02,907
SKU019,2025-08-02,210
SKU020,2025-08-02,566
SKU021,2025-08-02,526
SKU022,2025-08-02,126
SKU023,2025-08-02,499
SKU024,2025-08-02,413
SKU025,2025-08-02,671
SKU026,2025-08-02,1876
SKU027,2025-08-02,822
SKU028,2025-08-02,664
SKU029,2025-08-02,651
SKU030,2025-08-02,290
SKU031,2025-08-02,427
SKU032,2025-08-02,1739
SKU033,2025-08-02,1194
SKU034,2025-08-02,525
SKU035,2025-08-02,700
SKU036,2025-08-02,1154
SKU037,2025-08-02,98
SKU038,2025-08-02,1116
SKU039,2025-08-02,746
SKU040,2025-08-02,1399
SKU041,2025-08-02,707
SKU042,2025-08-02,845
SKU043,2025-08-02,220
SKU044,2025-08-02,387
SKU045,2025-08-02,1157
SKU046,2025-08-02,334
SKU047,2025-08-02,211
SKU048,2025-08-02,368
SKU049,2025-08-02,294
SKU050,2025-08-02,259
SKU001,2025-08-03,112
SKU002,2025-08-03,444
SKU003,2025-08-03,1748
SKU004,2025-08-03,983
SKU005,2025-08-03,266
SKU006,2025-08-03,227
SKU007,2025-08-03,935
SKU008,2025-08-03,806
SKU009,2025-08-03,347
SKU010,2025-08-03,82
SKU011,2025-08-03,1568
SKU012,2025-08-03,235
SKU013,2025-08-03,521
SKU014,2025-08-03,645
SKU015,2025-08-03,535
SKU016,2025-08-03,133
SKU017,2025-08-03,338
SKU018,2025-08-03,847
SKU019,2025-08-03,200
SKU020,2025-08-03,519
SKU021,2025-08-03,499
SKU022,2025-08-03,108
SKU023,2025-08-03,476
SKU024,2025-08-03,386
SKU025,2025-08-03,623
SKU026,2025-08-03,1842
SKU027,2025-08-03,790
SKU028,2025-08-03,598
SKU029,2025-08-03,605
SKU030,2025-08-03,279
SKU031,2025-08-03,368
SKU032,2025-08-03,1685
SKU033,2025-08-03,1142
SKU034,2025-08-03,495
SKU035,2025-08-03,671
SKU036,2025-08-03,1127
SKU037,2025-08-03,81
SKU038,2025-08-03,1074
SKU039,2025-08-03,726
SKU040,2025-08-03,1357
SKU041,2025-08-03,670
SKU042,2025-08-03,794
SKU043,2025-08-03,185
SKU044,2025-08-03,380
SKU045,2025-08-03,1090
SKU046,2025-08-03,309
SKU047,2025-08-03,178
SKU048,2025-08-03,332
SKU049,2025-08-03,258
SKU050,2025-08-03,235
SKU001,2025-08-04,323
SKU002,2025-08-04,396
SKU003,2025-08-04,1691
SKU004,2025-08-04,927
SKU005,2025-08-04,244
SKU006,2025-08-04,743
SKU007,2025-08-04,876
SKU008,2025-08-04,748
SKU009,2025-08-04,328
SKU010,2025-08-04,639
SKU011,2025-08-04,1495
SKU012,2025-08-04,1191
SKU013,2025-08-04,486
SKU014,2025-08-04,615
SKU015,2025-08-04,505
SKU016,2025-08-04,116
SKU017,2025-08-04,319
SKU018,2025-08-04,790
SKU019,2025-08-04,189
SKU020,2025-08-04,461
SKU021,2025-08-04,452
SKU022,2025-08-04,98
SKU023,2025-08-04,444
SKU024,2025-08-04,338
SKU025,2025-08-04,571
SKU026,2025-08-04,1789
SKU027,2025-08-04,756
SKU028,2025-08-04,511
SKU029,2025-08-04,570
SKU030,2025-08-04,259
SKU031,2025-08-04,311
SKU032,2025-08-04,1618
SKU033,2025-08-04,1086
SKU034,2025-08-04,449
SKU035,2025-08-04,643
SKU036,2025-08-04,1093
SKU037,2025-08-04,67
SKU038,2025-08-04,1037
SKU039,2025-08-04,699
SKU040,2025-08-04,1319
SKU041,2025-08-04,649
SKU042,2025-08-04,766
SKU043,2025-08-04,904
SKU044,2025-08-04,365
SKU045,2025-08-04,1007
SKU046,2025-08-04,283
SKU047,2025-08-04,133
SKU048,2025-08-04,287
SKU049,2025-08-04,229
SKU050,2025-08-04,1042
SKU001,2025-08-05,310
SKU002,2025-08-05,351
SKU003,2025-08-05,1591
SKU004,2025-08-05,834
SKU005,2025-08-05,216
SKU006,2025-08-05,718
SKU007,2025-08-05,798
SKU008,2025-08-05,690
SKU009,2025-08-05,308
SKU010,2025-08-05,611
SKU011,2025-08-05,1446
SKU012,2025-08-05,1161
SKU013,2025-08-05,443
SKU014,2025-08-05,564
SKU015,2025-08-05,464
SKU016,2025-08-05,100
SKU017,2025-08-05,293
SKU018,2025-08-05,716
SKU019,2025-08-05,165
SKU020,2025-08-05,394
SKU021,2025-08-05,406
SKU022,2025-08-05,86
SKU023,2025-08-05,406
SKU024,2025-08-05,290
SKU025,2025-08-05,508
SKU026,2025-08-05,1704
SKU027,2025-08-05,717
SKU028,2025-08-05,461
SKU029,2025-08-05,490
SKU030,2025-08-05,241
SKU031,2025-08-05,1343
SKU032,2025-08-05,1544
SKU033,2025-08-05,1011
SKU034,2025-08-05,407
SKU035,2025-08-05,604
SKU036,2025-08-05,1050
SKU037,2025-08-05,377
SKU038,2025-08-05,953
SKU039,2025-08-05,655
SKU040,2025-08-05,1244
SKU041,2025-08-05,605
SKU042,2025-08-05,715
SKU043,2025-08-05,862
SKU044,2025-08-05,348
SKU045,2025-08-05,865
SKU046,2025-08-05,264
SKU047,2025-08-05,1113
SKU048,2025-08-05,250
SKU049,2025-08-05,195
SKU050,2025-08-05,1007
SKU001,2025-08-06,287
SKU002,2025-08-06,304
SKU003,2025-08-06,1535
SKU004,2025-08-06,726
SKU005,2025-08-06,179
SKU006,2025-08-06,699
SKU007,2025-08-06,723
SKU008,2025-08-06,625
SKU009,2025-08-06,292
SKU010,2025-08-06,593
SKU011,2025-08-06,1356
SKU012,2025-08-06,1119
SKU013,2025-08-06,397
SKU014,2025-08-06,521
SKU015,2025-08-06,421
SKU016,2025-08-06,84
SKU017,2025-08-06,266
SKU018,2025-08-06,644
SKU019,2025-08-06,148
SKU020,2025-08-06,317
SKU021,2025-08-06,358
SKU022,2025-08-06,66
SKU023,2025-08-06,370
SKU024,2025-08-06,239
SKU025,2025-08-06,458
SKU026,2025-08-06,1621
SKU027,2025-08-06,670
SKU028,2025-08-06,1231
SKU029,2025-08-06,413
SKU030,2025-08-06,214
SKU031,2025-08-06,1249
SKU032,2025-08-06,1442
SKU033,2025-08-06,937
SKU034,2025-08-06,359
SKU035,2025-08-06,559
SKU036,2025-08-06,980
SKU037,2025-08-06,351
SKU038,2025-08-06,893
SKU039,2025-08-06,626
SKU040,2025-08-06,1179
SKU041,2025-08-06,537
SKU042,2025-08-06,637
SKU043,2025-08-06,822
SKU044,2025-08-06,324
SKU045,2025-08-06,761
SKU046,2025-08-06,243
SKU047,2025-08-06,1057
SKU048,2025-08-06,807
SKU049,2025-08-06,764
SKU050,2025-08-06,959
SKU001,2025-08-07,268
SKU002,2025-08-07,249
SKU003,2025-08-07,1470
SKU004,2025-08-07,616
SKU005,2025-08-07,157
SKU006,2025-08-07,677
SKU007,2025-08-07,650
SKU008,2025-08-07,567
SKU009,2025-08-07,267
SKU010,2025-08-07,561
SKU011,2025-08-07,1278
SKU012,2025-08-07,1079
SKU013,2025-08-07,356
SKU014,2025-08-07,480
SKU015,2025-08-07,374
SKU016,2025-08-07,288
SKU017,2025-08-07,238
SKU018,2025-08-07,565
SKU019,2025-08-07,474
SKU020,2025-08-07,1127
SKU021,2025-08-07,325
SKU022,2025-08-07,341
SKU023,2025-08-07,331
SKU024,2025-08-07,197
SKU025,2025-08-07,405
SKU026,2025-08-07,1535
SKU027,2025-08-07,598
SKU028,2025-08-07,1151
SKU029,2025-08-07,886
SKU030,2025-08-07,191
SKU031,2025-08-07,1166
SKU032,2025-08-07,1354
SKU033,2025-08-07,892
SKU034,2025-08-07,301
SKU035,2025-08-07,531
SKU036,2025-08-07,918
SKU037,2025-08-07,325
SKU038,2025-08-07,829
SKU039,2025-08-07,594
SKU040,2025-08-07,1107
SKU041,2025-08-07,482
SKU042,2025-08-07,582
SKU043,2025-08-07,775
SKU044,2025-08-07,305
SKU045,2025-08-07,690
SKU046,2025-08-07,217
SKU047,2025-08-07,997
SKU048,2025-08-07,750
SKU049,2025-08-07,720
SKU050,2025-08-07,917
SKU001,2025-08-08,257
SKU002,2025-08-08,180
SKU003,2025-08-08,1389
SKU004,2025-08-08,533
SKU005,2025-08-08,126
SKU006,2025-08-08,657
SKU007,2025-08-08,584
SKU008,2025-08-08,512
SKU009,2025-08-08,242
SKU010,2025-08-08,539
SKU011,2025-08-08,1209
SKU012,2025-08-08,1042
SKU013,2025-08-08,313
SKU014,2025-08-08,429
SKU015,2025-08-08,342
SKU016,2025-08-08,272
SKU017,2025-08-08,212
SKU018,2025-08-08,495
SKU019,2025-08-08,445
SKU020,2025-08-08,1068
SKU021,2025-08-08,288
SKU022,2025-08-08,323
SKU023,2025-08-08,1050
SKU024,2025-08-08,661
SKU025,2025-08-08,1565
SKU026,2025-08-08,1455
SKU027,2025-08-08,531
SKU028,2025-08-08,1082
SKU029,2025-08-08,825
SKU030,2025-08-08,174
SKU031,2025-08-08,1070
SKU032,2025-08-08,1287
SKU033,2025-08-08,844
SKU034,2025-08-08,258
SKU035,2025-08-08,500
SKU036,2025-08-08,861
SKU037,2025-08-08,302
SKU038,2025-08-08,767
SKU039,2025-08-08,563
SKU040,2025-08-08,1028
SKU041,2025-08-08,413
SKU042,2025-08-08,481
SKU043,2025-08-08,741
SKU044,2025-08-08,284
SKU045,2025-08-08,594
SKU046,2025-08-08,186
SKU047,2025-08-08,945
SKU048,2025-08-08,692
SKU049,2025-08-08,665
SKU050,2025-08-08,874
SKU001,2025-08-09,238
SKU002,2025-08-09,1088
SKU003,2025-08-09,1292
SKU004,2025-08-09,444
SKU005,2025-08-09,104
SKU006,2025-08-09,632
SKU007,2025-08-09,516
SKU008,2025-08-09,434
SKU009,2025-08-09,212
SKU010,2025-08-09,511
SKU011,2025-08-09,1127
SKU012,2025-08-09,1013
SKU013,2025-08-09,841
SKU014,2025-08-09,376
SKU015,2025-08-09,297
SKU016,2025-08-09,256
SKU017,2025-08-09,179
SKU018,2025-08-09,406
SKU019,2025-08-09,426
SKU020,2025-08-09,1002
SKU021,2025-08-09,237
SKU022,2025-08-09,311
SKU023,2025-08-09,1004
SKU024,2025-08-09,621
SKU025,2025-08-09,1478
SKU026,2025-08-09,1356
SKU027,2025-08-09,464
SKU028,2025-08-09,1006
SKU029,2025-08-09,734
SKU030,2025-08-09,149
SKU031,2025-08-09,961
SKU032,2025-08-09,1193
SKU033,2025-08-09,766
SKU034,2025-08-09,978
SKU035,2025-08-09,458
SKU036,2025-08-09,803
SKU037,2025-08-09,270
SKU038,2025-08-09,693
SKU039,2025-08-09,526
SKU040,2025-08-09,950
SKU041,2025-08-09,1657
SKU042,2025-08-09,415
SKU043,2025-08-09,692
SKU044,2025-08-09,259
SKU045,2025-08-09,525
SKU046,2025-08-09,158
SKU047,2025-08-09,899
SKU048,2025-08-09,636
SKU049,2025-08-09,623
SKU050,2025-08-09,822
SKU001,2025-08-10,224
SKU002,2025-08-10,1053
SKU003,2025-08-10,1232
SKU004,2025-08-10,382
SKU005,2025-08-10,86
SKU006,2025-08-10,619
SKU007,2025-08-10,481
SKU008,2025-08-10,393
SKU009,2025-08-10,197
SKU010,2025-08-10,493
SKU011,2025-08-10,1063
SKU012,2025-08-10,984
SKU013,2025-08-10,802
SKU014,2025-08-10,353
SKU015,2025-08-10,276
SKU016,2025-08-10,243
SKU017,2025-08-10,565
SKU018,2025-08-10,333
SKU019,2025-08-10,414
SKU020,2025-08-10,977
SKU021,2025-08-10,203
SKU022,2025-08-10,298
SKU023,2025-08-10,983
SKU024,2025-08-10,592
SKU025,2025-08-10,1419
SKU026,2025-08-10,1304
SKU027,2025-08-10,436
SKU028,2025-08-10,943
SKU029,2025-08-10,675
SKU030,2025-08-10,135
SKU031,2025-08-10,909
SKU032,2025-08-10,1140
SKU033,2025-08-10,706
SKU034,2025-08-10,940
SKU035,2025-08-10,443
SKU036,2025-08-10,760
SKU037,2025-08-10,245
SKU038,2025-08-10,640
SKU039,2025-08-10,506
SKU040,2025-08-10,917
SKU041,2025-08-10,1614
SKU042,2025-08-10,367
SKU043,2025-08-10,673
SKU044,2025-08-10,253
SKU045,2025-08-10,472
SKU046,2025-08-10,140
SKU047,2025-08-10,855
SKU048,2025-08-10,622
SKU049,2025-08-10,590
SKU050,2025-08-10,782
SKU001,2025-08-11,203
SKU002,2025-08-11,1014
SKU003,2025-08-11,1176
SKU004,2025-08-11,326
SKU005,2025-08-11,73
SKU006,2025-08-11,600
SKU007,2025-08-11,438
SKU008,2025-08-11,359
SKU009,2025-08-11,181
SKU010,2025-08-11,473
SKU011,2025-08-11,1000
SKU012,2025-08-11,942
SKU013,2025-08-11,770
SKU014,2025-08-11,315
SKU015,2025-08-11,236
SKU016,2025-08-11,230
SKU017,2025-08-11,547
SKU018,2025-08-11,1641
SKU019,2025-08-11,392
SKU020,2025-08-11,909
SKU021,2025-08-11,178
SKU022,2025-08-11,290
SKU023,2025-08-11,945
SKU024,2025-08-11,547
SKU025,2025-08-11,1363
SKU026,2025-08-11,1216
SKU027,2025-08-11,395
SKU028,2025-08-11,894
SKU029,2025-08-11,621
SKU030,2025-08-11,551
SKU031,2025-08-11,864
SKU032,2025-08-11,1122
SKU033,2025-08-11,656
SKU034,2025-08-11,908
SKU035,2025-08-11,413
SKU036,2025-08-11,707
SKU037,2025-08-11,230
SKU038,2025-08-11,597
SKU039,2025-08-11,477
SKU040,2025-08-11,874
SKU041,2025-08-11,1568
SKU042,2025-08-11,1470
SKU043,2025-08-11,652
SKU044,2025-08-11,235
SKU045,2025-08-11,441
SKU046,2025-08-11,569
SKU047,2025-08-11,820
SKU048,2025-08-11,587
SKU049,2025-08-11,565
SKU050,2025-08-11,737
SKU001,2025-08-12,186
SKU002,2025-08-12,973
SKU003,2025-08-12,1104
SKU004,2025-08-12,255
SKU005,2025-08-12,659
SKU006,2025-08-12,572
SKU007,2025-08-12,381
SKU008,2025-08-12,269
SKU009,2025-08-12,156
SKU010,2025-08-12,451
SKU011,2025-08-12,901
SKU012,2025-08-12,904
SKU013,2025-08-12,712
SKU014,2025-08-12,260
SKU015,2025-08-12,202
SKU016,2025-08-12,218
SKU017,2025-08-12,521
SKU018,2025-08-12,1558
SKU019,2025-08-12,370
SKU020,2025-08-12,849
SKU021,2025-08-12,624
SKU022,2025-08-12,276
SKU023,2025-08-12,900
SKU024,2025-08-12,517
SKU025,2025-08-12,1293
SKU026,2025-08-12,1151
SKU027,2025-08-12,329
SKU028,2025-08-12,840
SKU029,2025-08-12,555
SKU030,2025-08-12,535
SKU031,2025-08-12,805
SKU032,2025-08-12,1039
SKU033,2025-08-12,616
SKU034,2025-08-12,879
SKU035,2025-08-12,390
SKU036,2025-08-12,673
SKU037,2025-08-12,211
SKU038,2025-08-12,535
SKU039,2025-08-12,438
SKU040,2025-08-12,831
SKU041,2025-08-12,1502
SKU042,2025-08-12,1401
SKU043,2025-08-12,623
SKU044,2025-08-12,206
SKU045,2025-08-12,1766
SKU046,2025-08-12,546
SKU047,2025-08-12,776
SKU048,2025-08-12,550
SKU049,2025-08-12,533
SKU050,2025-08-12,695
SKU001,2025-08-13,166
SKU002,2025-08-13,928
SKU003,2025-08-13,1048
SKU004,2025-08-13,1328
SKU005,2025-08-13,631
SKU006,2025-08-13,541
SKU007,2025-08-13,1241
SKU008,2025-08-13,205
SKU009,2025-08-13,135
SKU010,2025-08-13,426
SKU011,2025-08-13,791
SKU012,2025-08-13,856
SKU013,2025-08-13,668
SKU014,2025-08-13,674
SKU015,2025-08-13,836
SKU016,2025-08-13,202
SKU017,2025-08-13,491
SKU018,2025-08-13,1476
SKU019,2025-08-13,353
SKU020,2025-08-13,777
SKU021,2025-08-13,582
SKU022,2025-08-13,266
SKU023,2025-08-13,857
SKU024,2025-08-13,475
SKU025,2025-08-13,1218
SKU026,2025-08-13,1073
SKU027,2025-08-13,279
SKU028,2025-08-13,777
SKU029,2025-08-13,473
SKU030,2025-08-13,514
SKU031,2025-08-13,741
SKU032,2025-08-13,962
SKU033,2025-08-13,568
SKU034,2025-08-13,820
SKU035,2025-08-13,357
SKU036,2025-08-13,610
SKU037,2025-08-13,188
SKU038,2025-08-13,1771
SKU039,2025-08-13,394
SKU040,2025-08-13,762
SKU041,2025-08-13,1440
SKU042,2025-08-13,1336
SKU043,2025-08-13,579
SKU044,2025-08-13,188
SKU045,2025-08-13,1687
SKU046,2025-08-13,520
SKU047,2025-08-13,723
SKU048,2025-08-13,483
SKU049,2025-08-13,494
SKU050,2025-08-13,654
SKU001,2025-08-14,150
SKU002,2025-08-14,883
SKU003,2025-08-14,946
SKU004,2025-08-14,1245
SKU005,2025-08-14,605
SKU006,2025-08-14,524
SKU007,2025-08-14,1174
SKU008,2025-08-14,1058
SKU009,2025-08-14,105
SKU010,2025-08-14,400
SKU011,2025-08-14,736
SKU012,2025-08-14,818
SKU013,2025-08-14,617
SKU014,2025-08-14,630
SKU015,2025-08-14,803
SKU016,2025-08-14,188
SKU017,2025-08-14,458
SKU018,2025-08-14,1376
SKU019,2025-08-14,330
SKU020,2025-08-14,720
SKU021,2025-08-14,533
SKU022,2025-08-14,255
SKU023,2025-08-14,824
SKU024,2025-08-14,432
SKU025,2025-08-14,1143
SKU026,2025-08-14,996
SKU027,2025-08-14,229
SKU028,2025-08-14,714
SKU029,2025-08-14,421
SKU030,2025-08-14,497
SKU031,2025-08-14,674
SKU032,2025-08-14,862
SKU033,2025-08-14,509
SKU034,2025-08-14,765
SKU035,2025-08-14,331
SKU036,2025-08-14,549
SKU037,2025-08-14,164
SKU038,2025-08-14,1717
SKU039,2025-08-14,357
SKU040,2025-08-14,707
SKU041,2025-08-14,1384
SKU042,2025-08-14,1279
SKU043,2025-08-14,544
SKU044,2025-08-14,163
SKU045,2025-08-14,1593
SKU046,2025-08-14,492
SKU047,2025-08-14,679
SKU048,2025-08-14,425
SKU049,2025-08-14,450
SKU050,2025-08-14,628
SKU001,2025-08-15,128
SKU002,2025-08-15,841
SKU003,2025-08-15,847
SKU004,2025-08-15,1132
SKU005,2025-08-15,575
SKU006,2025-08-15,500
SKU007,2025-08-15,1110
SKU008,2025-08-15,1014
SKU009,2025-08-15,357
SKU010,2025-08-15,379
SKU011,2025-08-15,651
SKU012,2025-08-15,776
SKU013,2025-08-15,587
SKU014,2025-08-15,568
SKU015,2025-08-15,756
SKU016,2025-08-15,173
SKU017,2025-08-15,424
SKU018,2025-08-15,1303
SKU019,2025-08-15,301
SKU020,2025-08-15,661
SKU021,2025-08-15,490
SKU022,2025-08-15,244
SKU023,2025-08-15,789
SKU024,2025-08-15,386
SKU025,2025-08-15,1073
SKU026,2025-08-15,919
SKU027,2025-08-15,822
SKU028,2025-08-15,634
SKU029,2025-08-15,335
SKU030,2025-08-15,470
SKU031,2025-08-15,612
SKU032,2025-08-15,781
SKU033,2025-08-15,445
SKU034,2025-08-15,728
SKU035,2025-08-15,307
SKU036,2025-08-15,478
SKU037,2025-08-15,138
SKU038,2025-08-15,1643
SKU039,2025-08-15,330
SKU040,2025-08-15,649
SKU041,2025-08-15,1333
SKU042,2025-08-15,1227
SKU043,2025-08-15,495
SKU044,2025-08-15,147
SKU045,2025-08-15,1493
SKU046,2025-08-15,466
SKU047,2025-08-15,612
SKU048,2025-08-15,398
SKU049,2025-08-15,409
SKU050,2025-08-15,589
SKU001,2025-08-16,114
SKU002,2025-08-16,806
SKU003,2025-08-16,759
SKU004,2025-08-16,1040
SKU005,2025-08-16,546
SKU006,2025-08-16,467
SKU007,2025-08-16,1024
SKU008,2025-08-16,958
SKU009,2025-08-16,335
SKU010,2025-08-16,351
SKU011,2025-08-16,577
SKU012,2025-08-16,733
SKU013,2025-08-16,536
SKU014,2025-08-16,505
SKU015,2025-08-16,702
SKU016,2025-08-16,151
SKU017,2025-08-16,393
SKU018,2025-08-16,1211
SKU019,2025-08-16,281
SKU020,2025-08-16,583
SKU021,2025-08-16,445
SKU022,2025-08-16,228
SKU023,2025-08-16,737
SKU024,2025-08-16,324
SKU025,2025-08-16,1009
SKU026,2025-08-16,844
SKU027,2025-08-16,773
SKU028,2025-08-16,555
SKU029,2025-08-16,1090
SKU030,2025-08-16,446
SKU031,2025-08-16,525
SKU032,2025-08-16,697
SKU033,2025-08-16,379
SKU034,2025-08-16,682
SKU035,2025-08-16,265
SKU036,2025-08-16,393
SKU037,2025-08-16,113
SKU038,2025-08-16,1558
SKU039,2025-08-16,295
SKU040,2025-08-16,591
SKU041,2025-08-16,1271
SKU042,2025-08-16,1166
SKU043,2025-08-16,461
SKU044,2025-08-16,124
SKU045,2025-08-16,1396
SKU046,2025-08-16,443
SKU047,2025-08-16,548
SKU048,2025-08-16,334
SKU049,2025-08-16,376
SKU050,2025-08-16,542
SKU001,2025-08-17,103
SKU002,2025-08-17,766
SKU003,2025-08-17,682
SKU004,2025-08-17,998
SKU005,2025-08-17,531
SKU006,2025-08-17,451
SKU007,2025-08-17,969
SKU008,2025-08-17,929
SKU009,2025-08-17,311
SKU010,2025-08-17,332
SKU011,2025-08-17,527
SKU012,2025-08-17,711
SKU013,2025-08-17,503
SKU014,2025-08-17,472
SKU015,2025-08-17,671
SKU016,2025-08-17,142
SKU017,2025-08-17,377
SKU018,2025-08-17,1144
SKU019,2025-08-17,268
SKU020,2025-08-17,521
SKU021,2025-08-17,412
SKU022,2025-08-17,212
SKU023,2025-08-17,714
SKU024,2025-08-17,287
SKU025,2025-08-17,977
SKU026,2025-08-17,763
SKU027,2025-08-17,720
SKU028,2025-08-17,493
SKU029,2025-08-17,1030
SKU030,2025-08-17,426
SKU031,2025-08-17,458
SKU032,2025-08-17,646
SKU033,2025-08-17,332
SKU034,2025-08-17,654
SKU035,2025-08-17,243
SKU036,2025-08-17,1452
SKU037,2025-08-17,597
SKU038,2025-08-17,1486
SKU039,2025-08-17,268
SKU040,2025-08-17,540
SKU041,2025-08-17,1234
SKU042,2025-08-17,1100
SKU043,2025-08-17,428
SKU044,2025-08-17,426
SKU045,2025-08-17,1327
SKU046,2025-08-17,428
SKU047,2025-08-17,530
SKU048,2025-08-17,1131
SKU049,2025-08-17,337
SKU050,2025-08-17,512
SKU001,2025-08-18,90
SKU002,2025-08-18,705
SKU003,2025-08-18,598
SKU004,2025-08-18,919
SKU005,2025-08-18,506
SKU006,2025-08-18,428
SKU007,2025-08-18,914
SKU008,2025-08-18,890
SKU009,2025-08-18,281
SKU010,2025-08-18,324
SKU011,2025-08-18,473
SKU012,2025-08-18,684
SKU013,2025-08-18,486
SKU014,2025-08-18,426
SKU015,2025-08-18,642
SKU016,2025-08-18,130
SKU017,2025-08-18,358
SKU018,2025-08-18,1075
SKU019,2025-08-18,250
SKU020,2025-08-18,460
SKU021,2025-08-18,365
SKU022,2025-08-18,202
SKU023,2025-08-18,695
SKU024,2025-08-18,252
SKU025,2025-08-18,923
SKU026,2025-08-18,750
SKU027,2025-08-18,670
SKU028,2025-08-18,436
SKU029,2025-08-18,979
SKU030,2025-08-18,408
SKU031,2025-08-18,1564
SKU032,2025-08-18,580
SKU033,2025-08-18,281
SKU034,2025-08-18,634
SKU035,2025-08-18,761
SKU036,2025-08-18,1402
SKU037,2025-08-18,577
SKU038,2025-08-18,1415
SKU039,2025-08-18,225
SKU040,2025-08-18,483
SKU041,2025-08-18,1200
SKU042,2025-08-18,1047
SKU043,2025-08-18,401
SKU044,2025-08-18,411
SKU045,2025-08-18,1281
SKU046,2025-08-18,403
SKU047,2025-08-18,502
SKU048,2025-08-18,1094
SKU049,2025-08-18,306
SKU050,2025-08-18,477
SKU001,2025-08-19,225
SKU002,2025-08-19,667
SKU003,2025-08-19,1215
SKU004,2025-08-19,845
SKU005,2025-08-19,488
SKU006,2025-08-19,393
SKU007,2025-08-19,850
SKU008,2025-08-19,838
SKU009,2025-08-19,259
SKU010,2025-08-19,294
SKU011,2025-08-19,405
SKU012,2025-08-19,646
SKU013,2025-08-19,440
SKU014,2025-08-19,376
SKU015,2025-08-19,606
SKU016,2025-08-19,116
SKU017,2025-08-19,327
SKU018,2025-08-19,985
SKU019,2025-08-19,225
SKU020,2025-08-19,420
SKU021,2025-08-19,338
SKU022,2025-08-19,185
SKU023,2025-08-19,646
SKU024,2025-08-19,927
SKU025,2025-08-19,854
SKU026,2025-08-19,653
SKU027,2025-08-19,637
SKU028,2025-08-19,357
SKU029,2025-08-19,895
SKU030,2025-08-19,389
SKU031,2025-08-19,1460
SKU032,2025-08-19,519
SKU033,2025-08-19,230
SKU034,2025-08-19,582
SKU035,2025-08-19,737
SKU036,2025-08-19,1333
SKU037,2025-08-19,560
SKU038,2025-08-19,1330
SKU039,2025-08-19,194
SKU040,2025-08-19,418
SKU041,2025-08-19,1140
SKU042,2025-08-19,998
SKU043,2025-08-19,357
SKU044,2025-08-19,391
SKU045,2025-08-19,1178
SKU046,2025-08-19,378
SKU047,2025-08-19,456
SKU048,2025-08-19,1044
SKU049,2025-08-19,273
SKU050,2025-08-19,450
SKU001,2025-08-20,205
SKU002,2025-08-20,616
SKU003,2025-08-20,1109
SKU004,2025-08-20,751
SKU005,2025-08-20,460
SKU006,2025-08-20,363
SKU007,2025-08-20,782
SKU008,2025-08-20,783
SKU009,2025-08-20,238
SKU010,2025-08-20,265
SKU011,2025-08-20,326
SKU012,2025-08-20,612
SKU013,2025-08-20,396
SKU014,2025-08-20,327
SKU015,2025-08-20,571
SKU016,2025-08-20,104
SKU017,2025-08-20,299
SKU018,2025-08-20,902
SKU019,2025-08-20,209
SKU020,2025-08-20,373
SKU021,2025-08-20,303
SKU022,2025-08-20,173
SKU023,2025-08-20,594
SKU024,2025-08-20,884
SKU025,2025-08-20,780
SKU026,2025-08-20,567
SKU027,2025-08-20,598
SKU028,2025-08-20,296
SKU029,2025-08-20,819
SKU030,2025-08-20,360
SKU031,2025-08-20,1365
SKU032,2025-08-20,449
SKU033,2025-08-20,1406
SKU034,2025-08-20,541
SKU035,2025-08-20,698
SKU036,2025-08-20,1255
SKU037,2025-08-20,534
SKU038,2025-08-20,1257
SKU039,2025-08-20,807
SKU040,2025-08-20,368
SKU041,2025-08-20,1073
SKU042,2025-08-20,937
SKU043,2025-08-20,301
SKU044,2025-08-20,373
SKU045,2025-08-20,1083
SKU046,2025-08-20,349
SKU047,2025-08-20,410
SKU048,2025-08-20,986
SKU049,2025-08-20,534
SKU050,2025-08-20,416
SKU001,2025-08-21,192
SKU002,2025-08-21,580
SKU003,2025-08-21,1017
SKU004,2025-08-21,681
SKU005,2025-08-21,427
SKU006,2025-08-21,337
SKU007,2025-08-21,704
SKU008,2025-08-21,727
SKU009,2025-08-21,219
SKU010,2025-08-21,249
SKU011,2025-08-21,1386
SKU012,2025-08-21,570
SKU013,2025-08-21,346
SKU014,2025-08-21,770
SKU015,2025-08-21,542
SKU016,2025-08-21,90
SKU017,2025-08-21,273
SKU018,2025-08-21,826
SKU019,2025-08-21,187
SKU020,2025-08-21,292
SKU021,2025-08-21,269
SKU022,2025-08-21,162
SKU023,2025-08-21,559
SKU024,2025-08-21,847
SKU025,2025-08-21,709
SKU026,2025-08-21,2009
SKU027,2025-08-21,557
SKU028,2025-08-21,248
SKU029,2025-08-21,741
SKU030,2025-08-21,338
SKU031,2025-08-21,1320
SKU032,2025-08-21,1850
SKU033,2025-08-21,1343
SKU034,2025-08-21,484
SKU035,2025-08-21,659
SKU036,2025-08-21,1190
SKU037,2025-08-21,505
SKU038,2025-08-21,1194
SKU039,2025-08-21,767
SKU040,2025-08-21,1566
SKU041,2025-08-21,1015
SKU042,2025-08-21,873
SKU043,2025-08-21,265
SKU044,2025-08-21,353
SKU045,2025-08-21,1000
SKU046,2025-08-21,315
SKU047,2025-08-21,1358
SKU048,2025-08-21,931
SKU049,2025-08-21,491
SKU050,2025-08-21,374
SKU001,2025-08-22,172
SKU002,2025-08-22,520
SKU003,2025-08-22,939
SKU004,2025-08-22,591
SKU005,2025-08-22,395
SKU006,2025-08-22,311
SKU007,2025-08-22,632
SKU008,2025-08-22,665
SKU009,2025-08-22,195
SKU010,2025-08-22,225
SKU011,2025-08-22,1309
SKU012,2025-08-22,524
SKU013,2025-08-22,287
SKU014,2025-08-22,721
SKU015,2025-08-22,502
SKU016,2025-08-22,295
SKU017,2025-08-22,243
SKU018,2025-08-22,732
SKU019,2025-08-22,170
SKU020,2025-08-22,1036
SKU021,2025-08-22,746
SKU022,2025-08-22,149
SKU023,2025-08-22,502
SKU024,2025-08-22,815
SKU025,2025-08-22,659
SKU026,2025-08-22,1929
SKU027,2025-08-22,518
SKU028,2025-08-22,1040
SKU029,2025-08-22,667
SKU030,2025-08-22,311
SKU031,2025-08-22,1238
SKU032,2025-08-22,1747
SKU033,2025-08-22,1279
SKU034,2025-08-22,447
SKU035,2025-08-22,613
SKU036,2025-08-22,1105
SKU037,2025-08-22,468
SKU038,2025-08-22,1098
SKU039,2025-08-22,726
SKU040,2025-08-22,1501
SKU041,2025-08-22,958
SKU042,2025-08-22,782
SKU043,2025-08-22,1077
SKU044,2025-08-22,329
SKU045,2025-08-22,948
SKU046,2025-08-22,283
SKU047,2025-08-22,1302
SKU048,2025-08-22,867
SKU049,2025-08-22,462
SKU050,2025-08-22,321
SKU001,2025-08-23,154
SKU002,2025-08-23,455
SKU003,2025-08-23,858
SKU004,2025-08-23,508
SKU005,2025-08-23,371
SKU006,2025-08-23,286
SKU007,2025-08-23,557
SKU008,2025-08-23,594
SKU009,2025-08-23,168
SKU010,2025-08-23,193
SKU011,2025-08-23,1248
SKU012,2025-08-23,479
SKU013,2025-08-23,237
SKU014,2025-08-23,684
SKU015,2025-08-23,455
SKU016,2025-08-23,279
SKU017,2025-08-23,216
SKU018,2025-08-23,622
SKU019,2025-08-23,145
SKU020,2025-08-23,968
SKU021,2025-08-23,709
SKU022,2025-08-23,133
SKU023,2025-08-23,465
SKU024,2025-08-23,767
SKU025,2025-08-23,586
SKU026,2025-08-23,1878
SKU027,2025-08-23,467
SKU028,2025-08-23,974
SKU029,2025-08-23,581
SKU030,2025-08-23,289
SKU031,2025-08-23,1152
SKU032,2025-08-23,1679
SKU033,2025-08-23,1221
SKU034,2025-08-23,404
SKU035,2025-08-23,580
SKU036,2025-08-23,1031
SKU037,2025-08-23,445
SKU038,2025-08-23,1022
SKU039,2025-08-23,693
SKU040,2025-08-23,1429
SKU041,2025-08-23,895
SKU042,2025-08-23,726
SKU043,2025-08-23,1034
SKU044,2025-08-23,305
SKU045,2025-08-23,856
SKU046,2025-08-23,259
SKU047,2025-08-23,1232
SKU048,2025-08-23,790
SKU049,2025-08-23,429
SKU050,2025-08-23,271
SKU001,2025-08-24,145
SKU002,2025-08-24,422
SKU003,2025-08-24,794
SKU004,2025-08-24,451
SKU005,2025-08-24,353
SKU006,2025-08-24,277
SKU007,2025-08-24,507
SKU008,2025-08-24,563
SKU009,2025-08-24,152
SKU010,2025-08-24,184
SKU011,2025-08-24,1199
SKU012,2025-08-24,452
SKU013,2025-08-24,801
SKU014,2025-08-24,648
SKU015,2025-08-24,422
SKU016,2025-08-24,274
SKU017,2025-08-24,212
SKU018,2025-08-24,543
SKU019,2025-08-24,532
SKU020,2025-08-24,930
SKU021,2025-08-24,676
SKU022,2025-08-24,124
SKU023,2025-08-24,445
SKU024,2025-08-24,730
SKU025,2025-08-24,555
SKU026,2025-08-24,1800
SKU027,2025-08-24,429
SKU028,2025-08-24,913
SKU029,2025-08-24,522
SKU030,2025-08-24,278
SKU031,2025-08-24,1093
SKU032,2025-08-24,1598
SKU033,2025-08-24,1157
SKU034,2025-08-24,374
SKU035,2025-08-24,567
SKU036,2025-08-24,979
SKU037,2025-08-24,428
SKU038,2025-08-24,980
SKU039,2025-08-24,668
SKU040,2025-08-24,1377
SKU041,2025-08-24,862
SKU042,2025-08-24,689
SKU043,2025-08-24,1004
SKU044,2025-08-24,295
SKU045,2025-08-24,784
SKU046,2025-08-24,245
SKU047,2025-08-24,1191
SKU048,2025-08-24,749
SKU049,2025-08-24,406
SKU050,2025-08-24,926
SKU001,2025-08-25,135
SKU002,2025-08-25,390
SKU003,2025-08-25,733
SKU004,2025-08-25,1556
SKU005,2025-08-25,334
SKU006,2025-08-25,266
SKU007,2025-08-25,459
SKU008,2025-08-25,517
SKU009,2025-08-25,136
SKU010,2025-08-25,167
SKU011,2025-08-25,1165
SKU012,2025-08-25,420
SKU013,2025-08-25,772
SKU014,2025-08-25,622
SKU015,2025-08-25,382
SKU016,2025-08-25,267
SKU017,2025-08-25,198
SKU018,2025-08-25,463
SKU019,2025-08-25,512
SKU020,2025-08-25,865
SKU021,2025-08-25,644
SKU022,2025-08-25,117
SKU023,2025-08-25,413
SKU024,2025-08-25,696
SKU025,2025-08-25,514
SKU026,2025-08-25,1722
SKU027,2025-08-25,1336
SKU028,2025-08-25,855
SKU029,2025-08-25,459
SKU030,2025-08-25,260
SKU031,2025-08-25,1038
SKU032,2025-08-25,1516
SKU033,2025-08-25,1119
SKU034,2025-08-25,940
SKU035,2025-08-25,553
SKU036,2025-08-25,919
SKU037,2025-08-25,409
SKU038,2025-08-25,933
SKU039,2025-08-25,641
SKU040,2025-08-25,1349
SKU041,2025-08-25,834
SKU042,2025-08-25,649
SKU043,2025-08-25,986
SKU044,2025-08-25,275
SKU045,2025-08-25,729
SKU046,2025-08-25,220
SKU047,2025-08-25,1141
SKU048,2025-08-25,728
SKU049,2025-08-25,383
SKU050,2025-08-25,883
SKU001,2025-08-26,122
SKU002,2025-08-26,336
SKU003,2025-08-26,653
SKU004,2025-08-26,1468
SKU005,2025-08-26,305
SKU006,2025-08-26,239
SKU007,2025-08-26,369
SKU008,2025-08-26,455
SKU009,2025-08-26,114
SKU010,2025-08-26,147
SKU011,2025-08-26,1095
SKU012,2025-08-26,380
SKU013,2025-08-26,733
SKU014,2025-08-26,581
SKU015,2025-08-26,338
SKU016,2025-08-26,248
SKU017,2025-08-26,574
SKU018,2025-08-26,393
SKU019,2025-08-26,492
SKU020,2025-08-26,794
SKU021,2025-08-26,599
SKU022,2025-08-26,99
SKU023,2025-08-26,370
SKU024,2025-08-26,644
SKU025,2025-08-26,449
SKU026,2025-08-26,1642
SKU027,2025-08-26,1294
SKU028,2025-08-26,775
SKU029,2025-08-26,417
SKU030,2025-08-26,239
SKU031,2025-08-26,964
SKU032,2025-08-26,1461
SKU033,2025-08-26,1053
SKU034,2025-08-26,869
SKU035,2025-08-26,509
SKU036,2025-08-26,881
SKU037,2025-08-26,382
SKU038,2025-08-26,886
SKU039,2025-08-26,613
SKU040,2025-08-26,1283
SKU041,2025-08-26,781
SKU042,2025-08-26,606
SKU043,2025-08-26,948
SKU044,2025-08-26,260
SKU045,2025-08-26,640
SKU046,2025-08-26,195
SKU047,2025-08-26,1105
SKU048,2025-08-26,678
SKU049,2025-08-26,347
SKU050,2025-08-26,839
SKU001,2025-08-27,100
SKU002,2025-08-27,270
SKU003,2025-08-27,526
SKU004,2025-08-27,1339
SKU005,2025-08-27,266
SKU006,2025-08-27,203
SKU007,2025-08-27,1298
SKU008,2025-08-27,358
SKU009,2025-08-27,81
SKU010,2025-08-27,106
SKU011,2025-08-27,979
SKU012,2025-08-27,319
SKU013,2025-08-27,653
SKU014,2025-08-27,506
SKU015,2025-08-27,280
SKU016,2025-08-27,228
SKU017,2025-08-27,537
SKU018,2025-08-27,271
SKU019,2025-08-27,461
SKU020,2025-08-27,692
SKU021,2025-08-27,532
SKU022,2025-08-27,72
SKU023,2025-08-27,312
SKU024,2025-08-27,581
SKU025,2025-08-27,360
SKU026,2025-08-27,1552
SKU027,2025-08-27,1208
SKU028,2025-08-27,687
SKU029,2025-08-27,1233
SKU030,2025-08-27,211
SKU031,2025-08-27,839
SKU032,2025-08-27,1352
SKU033,2025-08-27,949
SKU034,2025-08-27,797
SKU035,2025-08-27,456
SKU036,2025-08-27,801
SKU037,2025-08-27,346
SKU038,2025-08-27,785
SKU039,2025-08-27,566
SKU040,2025-08-27,1191
SKU041,2025-08-27,699
SKU042,2025-08-27,520
SKU043,2025-08-27,893
SKU044,2025-08-27,231
SKU045,2025-08-27,534
SKU046,2025-08-27,151
SKU047,2025-08-27,1023
SKU048,2025-08-27,611
SKU049,2025-08-27,296
SKU050,2025-08-27,785
SKU001,2025-08-28,76
SKU002,2025-08-28,210
SKU003,2025-08-28,405
SKU004,2025-08-28,1236
SKU005,2025-08-28,235
SKU006,2025-08-28,695
SKU007,2025-08-28,1218
SKU008,2025-08-28,273
SKU009,2025-08-28,411
SKU010,2025-08-28,368
SKU011,2025-08-28,908
SKU012,2025-08-28,282
SKU013,2025-08-28,587
SKU014,2025-08-28,444
SKU015,2025-08-28,214
SKU016,2025-08-28,208
SKU017,2025-08-28,502
SKU018,2025-08-28,1845
SKU019,2025-08-28,431
SKU020,2025-08-28,594
SKU021,2025-08-28,481
SKU022,2025-08-28,50
SKU023,2025-08-28,258
SKU024,2025-08-28,534
SKU025,2025-08-28,1502
SKU026,2025-08-28,1449
SKU027,2025-08-28,1109
SKU028,2025-08-28,613
SKU029,2025-08-28,1139
SKU030,2025-08-28,186
SKU031,2025-08-28,723
SKU032,2025-08-28,1228
SKU033,2025-08-28,876
SKU034,2025-08-28,740
SKU035,2025-08-28,406
SKU036,2025-08-28,724
SKU037,2025-08-28,319
SKU038,2025-08-28,693
SKU039,2025-08-28,521
SKU040,2025-08-28,1098
SKU041,2025-08-28,627
SKU042,2025-08-28,439
SKU043,2025-08-28,843
SKU044,2025-08-28,203
SKU045,2025-08-28,1904
SKU046,2025-08-28,112
SKU047,2025-08-28,941
SKU048,2025-08-28,548
SKU049,2025-08-28,246
SKU050,2025-08-28,742
SKU001,2025-08-29,47
SKU002,2025-08-29,1119
SKU003,2025-08-29,299
SKU004,2025-08-29,1130
SKU005,2025-08-29,196
SKU006,2025-08-29,654
SKU007,2025-08-29,1103
SKU008,2025-08-29,182
SKU009,2025-08-29,374
SKU010,2025-08-29,334
SKU011,2025-08-29,788
SKU012,2025-08-29,217
SKU013,2025-08-29,520
SKU014,2025-08-29,371
SKU015,2025-08-29,830
SKU016,2025-08-29,197
SKU017,2025-08-29,461
SKU018,2025-08-29,1725
SKU019,2025-08-29,407
SKU020,2025-08-29,492
SKU021,2025-08-29,415
SKU022,2025-08-29,29
SKU023,2025-08-29,965
SKU024,2025-08-29,482
SKU025,2025-08-29,1413
SKU026,2025-08-29,1332
SKU027,2025-08-29,1032
SKU028,2025-08-29,518
SKU029,2025-08-29,1031
SKU030,2025-08-29,150
SKU031,2025-08-29,585
SKU032,2025-08-29,1133
SKU033,2025-08-29,774
SKU034,2025-08-29,667
SKU035,2025-08-29,345
SKU036,2025-08-29,635
SKU037,2025-08-29,281
SKU038,2025-08-29,589
SKU039,2025-08-29,475
SKU040,2025-08-29,1008
SKU041,2025-08-29,554
SKU042,2025-08-29,346
SKU043,2025-08-29,778
SKU044,2025-08-29,169
SKU045,2025-08-29,1767
SKU046,2025-08-29,532
SKU047,2025-08-29,889
SKU048,2025-08-29,488
SKU049,2025-08-29,176
SKU050,2025-08-29,690
SKU001,2025-08-30,249
SKU002,2025-08-30,1064
SKU003,2025-08-30,1208
SKU004,2025-08-30,987
SKU005,2025-08-30,158
SKU006,2025-08-30,617
SKU007,2025-08-30,984
SKU008,2025-08-30,101
SKU009,2025-08-30,343
SKU010,2025-08-30,299
SKU011,2025-08-30,658
SKU012,2025-08-30,161
SKU013,2025-08-30,445
SKU014,2025-08-30,296
SKU015,2025-08-30,769
SKU016,2025-08-30,173
SKU017,2025-08-30,420
SKU018,2025-08-30,1610
SKU019,2025-08-30,367
SKU020,2025-08-30,410
SKU021,2025-08-30,342
SKU022,2025-08-30,8
SKU023,2025-08-30,889
SKU024,2025-08-30,405
SKU025,2025-08-30,1333
SKU026,2025-08-30,1229
SKU027,2025-08-30,960
SKU028,2025-08-30,1275
SKU029,2025-08-30,899
SKU030,2025-08-30,557
SKU031,2025-08-30,459
SKU032,2025-08-30,1047
SKU033,2025-08-30,686
SKU034,2025-08-30,604
SKU035,2025-08-30,290
SKU036,2025-08-30,555
SKU037,2025-08-30,242
SKU038,2025-08-30,492
SKU039,2025-08-30,427
SKU040,2025-08-30,905
SKU041,2025-08-30,492
SKU042,2025-08-30,1368
SKU043,2025-08-30,717
SKU044,2025-08-30,130
SKU045,2025-08-30,1679
SKU046,2025-08-30,493
SKU047,2025-08-30,798
SKU048,2025-08-30,425
SKU049,2025-08-30,128
SKU050,2025-08-30,621
SKU001,2025-08-31,236
SKU002,2025-08-31,1042
SKU003,2025-08-31,1126
SKU004,2025-08-31,960
SKU005,2025-08-31,130
SKU006,2025-08-31,598
SKU007,2025-08-31,926
SKU008,2025-08-31,1350
SKU009,2025-08-31,329
SKU010,2025-08-31,272
SKU011,2025-08-31,587
SKU012,2025-08-31,109
SKU013,2025-08-31,402
SKU014,2025-08-31,246
SKU015,2025-08-31,731
SKU016,2025-08-31,163
SKU017,2025-08-31,399
SKU018,2025-08-31,1533
SKU019,2025-08-31,349
SKU020,2025-08-31,338
SKU021,2025-08-31,295
SKU022,2025-08-31,0
SKU023,2025-08-31,863
SKU024,2025-08-31,385
SKU025,2025-08-31,1277
SKU026,2025-08-31,1141
SKU027,2025-08-31,914
SKU028,2025-08-31,1208
SKU029,2025-08-31,837
SKU030,2025-08-31,541
SKU031,2025-08-31,1536
SKU032,2025-08-31,984
SKU033,2025-08-31,636
SKU034,2025-08-31,574
SKU035,2025-08-31,267
SKU036,2025-08-31,489
SKU037,2025-08-31,219
SKU038,2025-08-31,409
SKU039,2025-08-31,397
SKU040,2025-08-31,839
SKU041,2025-08-31,426
SKU042,2025-08-31,1287
SKU043,2025-08-31,676
SKU044,2025-08-31,103
SKU045,2025-08-31,1609
SKU046,2025-08-31,468
SKU047,2025-08-31,740
SKU048,2025-08-31,388
SKU049,2025-08-31,102
SKU050,2025-08-31,589
SKU001,2025-09-01,224
SKU002,2025-09-01,991
SKU003,2025-09-01,1054
SKU004,2025-09-01,862
SKU005,2025-09-01,115
SKU006,2025-09-01,580
SKU007,2025-09-01,871
SKU008,2025-09-01,1315
SKU009,2025-09-01,311
SKU010,2025-09-01,252
SKU011,2025-09-01,528
SKU012,2025-09-01,69
SKU013,2025-09-01,355
SKU014,2025-09-01,202
SKU015,2025-09-01,712
SKU016,2025-09-01,153
SKU017,2025-09-01,376
SKU018,2025-09-01,1484
SKU019,2025-09-01,334
SKU020,2025-09-01,273
SKU021,2025-09-01,273
SKU022,2025-09-01,0
SKU023,2025-09-01,836
SKU024,2025-09-01,348
SKU025,2025-09-01,1225
SKU026,2025-09-01,1091
SKU027,2025-09-01,883
SKU028,2025-09-01,1139
SKU029,2025-09-01,778
SKU030,2025-09-01,528
SKU031,2025-09-01,1462
SKU032,2025-09-01,913
SKU033,2025-09-01,593
SKU034,2025-09-01,536
SKU035,2025-09-01,238
SKU036,2025-09-01,433
SKU037,2025-09-01,204
SKU038,2025-09-01,358
SKU039,2025-09-01,375
SKU040,2025-09-01,800
SKU041,2025-09-01,366
SKU042,2025-09-01,1256
SKU043,2025-09-01,640
SKU044,2025-09-01,86
SKU045,2025-09-01,1558
SKU046,2025-09-01,452
SKU047,2025-09-01,703
SKU048,2025-09-01,357
SKU049,2025-09-01,84
SKU050,2025-09-01,544
SKU001,2025-09-02,213
SKU002,2025-09-02,945
SKU003,2025-09-02,967
SKU004,2025-09-02,774
SKU005,2025-09-02,82
SKU006,2025-09-02,555
SKU007,2025-09-02,815
SKU008,2025-09-02,1252
SKU009,2025-09-02,295
SKU010,2025-09-02,236
SKU011,2025-09-02,438
SKU012,2025-09-02,605
SKU013,2025-09-02,314
SKU014,2025-09-02,782
SKU015,2025-09-02,691
SKU016,2025-09-02,140
SKU017,2025-09-02,352
SKU018,2025-09-02,1404
SKU019,2025-09-02,318
SKU020,2025-09-02,205
SKU021,2025-09-02,233
SKU022,2025-09-02,282
SKU023,2025-09-02,805
SKU024,2025-09-02,305
SKU025,2025-09-02,1185
SKU026,2025-09-02,1010
SKU027,2025-09-02,833
SKU028,2025-09-02,1074
SKU029,2025-09-02,721
SKU030,2025-09-02,506
SKU031,2025-09-02,1378
SKU032,2025-09-02,820
SKU033,2025-09-02,518
SKU034,2025-09-02,499
SKU035,2025-09-02,201
SKU036,2025-09-02,387
SKU037,2025-09-02,180
SKU038,2025-09-02,1602
SKU039,2025-09-02,344
SKU040,2025-09-02,738
SKU041,2025-09-02,317
SKU042,2025-09-02,1188
SKU043,2025-09-02,606
SKU044,2025-09-02,63
SKU045,2025-09-02,1513
SKU046,2025-09-02,422
SKU047,2025-09-02,661
SKU048,2025-09-02,317
SKU049,2025-09-02,513
SKU050,2025-09-02,486
SKU001,2025-09-03,194
SKU002,2025-09-03,895
SKU003,2025-09-03,895
SKU004,2025-09-03,689
SKU005,2025-09-03,567
SKU006,2025-09-03,526
SKU007,2025-09-03,742
SKU008,2025-09-03,1206
SKU009,2025-09-03,267
SKU010,2025-09-03,221
SKU011,2025-09-03,1980
SKU012,2025-09-03,565
SKU013,2025-09-03,288
SKU014,2025-09-03,720
SKU015,2025-09-03,661
SKU016,2025-09-03,126
SKU017,2025-09-03,325
SKU018,2025-09-03,1324
SKU019,2025-09-03,298
SKU020,2025-09-03,918
SKU021,2025-09-03,191
SKU022,2025-09-03,269
SKU023,2025-09-03,760
SKU024,2025-09-03,263
SKU025,2025-09-03,1114
SKU026,2025-09-03,948
SKU027,2025-09-03,790
SKU028,2025-09-03,1012
SKU029,2025-09-03,652
SKU030,2025-09-03,486
SKU031,2025-09-03,1285
SKU032,2025-09-03,755
SKU033,2025-09-03,429
SKU034,2025-09-03,461
SKU035,2025-09-03,165
SKU036,2025-09-03,330
SKU037,2025-09-03,152
SKU038,2025-09-03,1554
SKU039,2025-09-03,311
SKU040,2025-09-03,667
SKU041,2025-09-03,266
SKU042,2025-09-03,1095
SKU043,2025-09-03,563
SKU044,2025-09-03,37
SKU045,2025-09-03,1412
SKU046,2025-09-03,389
SKU047,2025-09-03,602
SKU048,2025-09-03,272
SKU049,2025-09-03,469
SKU050,2025-09-03,437
SKU001,2025-09-04,180
SKU002,2025-09-04,835
SKU003,2025-09-04,810
SKU004,2025-09-04,615
SKU005,2025-09-04,544
SKU006,2025-09-04,502
SKU007,2025-09-04,682
SKU008,2025-09-04,1167
SKU009,2025-09-04,241
SKU010,2025-09-04,198
SKU011,2025-09-04,1926
SKU012,2025-09-04,531
SKU013,2025-09-04,248
SKU014,2025-09-04,689
SKU015,2025-09-04,623
SKU016,2025-09-04,106
SKU017,2025-09-04,303
SKU018,2025-09-04,1253
SKU019,2025-09-04,290
SKU020,2025-09-04,862
SKU021,2025-09-04,650
SKU022,2025-09-04,255
SKU023,2025-09-04,726
SKU024,2025-09-04,211
SKU025,2025-09-04,1056
SKU026,2025-09-04,857
SKU027,2025-09-04,753
SKU028,2025-09-04,933
SKU029,2025-09-04,593
SKU030,2025-09-04,460
SKU031,2025-09-04,1235
SKU032,2025-09-04,667
SKU033,2025-09-04,376
SKU034,2025-09-04,415
SKU035,2025-09-04,121
SKU036,2025-09-04,260
SKU037,2025-09-04,129
SKU038,2025-09-04,1482
SKU039,2025-09-04,272
SKU040,2025-09-04,602
SKU041,2025-09-04,1889
SKU042,2025-09-04,1032
SKU043,2025-09-04,522
SKU044,2025-09-04,328
SKU045,2025-09-04,1336
SKU046,2025-09-04,373
SKU047,2025-09-04,559
SKU048,2025-09-04,1061
SKU049,2025-09-04,430
SKU050,2025-09-04,392
SKU001,2025-09-05,169
SKU002,2025-09-05,778
SKU003,2025-09-05,735
SKU004,2025-09-05,516
SKU005,2025-09-05,514
SKU006,2025-09-05,469
SKU007,2025-09-05,616
SKU008,2025-09-05,1107
SKU009,2025-09-05,220
SKU010,2025-09-05,177
SKU011,2025-09-05,1826
SKU012,2025-09-05,487
SKU013,2025-09-05,190
SKU014,2025-09-05,639
SKU015,2025-09-05,592
SKU016,2025-09-05,313
SKU017,2025-09-05,269
SKU018,2025-09-05,1173
SKU019,2025-09-05,267
SKU020,2025-09-05,766
SKU021,2025-09-05,609
SKU022,2025-09-05,240
SKU023,2025-09-05,687
SKU024,2025-09-05,1286
SKU025,2025-09-05,980
SKU026,2025-09-05,780
SKU027,2025-09-05,704
SKU028,2025-09-05,854
SKU029,2025-09-05,541
SKU030,2025-09-05,433
SKU031,2025-09-05,1159
SKU032,2025-09-05,590
SKU033,2025-09-05,1847
SKU034,2025-09-05,363
SKU035,2025-09-05,91
SKU036,2025-09-05,1288
SKU037,2025-09-05,107
SKU038,2025-09-05,1421
SKU039,2025-09-05,235
SKU040,2025-09-05,559
SKU041,2025-09-05,1831
SKU042,2025-09-05,957
SKU043,2025-09-05,483
SKU044,2025-09-05,306
SKU045,2025-09-05,1271
SKU046,2025-09-05,338
SKU047,2025-09-05,502
SKU048,2025-09-05,1013
SKU049,2025-09-05,412
SKU050,2025-09-05,354
SKU001,2025-09-06,151
SKU002,2025-09-06,723
SKU003,2025-09-06,634
SKU004,2025-09-06,428
SKU005,2025-09-06,487
SKU006,2025-09-06,437
SKU007,2025-09-06,538
SKU008,2025-09-06,1035
SKU009,2025-09-06,192
SKU010,2025-09-06,148
SKU011,2025-09-06,1737
SKU012,2025-09-06,447
SKU013,2025-09-06,137
SKU014,2025-09-06,580
SKU015,2025-09-06,560
SKU016,2025-09-06,295
SKU017,2025-09-06,232
SKU018,2025-09-06,1074
SKU019,2025-09-06,241
SKU020,2025-09-06,695
SKU021,2025-09-06,563
SKU022,2025-09-06,224
SKU023,2025-09-06,636
SKU024,2025-09-06,1243
SKU025,2025-09-06,904
SKU026,2025-09-06,699
SKU027,2025-09-06,662
SKU028,2025-09-06,775
SKU029,2025-09-06,480
SKU030,2025-09-06,405
SKU031,2025-09-06,1045
SKU032,2025-09-06,480
SKU033,2025-09-06,1781
SKU034,2025-09-06,322
SKU035,2025-09-06,589
SKU036,2025-09-06,1216
SKU037,2025-09-06,74
SKU038,2025-09-06,1338
SKU039,2025-09-06,201
SKU040,2025-09-06,468
SKU041,2025-09-06,1775
SKU042,2025-09-06,873
SKU043,2025-09-06,437
SKU044,2025-09-06,285
SKU045,2025-09-06,1168
SKU046,2025-09-06,302
SKU047,2025-09-06,443
SKU048,2025-09-06,973
SKU049,2025-09-06,376
SKU050,2025-09-06,310
SKU001,2025-09-07,138
SKU002,2025-09-07,679
SKU003,2025-09-07,564
SKU004,2025-09-07,378
SKU005,2025-09-07,470
SKU006,2025-09-07,419
SKU007,2025-09-07,486
SKU008,2025-09-07,986
SKU009,2025-09-07,179
SKU010,2025-09-07,134
SKU011,2025-09-07,1689
SKU012,2025-09-07,414
SKU013,2025-09-07,672
SKU014,2025-09-07,542
SKU015,2025-09-07,537
SKU016,2025-09-07,283
SKU017,2025-09-07,215
SKU018,2025-09-07,1006
SKU019,2025-09-07,225
SKU020,2025-09-07,665
SKU021,2025-09-07,522
SKU022,2025-09-07,209
SKU023,2025-09-07,609
SKU024,2025-09-07,1205
SKU025,2025-09-07,860
SKU026,2025-09-07,638
SKU027,2025-09-07,617
SKU028,2025-09-07,710
SKU029,2025-09-07,430
SKU030,2025-09-07,393
SKU031,2025-09-07,967
SKU032,2025-09-07,438
SKU033,2025-09-07,1749
SKU034,2025-09-07,300
SKU035,2025-09-07,560
SKU036,2025-09-07,1187
SKU037,2025-09-07,395
SKU038,2025-09-07,1280
SKU039,2025-09-07,177
SKU040,2025-09-07,426
SKU041,2025-09-07,1742
SKU042,2025-09-07,815
SKU043,2025-09-07,420
SKU044,2025-09-07,274
SKU045,2025-09-07,1094
SKU046,2025-09-07,280
SKU047,2025-09-07,404
SKU048,2025-09-07,940
SKU049,2025-09-07,342
SKU050,2025-09-07,289
SKU001,2025-09-08,124
SKU002,2025-09-08,658
SKU003,2025-09-08,515
SKU004,2025-09-08,309
SKU005,2025-09-08,451
SKU006,2025-09-08,398
SKU007,2025-09-08,437
SKU008,2025-09-08,941
SKU009,2025-09-08,168
SKU010,2025-09-08,114
SKU011,2025-09-08,1620
SKU012,2025-09-08,390
SKU013,2025-09-08,642
SKU014,2025-09-08,512
SKU015,2025-09-08,494
SKU016,2025-09-08,270
SKU017,2025-09-08,197
SKU018,2025-09-08,960
SKU019,2025-09-08,210
SKU020,2025-09-08,613
SKU021,2025-09-08,494
SKU022,2025-09-08,201
SKU023,2025-09-08,590
SKU024,2025-09-08,1162
SKU025,2025-09-08,784
SKU026,2025-09-08,573
SKU027,2025-09-08,576
SKU028,2025-09-08,645
SKU029,2025-09-08,1439
SKU030,2025-09-08,375
SKU031,2025-09-08,900
SKU032,2025-09-08,373
SKU033,2025-09-08,1692
SKU034,2025-09-08,868
SKU035,2025-09-08,534
SKU036,2025-09-08,1126
SKU037,2025-09-08,368
SKU038,2025-09-08,1229
SKU039,2025-09-08,158
SKU040,2025-09-08,2128
SKU041,2025-09-08,1714
SKU042,2025-09-08,777
SKU043,2025-09-08,377
SKU044,2025-09-08,259
SKU045,2025-09-08,1018
SKU046,2025-09-08,263
SKU047,2025-09-08,1384
SKU048,2025-09-08,903
SKU049,2025-09-08,325
SKU050,2025-09-08,256
SKU001,2025-09-09,105
SKU002,2025-09-09,614
SKU003,2025-09-09,446
SKU004,2025-09-09,1055
SKU005,2025-09-09,429
SKU006,2025-09-09,367
SKU007,2025-09-09,1309
SKU008,2025-09-09,890
SKU009,2025-09-09,148
SKU010,2025-09-09,95
SKU011,2025-09-09,1548
SKU012,2025-09-09,369
SKU013,2025-09-09,596
SKU014,2025-09-09,462
SKU015,2025-09-09,452
SKU016,2025-09-09,254
SKU017,2025-09-09,174
SKU018,2025-09-09,898
SKU019,2025-09-09,187
SKU020,2025-09-09,517
SKU021,2025-09-09,445
SKU022,2025-09-09,186
SKU023,2025-09-09,546
SKU024,2025-09-09,1134
SKU025,2025-09-09,736
SKU026,2025-09-09,1500
SKU027,2025-09-09,523
SKU028,2025-09-09,573
SKU029,2025-09-09,1343
SKU030,2025-09-09,348
SKU031,2025-09-09,823
SKU032,2025-09-09,1877
SKU033,2025-09-09,1643
SKU034,2025-09-09,813
SKU035,2025-09-09,509
SKU036,2025-09-09,1072
SKU037,2025-09-09,338
SKU038,2025-09-09,1148
SKU039,2025-09-09,759
SKU040,2025-09-09,2062
SKU041,2025-09-09,1683
SKU042,2025-09-09,710
SKU043,2025-09-09,338
SKU044,2025-09-09,242
SKU045,2025-09-09,938
SKU046,2025-09-09,239
SKU047,2025-09-09,1334
SKU048,2025-09-09,857
SKU049,2025-09-09,282
SKU050,2025-09-09,223
SKU001,2025-09-10,313
SKU002,2025-09-10,563
SKU003,2025-09-10,1515
SKU004,2025-09-10,978
SKU005,2025-09-10,403
SKU006,2025-09-10,337
SKU007,2025-09-10,1262
SKU008,2025-09-10,822
SKU009,2025-09-10,477
SKU010,2025-09-10,363
SKU011,2025-09-10,1456
SKU012,2025-09-10,335
SKU013,2025-09-10,563
SKU014,2025-09-10,413
SKU015,2025-09-10,411
SKU016,2025-09-10,239
SKU017,2025-09-10,761
SKU018,2025-09-10,802
SKU019,2025-09-10,169
SKU020,2025-09-10,459
SKU021,2025-09-10,411
SKU022,2025-09-10,174
SKU023,2025-09-10,504
SKU024,2025-09-10,1092
SKU025,2025-09-10,676
SKU026,2025-09-10,1433
SKU027,2025-09-10,491
SKU028,2025-09-10,499
SKU029,2025-09-10,1267
SKU030,2025-09-10,320
SKU031,2025-09-10,744
SKU032,2025-09-10,1810
SKU033,2025-09-10,1582
SKU034,2025-09-10,751
SKU035,2025-09-10,481
SKU036,2025-09-10,1007
SKU037,2025-09-10,313
SKU038,2025-09-10,1070
SKU039,2025-09-10,726
SKU040,2025-09-10,2025
SKU041,2025-09-10,1624
SKU042,2025-09-10,640
SKU043,2025-09-10,285
SKU044,2025-09-10,223
SKU045,2025-09-10,861
SKU046,2025-09-10,215
SKU047,2025-09-10,1262
SKU048,2025-09-10,797
SKU049,2025-09-10,948
SKU050,2025-09-10,168
SKU001,2025-09-11,295
SKU002,2025-09-11,513
SKU003,2025-09-11,1450
SKU004,2025-09-11,915
SKU005,2025-09-11,387
SKU006,2025-09-11,313
SKU007,2025-09-11,1210
SKU008,2025-09-11,759
SKU009,2025-09-11,454
SKU010,2025-09-11,339
SKU011,2025-09-11,1363
SKU012,2025-09-11,291
SKU013,2025-09-11,511
SKU014,2025-09-11,373
SKU015,2025-09-11,361
SKU016,2025-09-11,221
SKU017,2025-09-11,736
SKU018,2025-09-11,708
SKU019,2025-09-11,498
SKU020,2025-09-11,388
SKU021,2025-09-11,380
SKU022,2025-09-11,156
SKU023,2025-09-11,465
SKU024,2025-09-11,1045
SKU025,2025-09-11,619
SKU026,2025-09-11,1377
SKU027,2025-09-11,439
SKU028,2025-09-11,455
SKU029,2025-09-11,1204
SKU030,2025-09-11,294
SKU031,2025-09-11,636
SKU032,2025-09-11,1730
SKU033,2025-09-11,1521
SKU034,2025-09-11,705
SKU035,2025-09-11,454
SKU036,2025-09-11,917
SKU037,2025-09-11,290
SKU038,2025-09-11,997
SKU039,2025-09-11,700
SKU040,2025-09-11,1972
SKU041,2025-09-11,1582
SKU042,2025-09-11,555
SKU043,2025-09-11,249
SKU044,2025-09-11,209
SKU045,2025-09-11,782
SKU046,2025-09-11,186
SKU047,2025-09-11,1207
SKU048,2025-09-11,751
SKU049,2025-09-11,906
SKU050,2025-09-11,833
SKU001,2025-09-12,277
SKU002,2025-09-12,465
SKU003,2025-09-12,1362
SKU004,2025-09-12,849
SKU005,2025-09-12,361
SKU006,2025-09-12,289
SKU007,2025-09-12,1128
SKU008,2025-09-12,705
SKU009,2025-09-12,435
SKU010,2025-09-12,308
SKU011,2025-09-12,1273
SKU012,2025-09-12,254
SKU013,2025-09-12,483
SKU014,2025-09-12,320
SKU015,2025-09-12,317
SKU016,2025-09-12,210
SKU017,2025-09-12,707
SKU018,2025-09-12,611
SKU019,2025-09-12,478
SKU020,2025-09-12,322
SKU021,2025-09-12,324
SKU022,2025-09-12,138
SKU023,2025-09-12,434
SKU024,2025-09-12,991
SKU025,2025-09-12,545
SKU026,2025-09-12,1297
SKU027,2025-09-12,400
SKU028,2025-09-12,409
SKU029,2025-09-12,1138
SKU030,2025-09-12,275
SKU031,2025-09-12,534
SKU032,2025-09-12,1651
SKU033,2025-09-12,1451
SKU034,2025-09-12,665
SKU035,2025-09-12,423
SKU036,2025-09-12,849
SKU037,2025-09-12,263
SKU038,2025-09-12,909
SKU039,2025-09-12,654
SKU040,2025-09-12,1911
SKU041,2025-09-12,1526
SKU042,2025-09-12,471
SKU043,2025-09-12,213
SKU044,2025-09-12,189
SKU045,2025-09-12,690
SKU046,2025-09-12,161
SKU047,2025-09-12,1165
SKU048,2025-09-12,704
SKU049,2025-09-12,878
SKU050,2025-09-12,798
SKU001,2025-09-13,258
SKU002,2025-09-13,415
SKU003,2025-09-13,1272
SKU004,2025-09-13,794
SKU005,2025-09-13,330
SKU006,2025-09-13,260
SKU007,2025-09-13,1079
SKU008,2025-09-13,629
SKU009,2025-09-13,407
SKU010,2025-09-13,281
SKU011,2025-09-13,1165
SKU012,2025-09-13,868
SKU013,2025-09-13,433
SKU014,2025-09-13,263
SKU015,2025-09-13,272
SKU016,2025-09-13,199
SKU017,2025-09-13,684
SKU018,2025-09-13,507
SKU019,2025-09-13,457
SKU020,2025-09-13,1107
SKU021,2025-09-13,275
SKU022,2025-09-13,121
SKU023,2025-09-13,381
SKU024,2025-09-13,931
SKU025,2025-09-13,482
SKU026,2025-09-13,1234
SKU027,2025-09-13,341
SKU028,2025-09-13,349
SKU029,2025-09-13,1048
SKU030,2025-09-13,255
SKU031,2025-09-13,1608
SKU032,2025-09-13,1535
SKU033,2025-09-13,1391
SKU034,2025-09-13,599
SKU035,2025-09-13,384
SKU036,2025-09-13,773
SKU037,2025-09-13,230
SKU038,2025-09-13,850
SKU039,2025-09-13,627
SKU040,2025-09-13,1863
SKU041,2025-09-13,1466
SKU042,2025-09-13,407
SKU043,2025-09-13,151
SKU044,2025-09-13,165
SKU045,2025-09-13,595
SKU046,2025-09-13,134
SKU047,2025-09-13,1119
SKU048,2025-09-13,646
SKU049,2025-09-13,837
SKU050,2025-09-13,751
SKU001,2025-09-14,246
SKU002,2025-09-14,376
SKU003,2025-09-14,1229
SKU004,2025-09-14,754
SKU005,2025-09-14,316
SKU006,2025-09-14,239
SKU007,2025-09-14,1045
SKU008,2025-09-14,587
SKU009,2025-09-14,382
SKU010,2025-09-14,266
SKU011,2025-09-14,1126
SKU012,2025-09-14,850
SKU013,2025-09-14,399
SKU014,2025-09-14,236
SKU015,2025-09-14,255
SKU016,2025-09-14,189
SKU017,2025-09-14,666
SKU018,2025-09-14,443
SKU019,2025-09-14,444
SKU020,2025-09-14,1052
SKU021,2025-09-14,727
SKU022,2025-09-14,112
SKU023,2025-09-14,347
SKU024,2025-09-14,916
SKU025,2025-09-14,429
SKU026,2025-09-14,1171
SKU027,2025-09-14,925
SKU028,2025-09-14,299
SKU029,2025-09-14,1006
SKU030,2025-09-14,240
SKU031,2025-09-14,1544
SKU032,2025-09-14,1469
SKU033,2025-09-14,1349
SKU034,2025-09-14,562
SKU035,2025-09-14,362
SKU036,2025-09-14,755
SKU037,2025-09-14,214
SKU038,2025-09-14,806
SKU039,2025-09-14,611
SKU040,2025-09-14,1826
SKU041,2025-09-14,1425
SKU042,2025-09-14,1510
SKU043,2025-09-14,1266
SKU044,2025-09-14,152
SKU045,2025-09-14,547
SKU046,2025-09-14,577
SKU047,2025-09-14,1088
SKU048,2025-09-14,607
SKU049,2025-09-14,801
SKU050,2025-09-14,725
SKU001,2025-09-15,228
SKU002,2025-09-15,333
SKU003,2025-09-15,1115
SKU004,2025-09-15,684
SKU005,2025-09-15,291
SKU006,2025-09-15,221
SKU007,2025-09-15,987
SKU008,2025-09-15,536
SKU009,2025-09-15,363
SKU010,2025-09-15,236
SKU011,2025-09-15,1037
SKU012,2025-09-15,813
SKU013,2025-09-15,358
SKU014,2025-09-15,804
SKU015,2025-09-15,218
SKU016,2025-09-15,181
SKU017,2025-09-15,639
SKU018,2025-09-15,348
SKU019,2025-09-15,417
SKU020,2025-09-15,985
SKU021,2025-09-15,687
SKU022,2025-09-15,101
SKU023,2025-09-15,309
SKU024,2025-09-15,883
SKU025,2025-09-15,387
SKU026,2025-09-15,1101
SKU027,2025-09-15,869
SKU028,2025-09-15,217
SKU029,2025-09-15,932
SKU030,2025-09-15,217
SKU031,2025-09-15,1465
SKU032,2025-09-15,1374
SKU033,2025-09-15,1268
SKU034,2025-09-15,521
SKU035,2025-09-15,325
SKU036,2025-09-15,669
SKU037,2025-09-15,179
SKU038,2025-09-15,721
SKU039,2025-09-15,580
SKU040,2025-09-15,1770
SKU041,2025-09-15,1388
SKU042,2025-09-15,1420
SKU043,2025-09-15,1243
SKU044,2025-09-15,524
SKU045,2025-09-15,1820
SKU046,2025-09-15,550
SKU047,2025-09-15,1047
SKU048,2025-09-15,552
SKU049,2025-09-15,766
SKU050,2025-09-15,679
SKU001,2025-09-16,215
SKU002,2025-09-16,265
SKU003,2025-09-16,989
SKU004,2025-09-16,584
SKU005,2025-09-16,259
SKU006,2025-09-16,191
SKU007,2025-09-16,929
SKU008,2025-09-16,447
SKU009,2025-09-16,334
SKU010,2025-09-16,211
SKU011,2025-09-16,951
SKU012,2025-09-16,763
SKU013,2025-09-16,754
SKU014,2025-09-16,741
SKU015,2025-09-16,793
SKU016,2025-09-16,167
SKU017,2025-09-16,618
SKU018,2025-09-16,243
SKU019,2025-09-16,383
SKU020,2025-09-16,900
SKU021,2025-09-16,642
SKU022,2025-09-16,79
SKU023,2025-09-16,256
SKU024,2025-09-16,829
SKU025,2025-09-16,318
SKU026,2025-09-16,1007
SKU027,2025-09-16,793
SKU028,2025-09-16,1048
SKU029,2025-09-16,814
SKU030,2025-09-16,185
SKU031,2025-09-16,1374
SKU032,2025-09-16,1306
SKU033,2025-09-16,1195
SKU034,2025-09-16,460
SKU035,2025-09-16,288
SKU036,2025-09-16,600
SKU037,2025-09-16,143
SKU038,2025-09-16,626
SKU039,2025-09-16,546
SKU040,2025-09-16,1709
SKU041,2025-09-16,1322
SKU042,2025-09-16,1344
SKU043,2025-09-16,1197
SKU044,2025-09-16,497
SKU045,2025-09-16,1716
SKU046,2025-09-16,515
SKU047,2025-09-16,985
SKU048,2025-09-16,506
SKU049,2025-09-16,708
SKU050,2025-09-16,627
SKU001,2025-09-17,196
SKU002,2025-09-17,206
SKU003,2025-09-17,874
SKU004,2025-09-17,1871
SKU005,2025-09-17,221
SKU006,2025-09-17,161
SKU007,2025-09-17,816
SKU008,2025-09-17,385
SKU009,2025-09-17,315
SKU010,2025-09-17,176
SKU011,2025-09-17,861
SKU012,2025-09-17,695
SKU013,2025-09-17,696
SKU014,2025-09-17,675
SKU015,2025-09-17,735
SKU016,2025-09-17,156
SKU017,2025-09-17,586
SKU018,2025-09-17,1562
SKU019,2025-09-17,355
SKU020,2025-09-17,821
SKU021,2025-09-17,575
SKU022,2025-09-17,61
SKU023,2025-09-17,213
SKU024,2025-09-17,787
SKU025,2025-09-17,1471
SKU026,2025-09-17,900
SKU027,2025-09-17,736
SKU028,2025-09-17,949
SKU029,2025-09-17,711
SKU030,2025-09-17,155
SKU031,2025-09-17,1269
SKU032,2025-09-17,1222
SKU033,2025-09-17,1129
SKU034,2025-09-17,390
SKU035,2025-09-17,242
SKU036,2025-09-17,519
SKU037,2025-09-17,120
SKU038,2025-09-17,524
SKU039,2025-09-17,513
SKU040,2025-09-17,1645
SKU041,2025-09-17,1266
SKU042,2025-09-17,1282
SKU043,2025-09-17,1147
SKU044,2025-09-17,464
SKU045,2025-09-17,1635
SKU046,2025-09-17,478
SKU047,2025-09-17,910
SKU048,2025-09-17,459
SKU049,2025-09-17,659
SKU050,2025-09-17,565
SKU001,2025-09-18,180
SKU002,2025-09-18,908
SKU003,2025-09-18,782
SKU004,2025-09-18,1764
SKU005,2025-09-18,190
SKU006,2025-09-18,128
SKU007,2025-09-18,736
SKU008,2025-09-18,293
SKU009,2025-09-18,290
SKU010,2025-09-18,144
SKU011,2025-09-18,759
SKU012,2025-09-18,647
SKU013,2025-09-18,631
SKU014,2025-09-18,626
SKU015,2025-09-18,678
SKU016,2025-09-18,138
SKU017,2025-09-18,549
SKU018,2025-09-18,1464
SKU019,2025-09-18,328
SKU020,2025-09-18,738
SKU021,2025-09-18,528
SKU022,2025-09-18,44
SKU023,2025-09-18,164
SKU024,2025-09-18,744
SKU025,2025-09-18,1399
SKU026,2025-09-18,827
SKU027,2025-09-18,683
SKU028,2025-09-18,868
SKU029,2025-09-18,639
SKU030,2025-09-18,562
SKU031,2025-09-18,1206
SKU032,2025-09-18,1128
SKU033,2025-09-18,1068
SKU034,2025-09-18,322
SKU035,2025-09-18,567
SKU036,2025-09-18,440
SKU037,2025-09-18,86
SKU038,2025-09-18,444
SKU039,2025-09-18,473
SKU040,2025-09-18,1567
SKU041,2025-09-18,1207
SKU042,2025-09-18,1173
SKU043,2025-09-18,1108
SKU044,2025-09-18,429
SKU045,2025-09-18,1532
SKU046,2025-09-18,444
SKU047,2025-09-18,856
SKU048,2025-09-18,408
SKU049,2025-09-18,617
SKU050,2025-09-18,507
SKU001,2025-09-19,157
SKU002,2025-09-19,857
SKU003,2025-09-19,694
SKU004,2025-09-19,1672
SKU005,2025-09-19,159
SKU006,2025-09-19,97
SKU007,2025-09-19,651
SKU008,2025-09-19,218
SKU009,2025-09-19,264
SKU010,2025-09-19,114
SKU011,2025-09-19,645
SKU012,2025-09-19,599
SKU013,2025-09-19,565
SKU014,2025-09-19,549
SKU015,2025-09-19,619
SKU016,2025-09-19,120
SKU017,2025-09-19,505
SKU018,2025-09-19,1384
SKU019,2025-09-19,304
SKU020,2025-09-19,648
SKU021,2025-09-19,471
SKU022,2025-09-19,318
SKU023,2025-09-19,105
SKU024,2025-09-19,684
SKU025,2025-09-19,1322
SKU026,2025-09-19,734
SKU027,2025-09-19,604
SKU028,2025-09-19,774
SKU029,2025-09-19,563
SKU030,2025-09-19,538
SKU031,2025-09-19,1112
SKU032,2025-09-19,1004
SKU033,2025-09-19,973
SKU034,2025-09-19,262
SKU035,2025-09-19,529
SKU036,2025-09-19,366
SKU037,2025-09-19,49
SKU038,2025-09-19,2283
SKU039,2025-09-19,441
SKU040,2025-09-19,1502
SKU041,2025-09-19,1144
SKU042,2025-09-19,1103
SKU043,2025-09-19,1060
SKU044,2025-09-19,402
SKU045,2025-09-19,1403
SKU046,2025-09-19,409
SKU047,2025-09-19,788
SKU048,2025-09-19,341
SKU049,2025-09-19,564
SKU050,2025-09-19,447
SKU001,2025-09-20,132
SKU002,2025-09-20,796
SKU003,2025-09-20,575
SKU004,2025-09-20,1546
SKU005,2025-09-20,905
SKU006,2025-09-20,63
SKU007,2025-09-20,560
SKU008,2025-09-20,158
SKU009,2025-09-20,231
SKU010,2025-09-20,434
SKU011,2025-09-20,548
SKU012,2025-09-20,545
SKU013,2025-09-20,494
SKU014,2025-09-20,489
SKU015,2025-09-20,570
SKU016,2025-09-20,97
SKU017,2025-09-20,470
SKU018,2025-09-20,1272
SKU019,2025-09-20,278
SKU020,2025-09-20,563
SKU021,2025-09-20,426
SKU022,2025-09-20,300
SKU023,2025-09-20,43
SKU024,2025-09-20,609
SKU025,2025-09-20,1235
SKU026,2025-09-20,620
SKU027,2025-09-20,543
SKU028,2025-09-20,675
SKU029,2025-09-20,481
SKU030,2025-09-20,509
SKU031,2025-09-20,1001
SKU032,2025-09-20,870
SKU033,2025-09-20,891
SKU034,2025-09-20,202
SKU035,2025-09-20,477
SKU036,2025-09-20,270
SKU037,2025-09-20,9
SKU038,2025-09-20,2182
SKU039,2025-09-20,395
SKU040,2025-09-20,1423
SKU041,2025-09-20,1062
SKU042,2025-09-20,1022
SKU043,2025-09-20,1013
SKU044,2025-09-20,374
SKU045,2025-09-20,1276
SKU046,2025-09-20,388
SKU047,2025-09-20,714
SKU048,2025-09-20,275
SKU049,2025-09-20,508
SKU050,2025-09-20,388
SKU001,2025-09-21,117
SKU002,2025-09-21,757
SKU003,2025-09-21,509
SKU004,2025-09-21,1461
SKU005,2025-09-21,876
SKU006,2025-09-21,47
SKU007,2025-09-21,493
SKU008,2025-09-21,1485
SKU009,2025-09-21,216
SKU010,2025-09-21,419
SKU011,2025-09-21,491
SKU012,2025-09-21,508
SKU013,2025-09-21,469
SKU014,2025-09-21,458
SKU015,2025-09-21,528
SKU016,2025-09-21,84
SKU017,2025-09-21,445
SKU018,2025-09-21,1205
SKU019,2025-09-21,260
SKU020,2025-09-21,502
SKU021,2025-09-21,388
SKU022,2025-09-21,287
SKU023,2025-09-21,12
SKU024,2025-09-21,567
SKU025,2025-09-21,1201
SKU026,2025-09-21,545
SKU027,2025-09-21,493
SKU028,2025-09-21,618
SKU029,2025-09-21,420
SKU030,2025-09-21,487
SKU031,2025-09-21,926
SKU032,2025-09-21,799
SKU033,2025-09-21,836
SKU034,2025-09-21,167
SKU035,2025-09-21,450
SKU036,2025-09-21,244
SKU037,2025-09-21,286
SKU038,2025-09-21,2116
SKU039,2025-09-21,361
SKU040,2025-09-21,1371
SKU041,2025-09-21,1005
SKU042,2025-09-21,970
SKU043,2025-09-21,975
SKU044,2025-09-21,347
SKU045,2025-09-21,1222
SKU046,2025-09-21,368
SKU047,2025-09-21,680
SKU048,2025-09-21,219
SKU049,2025-09-21,473
SKU050,2025-09-21,356
SKU001,2025-09-22,104
SKU002,2025-09-22,727
SKU003,2025-09-22,443
SKU004,2025-09-22,1374
SKU005,2025-09-22,847
SKU006,2025-09-22,543
SKU007,2025-09-22,407
SKU008,2025-09-22,1411
SKU009,2025-09-22,191
SKU010,2025-09-22,397
SKU011,2025-09-22,375
SKU012,2025-09-22,466
SKU013,2025-09-22,430
SKU014,2025-09-22,398
SKU015,2025-09-22,489
SKU016,2025-09-22,67
SKU017,2025-09-22,417
SKU018,2025-09-22,1125
SKU019,2025-09-22,238
SKU020,2025-09-22,414
SKU021,2025-09-22,354
SKU022,2025-09-22,269
SKU023,2025-09-22,734
SKU024,2025-09-22,525
SKU025,2025-09-22,1138
SKU026,2025-09-22,1998
SKU027,2025-09-22,443
SKU028,2025-09-22,551
SKU029,2025-09-22,346
SKU030,2025-09-22,464
SKU031,2025-09-22,847
SKU032,2025-09-22,730
SKU033,2025-09-22,768
SKU034,2025-09-22,113
SKU035,2025-09-22,424
SKU036,2025-09-22,975
SKU037,2025-09-22,265
SKU038,2025-09-22,2080
SKU039,2025-09-22,333
SKU040,2025-09-22,1296
SKU041,2025-09-22,940
SKU042,2025-09-22,913
SKU043,2025-09-22,937
SKU044,2025-09-22,334
SKU045,2025-09-22,1154
SKU046,2025-09-22,345
SKU047,2025-09-22,626
SKU048,2025-09-22,169
SKU049,2025-09-22,423
SKU050,2025-09-22,328
SKU001,2025-09-23,79
SKU002,2025-09-23,672
SKU003,2025-09-23,1402
SKU004,2025-09-23,1303
SKU005,2025-09-23,815
SKU006,2025-09-23,514
SKU007,2025-09-23,330
SKU008,2025-09-23,1338
SKU009,2025-09-23,167
SKU010,2025-09-23,369
SKU011,2025-09-23,301
SKU012,2025-09-23,404
SKU013,2025-09-23,380
SKU014,2025-09-23,331
SKU015,2025-09-23,456
SKU016,2025-09-23,46
SKU017,2025-09-23,388
SKU018,2025-09-23,1015
SKU019,2025-09-23,214
SKU020,2025-09-23,318
SKU021,2025-09-23,304
SKU022,2025-09-23,250
SKU023,2025-09-23,692
SKU024,2025-09-23,458
SKU025,2025-09-23,1081
SKU026,2025-09-23,1886
SKU027,2025-09-23,378
SKU028,2025-09-23,467
SKU029,2025-09-23,267
SKU030,2025-09-23,434
SKU031,2025-09-23,757
SKU032,2025-09-23,633
SKU033,2025-09-23,698
SKU034,2025-09-23,63
SKU035,2025-09-23,379
SKU036,2025-09-23,899
SKU037,2025-09-23,228
SKU038,2025-09-23,2003
SKU039,2025-09-23,288
SKU040,2025-09-23,1225
SKU041,2025-09-23,865
SKU042,2025-09-23,815
SKU043,2025-09-23,877
SKU044,2025-09-23,305
SKU045,2025-09-23,1065
SKU046,2025-09-23,299
SKU047,2025-09-23,576
SKU048,2025-09-23,950
SKU049,2025-09-23,382
SKU050,2025-09-23,269
SKU001,2025-09-24,62
SKU002,2025-09-24,612
SKU003,2025-09-24,1308
SKU004,2025-09-24,1195
SKU005,2025-09-24,779
SKU006,2025-09-24,478
SKU007,2025-09-24,243
SKU008,2025-09-24,1253
SKU009,2025-09-24,144
SKU010,2025-09-24,333
SKU011,2025-09-24,1861
SKU012,2025-09-24,365
SKU013,2025-09-24,331
SKU014,2025-09-24,270
SKU015,2025-09-24,412
SKU016,2025-09-24,23
SKU017,2025-09-24,355
SKU018,2025-09-24,913
SKU019,2025-09-24,183
SKU020,2025-09-24,217
SKU021,2025-09-24,251
SKU022,2025-09-24,231
SKU023,2025-09-24,628
SKU024,2025-09-24,408
SKU025,2025-09-24,1012
SKU026,2025-09-24,1810
SKU027,2025-09-24,285
SKU028,2025-09-24,374
SKU029,2025-09-24,181
SKU030,2025-09-24,410
SKU031,2025-09-24,652
SKU032,2025-09-24,539
SKU033,2025-09-24,602
SKU034,2025-09-24,609
SKU035,2025-09-24,324
SKU036,2025-09-24,823
SKU037,2025-09-24,194
SKU038,2025-09-24,1911
SKU039,2025-09-24,236
SKU040,2025-09-24,1136
SKU041,2025-09-24,802
SKU042,2025-09-24,718
SKU043,2025-09-24,814
SKU044,2025-09-24,280
SKU045,2025-09-24,946
SKU046,2025-09-24,273
SKU047,2025-09-24,515
SKU048,2025-09-24,897
SKU049,2025-09-24,328
SKU050,2025-09-24,207
SKU001,2025-09-25,265
SKU002,2025-09-25,564
SKU003,2025-09-25,1183
SKU004,2025-09-25,1134
SKU005,2025-09-25,741
SKU006,2025-09-25,443
SKU007,2025-09-25,801
SKU008,2025-09-25,1192
SKU009,2025-09-25,110
SKU010,2025-09-25,308
SKU011,2025-09-25,1754
SKU012,2025-09-25,319
SKU013,2025-09-25,266
SKU014,2025-09-25,225
SKU015,2025-09-25,371
SKU016,2025-09-25,266
SKU017,2025-09-25,318
SKU018,2025-09-25,836
SKU019,2025-09-25,158
SKU020,2025-09-25,125
SKU021,2025-09-25,189
SKU022,2025-09-25,213
SKU023,2025-09-25,585
SKU024,2025-09-25,343
SKU025,2025-09-25,929
SKU026,2025-09-25,1714
SKU027,2025-09-25,224
SKU028,2025-09-25,288
SKU029,2025-09-25,74
SKU030,2025-09-25,375
SKU031,2025-09-25,553
SKU032,2025-09-25,437
SKU033,2025-09-25,541
SKU034,2025-09-25,547
SKU035,2025-09-25,274
SKU036,2025-09-25,741
SKU037,2025-09-25,168
SKU038,2025-09-25,1828
SKU039,2025-09-25,204
SKU040,2025-09-25,1064
SKU041,2025-09-25,736
SKU042,2025-09-25,641
SKU043,2025-09-25,763
SKU044,2025-09-25,253
SKU045,2025-09-25,830
SKU046,2025-09-25,237
SKU047,2025-09-25,434
SKU048,2025-09-25,837
SKU049,2025-09-25,281
SKU050,2025-09-25,161
SKU001,2025-09-26,242
SKU002,2025-09-26,504
SKU003,2025-09-26,1102
SKU004,2025-09-26,1039
SKU005,2025-09-26,707
SKU006,2025-09-26,403
SKU007,2025-09-26,718
SKU008,2025-09-26,1139
SKU009,2025-09-26,81
SKU010,2025-09-26,271
SKU011,2025-09-26,1676
SKU012,2025-09-26,273
SKU013,2025-09-26,210
SKU014,2025-09-26,172
SKU015,2025-09-26,319
SKU016,2025-09-26,244
SKU017,2025-09-26,287
SKU018,2025-09-26,750
SKU019,2025-09-26,133
SKU020,2025-09-26,884
SKU021,2025-09-26,138
SKU022,2025-09-26,193
SKU023,2025-09-26,523
SKU024,2025-09-26,287
SKU025,2025-09-26,883
SKU026,2025-09-26,1595
SKU027,2025-09-26,925
SKU028,2025-09-26,1066
SKU029,2025-09-26,859
SKU030,2025-09-26,348
SKU031,2025-09-26,445
SKU032,2025-09-26,348
SKU033,2025-09-26,485
SKU034,2025-09-26,469
SKU035,2025-09-26,234
SKU036,2025-09-26,659
SKU037,2025-09-26,140
SKU038,2025-09-26,1732
SKU039,2025-09-26,168
SKU040,2025-09-26,986
SKU041,2025-09-26,641
SKU042,2025-09-26,576
SKU043,2025-09-26,706
SKU044,2025-09-26,220
SKU045,2025-09-26,701
SKU046,2025-09-26,201
SKU047,2025-09-26,364
SKU048,2025-09-26,787
SKU049,2025-09-26,227
SKU050,2025-09-26,101
SKU001,2025-09-27,217
SKU002,2025-09-27,449
SKU003,2025-09-27,983
SKU004,2025-09-27,923
SKU005,2025-09-27,666
SKU006,2025-09-27,363
SKU007,2025-09-27,621
SKU008,2025-09-27,1058
SKU009,2025-09-27,47
SKU010,2025-09-27,237
SKU011,2025-09-27,1581
SKU012,2025-09-27,221
SKU013,2025-09-27,136
SKU014,2025-09-27,94
SKU015,2025-09-27,256
SKU016,2025-09-27,221
SKU017,2025-09-27,245
SKU018,2025-09-27,640
SKU019,2025-09-27,89
SKU020,2025-09-27,784
SKU021,2025-09-27,78
SKU022,2025-09-27,172
SKU023,2025-09-27,467
SKU024,2025-09-27,232
SKU025,2025-09-27,804
SKU026,2025-09-27,1476
SKU027,2025-09-27,843
SKU028,2025-09-27,935
SKU029,2025-09-27,757
SKU030,2025-09-27,319
SKU031,2025-09-27,1462
SKU032,2025-09-27,1574
SKU033,2025-09-27,402
SKU034,2025-09-27,397
SKU035,2025-09-27,191
SKU036,2025-09-27,582
SKU037,2025-09-27,102
SKU038,2025-09-27,1633
SKU039,2025-09-27,125
SKU040,2025-09-27,906
SKU041,2025-09-27,564
SKU042,2025-09-27,479
SKU043,2025-09-27,642
SKU044,2025-09-27,190
SKU045,2025-09-27,586
SKU046,2025-09-27,160
SKU047,2025-09-27,1499
SKU048,2025-09-27,716
SKU049,2025-09-27,167
SKU050,2025-09-27,43
SKU001,2025-09-28,200
SKU002,2025-09-28,406
SKU003,2025-09-28,881
SKU004,2025-09-28,858
SKU005,2025-09-28,637
SKU006,2025-09-28,341
SKU007,2025-09-28,561
SKU008,2025-09-28,1001
SKU009,2025-09-28,382
SKU010,2025-09-28,221
SKU011,2025-09-28,1516
SKU012,2025-09-28,196
SKU013,2025-09-28,97
SKU014,2025-09-28,683
SKU015,2025-09-28,215
SKU016,2025-09-28,206
SKU017,2025-09-28,222
SKU018,2025-09-28,575
SKU019,2025-09-28,77
SKU020,2025-09-28,723
SKU021,2025-09-28,41
SKU022,2025-09-28,152
SKU023,2025-09-28,435
SKU024,2025-09-28,190
SKU025,2025-09-28,754
SKU026,2025-09-28,1412
SKU027,2025-09-28,793
SKU028,2025-09-28,880
SKU029,2025-09-28,697
SKU030,2025-09-28,302
SKU031,2025-09-28,1393
SKU032,2025-09-28,1532
SKU033,2025-09-28,1595
SKU034,2025-09-28,366
SKU035,2025-09-28,170
SKU036,2025-09-28,556
SKU037,2025-09-28,87
SKU038,2025-09-28,1577
SKU039,2025-09-28,91
SKU040,2025-09-28,856
SKU041,2025-09-28,530
SKU042,2025-09-28,433
SKU043,2025-09-28,609
SKU044,2025-09-28,169
SKU045,2025-09-28,504
SKU046,2025-09-28,139
SKU047,2025-09-28,1451
SKU048,2025-09-28,676
SKU049,2025-09-28,130
SKU050,2025-09-28,612
SKU001,2025-09-29,181
SKU002,2025-09-29,362
SKU003,2025-09-29,830
SKU004,2025-09-29,785
SKU005,2025-09-29,608
SKU006,2025-09-29,310
SKU007,2025-09-29,493
SKU008,2025-09-29,944
SKU009,2025-09-29,355
SKU010,2025-09-29,198
SKU011,2025-09-29,1441
SKU012,2025-09-29,167
SKU013,2025-09-29,44
SKU014,2025-09-29,619
SKU015,2025-09-29,1006
SKU016,2025-09-29,190
SKU017,2025-09-29,194
SKU018,2025-09-29,514
SKU019,2025-09-29,52
SKU020,2025-09-29,648
SKU021,2025-09-29,529
SKU022,2025-09-29,136
SKU023,2025-09-29,394
SKU024,2025-09-29,138
SKU025,2025-09-29,680
SKU026,2025-09-29,1358
SKU027,2025-09-29,742
SKU028,2025-09-29,798
SKU029,2025-09-29,635
SKU030,2025-09-29,275
SKU031,2025-09-29,1337
SKU032,2025-09-29,1463
SKU033,2025-09-29,1526
SKU034,2025-09-29,325
SKU035,2025-09-29,147
SKU036,2025-09-29,516
SKU037,2025-09-29,62
SKU038,2025-09-29,1503
SKU039,2025-09-29,60
SKU040,2025-09-29,796
SKU041,2025-09-29,469
SKU042,2025-09-29,381
SKU043,2025-09-29,566
SKU044,2025-09-29,148
SKU045,2025-09-29,452
SKU046,2025-09-29,115
SKU047,2025-09-29,1406
SKU048,2025-09-29,641
SKU049,2025-09-29,82
SKU050,2025-09-29,564
SKU001,2025-09-30,161
SKU002,2025-09-30,301
SKU003,2025-09-30,724
SKU004,2025-09-30,703
SKU005,2025-09-30,584
SKU006,2025-09-30,274
SKU007,2025-09-30,413
SKU008,2025-09-30,861
SKU009,2025-09-30,328
SKU010,2025-09-30,175
SKU011,2025-09-30,1360
SKU012,2025-09-30,114
SKU013,2025-09-30,398
SKU014,2025-09-30,560
SKU015,2025-09-30,962
SKU016,2025-09-30,170
SKU017,2025-09-30,149
SKU018,2025-09-30,407
SKU019,2025-09-30,419
SKU020,2025-09-30,556
SKU021,2025-09-30,469
SKU022,2025-09-30,119
SKU023,2025-09-30,342
SKU024,2025-09-30,94
SKU025,2025-09-30,597
SKU026,2025-09-30,1264
SKU027,2025-09-30,681
SKU028,2025-09-30,725
SKU029,2025-09-30,555
SKU030,2025-09-30,250
SKU031,2025-09-30,1230
SKU032,2025-09-30,1371
SKU033,2025-09-30,1449
SKU034,2025-09-30,284
SKU035,2025-09-30,109
SKU036,2025-09-30,460
SKU037,2025-09-30,33
SKU038,2025-09-30,1401
SKU039,2025-09-30,664
SKU040,2025-09-30,728
SKU041,2025-09-30,407
SKU042,2025-09-30,1261
SKU043,2025-09-30,526
SKU044,2025-09-30,123
SKU045,2025-09-30,347
SKU046,2025-09-30,463
SKU047,2025-09-30,1333
SKU048,2025-09-30,572
SKU049,2025-09-30,35
SKU050,2025-09-30,514
